pdf_file,page_number,has_text_layer,extracted_char_count,sample_text,ocr_needed,reason,notes
059uap00011.pdf,1,true,1447,"COMFIDEMTIAL IUNCLASSI Fl ED CONFIDEN'flAL MRN: 01 MOSCOW 13169 Date/DTG: Oct 30, 2001 / 300000Z Oct 01 From: AMEMBASSY …",false,embedded text sufficient (1447 chars),"text layer present, OCR not needed"
059uap00011.pdf,2,true,2700,COt~FIDDHIAL IUNCLASSI FlED KIND CLASSIFIED BY POLMINCOUNS GEORGE KROL. REASON 1.5 (B/D). REF: (A) MOSCOW 13072 (B) TBIL…,false,embedded text sufficient (2700 chars),"text layer present, OCR not needed"
059uap00011.pdf,3,true,2414,"COt~FIDDHIAL IUNCLASSI Fl ED ANYONE,"" TEREOKEN ADDED THAT IT WAS POSSIBLE THAT ""ANY SIDE"" HAD SENT PLANES OVER KODORI. 4…",false,embedded text sufficient (2414 chars),"text layer present, OCR not needed"
059uap00011.pdf,4,true,1816,COt~FIDDHIAL IUNCLASSI Fl ED FM AMEMBASSY MOSCOW TO SECSTATE WASHDC PRIORITY 1143 INFO AMEMBASSY TBILISI PRIORITY USMISS…,false,embedded text sufficient (1816 chars),"text layer present, OCR not needed"
059uap00011.pdf,5,true,114,COt~FIDDHIAL INCLASSIFIED Dissemination Rule: Archive Copy OONFIDENTIJl!cL IUNCLASSI FlED COMFIDEMTIAL Page 5 of 5,false,embedded text sufficient (114 chars),"text layer present, OCR not needed"
059uap00012.pdf,1,true,1183,"UNCLASSIFIED Sitt, UNCLASSIFIED 9ffi:,"" UNCLASSIFIED Sitt, MRN: 04 ASHGABAT 1028 Date/DTG: Nov 12, 2004 / 1208512 NOV 04…",false,embedded text sufficient (1183 chars),"text layer present, OCR not needed"
059uap00012.pdf,2,true,2565,"UNCLASSIFIED Sitt, UFOiogists of Turkmenabat has established a reputation as a reliable NGO partner for a variety of act…",false,embedded text sufficient (2565 chars),"text layer present, OCR not needed"
059uap00012.pdf,3,true,2187,"UNCLASSIFIED Sitt, activities from sport, to youth, to business consulting. The Union has over 1000 members including so…",false,embedded text sufficient (2187 chars),"text layer present, OCR not needed"
059uap00012.pdf,4,true,1613,"UNCLASSIFIED Sitt, 10. ~ USAID was presented with a grant proposal by the UOU for a $30k grant for printing equipment fo…",false,embedded text sufficient (1613 chars),"text layer present, OCR not needed"
059uap00012.pdf,5,true,87,"UNCLASSIFIED Sitt, UNCLASSIFIED 9ffi:,"" Released in Full UNCLASSIFIED Sitt, Page 5 of 5",false,embedded text sufficient (87 chars),"text layer present, OCR not needed"
059uap00013.pdf,1,true,1282,"UNCLASSIFIED UNCLASSIFIED set! MRN: 23 MEXICO 2544 Date/DTG: Sep 16, 2023 / 160150Z SEP 23 From: AMEMBASSY MEXICO Action…",false,embedded text sufficient (1282 chars),"text layer present, OCR not needed"
059uap00013.pdf,2,true,2609,"UNCLASSIFIED process, alleging irregularities. On September 10, Sonora Governor and MORENA National Council President Al…",false,embedded text sufficient (2609 chars),"text layer present, OCR not needed"
059uap00013.pdf,3,true,2292,"UNCLASSIFIED example the auditing commission, tasked with reviewing party expenditures), the pro-MORENA bloc still does …",false,embedded text sufficient (2292 chars),"text layer present, OCR not needed"
059uap00013.pdf,4,true,2402,UNCLASSIFIED ~ Former MORENA Senate Leader Ricardo Monreal Will Not Run for Mexico City Head of Government 7. ~ After fi…,false,embedded text sufficient (2402 chars),"text layer present, OCR not needed"
059uap00013.pdf,5,true,2561,UNCLASSIFIED recently appointed Guerrero state attorney general's office (FGE) regional prosecutor for the Tierra Calien…,false,embedded text sufficient (2561 chars),"text layer present, OCR not needed"
059uap00013.pdf,6,true,756,"UNCLASSIFIED the hearing, Graves lamented the display took away from his and other pilots' experiences with UAP and expr…",false,embedded text sufficient (756 chars),"text layer present, OCR not needed"
059uap00013.pdf,7,true,564,"UNCLASSIFIED Released By: Info: XMT: MEXICO:Moreno, Sergio A NATIONAL SECURITY COUNCIL WASHINGTON DC Routine; WHITE HOUS…",false,embedded text sufficient (564 chars),"text layer present, OCR not needed"
18_100754_ general 1946-7_vol_2.pdf,1,false,0,,true,no extractable text found on this page,no text layer; OCR required
18_100754_ general 1946-7_vol_2.pdf,2,false,0,,true,no extractable text found on this page,no text layer; OCR required
18_100754_ general 1946-7_vol_2.pdf,3,false,0,,true,no extractable text found on this page,no text layer; OCR required
18_100754_ general 1946-7_vol_2.pdf,4,false,0,,true,no extractable text found on this page,no text layer; OCR required
18_100754_ general 1946-7_vol_2.pdf,5,false,0,,true,no extractable text found on this page,no text layer; OCR required
18_100754_ general 1946-7_vol_2.pdf,6,false,0,,true,no extractable text found on this page,no text layer; OCR required
18_100754_ general 1946-7_vol_2.pdf,7,false,0,,true,no extractable text found on this page,no text layer; OCR required
18_100754_ general 1946-7_vol_2.pdf,8,false,0,,true,no extractable text found on this page,no text layer; OCR required
18_100754_ general 1946-7_vol_2.pdf,9,false,0,,true,no extractable text found on this page,no text layer; OCR required
18_100754_ general 1946-7_vol_2.pdf,10,false,0,,true,no extractable text found on this page,no text layer; OCR required
18_100754_ general 1946-7_vol_2.pdf,11,false,0,,true,no extractable text found on this page,no text layer; OCR required
18_100754_ general 1946-7_vol_2.pdf,12,false,0,,true,no extractable text found on this page,no text layer; OCR required
18_100754_ general 1946-7_vol_2.pdf,13,false,0,,true,no extractable text found on this page,no text layer; OCR required
18_100754_ general 1946-7_vol_2.pdf,14,false,0,,true,no extractable text found on this page,no text layer; OCR required
18_100754_ general 1946-7_vol_2.pdf,15,false,0,,true,no extractable text found on this page,no text layer; OCR required
18_100754_ general 1946-7_vol_2.pdf,16,false,0,,true,no extractable text found on this page,no text layer; OCR required
18_100754_ general 1946-7_vol_2.pdf,17,false,0,,true,no extractable text found on this page,no text layer; OCR required
18_100754_ general 1946-7_vol_2.pdf,18,false,0,,true,no extractable text found on this page,no text layer; OCR required
18_100754_ general 1946-7_vol_2.pdf,19,false,0,,true,no extractable text found on this page,no text layer; OCR required
18_100754_ general 1946-7_vol_2.pdf,20,false,0,,true,no extractable text found on this page,no text layer; OCR required
18_100754_ general 1946-7_vol_2.pdf,21,false,0,,true,no extractable text found on this page,no text layer; OCR required
18_100754_ general 1946-7_vol_2.pdf,22,false,0,,true,no extractable text found on this page,no text layer; OCR required
18_100754_ general 1946-7_vol_2.pdf,23,false,0,,true,no extractable text found on this page,no text layer; OCR required
18_100754_ general 1946-7_vol_2.pdf,24,false,0,,true,no extractable text found on this page,no text layer; OCR required
18_100754_ general 1946-7_vol_2.pdf,25,false,0,,true,no extractable text found on this page,no text layer; OCR required
18_100754_ general 1946-7_vol_2.pdf,26,false,0,,true,no extractable text found on this page,no text layer; OCR required
18_100754_ general 1946-7_vol_2.pdf,27,false,0,,true,no extractable text found on this page,no text layer; OCR required
18_100754_ general 1946-7_vol_2.pdf,28,false,0,,true,no extractable text found on this page,no text layer; OCR required
18_6369445_general_1948_vol_1.pdf,1,false,0,,true,no extractable text found on this page,no text layer; OCR required
18_6369445_general_1948_vol_1.pdf,2,false,0,,true,no extractable text found on this page,no text layer; OCR required
18_6369445_general_1948_vol_1.pdf,3,false,0,,true,no extractable text found on this page,no text layer; OCR required
18_6369445_general_1948_vol_1.pdf,4,false,0,,true,no extractable text found on this page,no text layer; OCR required
18_6369445_general_1948_vol_1.pdf,5,false,0,,true,no extractable text found on this page,no text layer; OCR required
18_6369445_general_1948_vol_1.pdf,6,false,0,,true,no extractable text found on this page,no text layer; OCR required
18_6369445_general_1948_vol_1.pdf,7,false,0,,true,no extractable text found on this page,no text layer; OCR required
18_6369445_general_1948_vol_1.pdf,8,false,0,,true,no extractable text found on this page,no text layer; OCR required
18_6369445_general_1948_vol_1.pdf,9,false,0,,true,no extractable text found on this page,no text layer; OCR required
18_6369445_general_1948_vol_1.pdf,10,false,0,,true,no extractable text found on this page,no text layer; OCR required
18_6369445_general_1948_vol_1.pdf,11,false,0,,true,no extractable text found on this page,no text layer; OCR required
18_6369445_general_1948_vol_1.pdf,12,false,0,,true,no extractable text found on this page,no text layer; OCR required
18_6369445_general_1948_vol_1.pdf,13,false,0,,true,no extractable text found on this page,no text layer; OCR required
18_6369445_general_1948_vol_1.pdf,14,false,0,,true,no extractable text found on this page,no text layer; OCR required
18_6369445_general_1948_vol_1.pdf,15,false,0,,true,no extractable text found on this page,no text layer; OCR required
18_6369445_general_1948_vol_1.pdf,16,false,0,,true,no extractable text found on this page,no text layer; OCR required
18_6369445_general_1948_vol_1.pdf,17,false,0,,true,no extractable text found on this page,no text layer; OCR required
18_6369445_general_1948_vol_1.pdf,18,false,0,,true,no extractable text found on this page,no text layer; OCR required
18_6369445_general_1948_vol_1.pdf,19,false,0,,true,no extractable text found on this page,no text layer; OCR required
18_6369445_general_1948_vol_1.pdf,20,false,0,,true,no extractable text found on this page,no text layer; OCR required
18_6369445_general_1948_vol_1.pdf,21,false,0,,true,no extractable text found on this page,no text layer; OCR required
18_6369445_general_1948_vol_1.pdf,22,false,0,,true,no extractable text found on this page,no text layer; OCR required
18_6369445_general_1948_vol_1.pdf,23,false,0,,true,no extractable text found on this page,no text layer; OCR required
18_6369445_general_1948_vol_1.pdf,24,false,0,,true,no extractable text found on this page,no text layer; OCR required
18_6369445_general_1948_vol_1.pdf,25,false,0,,true,no extractable text found on this page,no text layer; OCR required
18_6369445_general_1948_vol_1.pdf,26,false,0,,true,no extractable text found on this page,no text layer; OCR required
18_6369445_general_1948_vol_1.pdf,27,false,0,,true,no extractable text found on this page,no text layer; OCR required
18_6369445_general_1948_vol_1.pdf,28,false,0,,true,no extractable text found on this page,no text layer; OCR required
2024-04-30-composite-sketch.pdf,1,false,0,,true,no extractable text found on this page,no text layer; OCR required
255_413270_ufo's_and_defense_what_should_we_prepare_for.pdf,1,false,0,,true,no extractable text found on this page,no text layer; OCR required
255_413270_ufo's_and_defense_what_should_we_prepare_for.pdf,2,false,0,,true,no extractable text found on this page,no text layer; OCR required
255_413270_ufo's_and_defense_what_should_we_prepare_for.pdf,3,false,0,,true,no extractable text found on this page,no text layer; OCR required
255_413270_ufo's_and_defense_what_should_we_prepare_for.pdf,4,false,0,,true,no extractable text found on this page,no text layer; OCR required
255_413270_ufo's_and_defense_what_should_we_prepare_for.pdf,5,false,0,,true,no extractable text found on this page,no text layer; OCR required
255_413270_ufo's_and_defense_what_should_we_prepare_for.pdf,6,false,0,,true,no extractable text found on this page,no text layer; OCR required
255_413270_ufo's_and_defense_what_should_we_prepare_for.pdf,7,false,0,,true,no extractable text found on this page,no text layer; OCR required
255_413270_ufo's_and_defense_what_should_we_prepare_for.pdf,8,false,0,,true,no extractable text found on this page,no text layer; OCR required
255_413270_ufo's_and_defense_what_should_we_prepare_for.pdf,9,false,0,,true,no extractable text found on this page,no text layer; OCR required
255_413270_ufo's_and_defense_what_should_we_prepare_for.pdf,10,false,0,,true,no extractable text found on this page,no text layer; OCR required
255_413270_ufo's_and_defense_what_should_we_prepare_for.pdf,11,false,0,,true,no extractable text found on this page,no text layer; OCR required
255_413270_ufo's_and_defense_what_should_we_prepare_for.pdf,12,false,0,,true,no extractable text found on this page,no text layer; OCR required
255_413270_ufo's_and_defense_what_should_we_prepare_for.pdf,13,false,0,,true,no extractable text found on this page,no text layer; OCR required
255_413270_ufo's_and_defense_what_should_we_prepare_for.pdf,14,false,0,,true,no extractable text found on this page,no text layer; OCR required
255_413270_ufo's_and_defense_what_should_we_prepare_for.pdf,15,false,0,,true,no extractable text found on this page,no text layer; OCR required
255_413270_ufo's_and_defense_what_should_we_prepare_for.pdf,16,false,0,,true,no extractable text found on this page,no text layer; OCR required
255_413270_ufo's_and_defense_what_should_we_prepare_for.pdf,17,false,0,,true,no extractable text found on this page,no text layer; OCR required
255_413270_ufo's_and_defense_what_should_we_prepare_for.pdf,18,false,0,,true,no extractable text found on this page,no text layer; OCR required
255_413270_ufo's_and_defense_what_should_we_prepare_for.pdf,19,false,0,,true,no extractable text found on this page,no text layer; OCR required
255_413270_ufo's_and_defense_what_should_we_prepare_for.pdf,20,false,0,,true,no extractable text found on this page,no text layer; OCR required
255_413270_ufo's_and_defense_what_should_we_prepare_for.pdf,21,false,0,,true,no extractable text found on this page,no text layer; OCR required
255_413270_ufo's_and_defense_what_should_we_prepare_for.pdf,22,false,0,,true,no extractable text found on this page,no text layer; OCR required
255_413270_ufo's_and_defense_what_should_we_prepare_for.pdf,23,false,0,,true,no extractable text found on this page,no text layer; OCR required
255_413270_ufo's_and_defense_what_should_we_prepare_for.pdf,24,false,0,,true,no extractable text found on this page,no text layer; OCR required
255_413270_ufo's_and_defense_what_should_we_prepare_for.pdf,25,false,0,,true,no extractable text found on this page,no text layer; OCR required
255_413270_ufo's_and_defense_what_should_we_prepare_for.pdf,26,false,0,,true,no extractable text found on this page,no text layer; OCR required
255_413270_ufo's_and_defense_what_should_we_prepare_for.pdf,27,false,0,,true,no extractable text found on this page,no text layer; OCR required
255_413270_ufo's_and_defense_what_should_we_prepare_for.pdf,28,false,0,,true,no extractable text found on this page,no text layer; OCR required
255_413270_ufo's_and_defense_what_should_we_prepare_for.pdf,29,false,0,,true,no extractable text found on this page,no text layer; OCR required
255_413270_ufo's_and_defense_what_should_we_prepare_for.pdf,30,false,0,,true,no extractable text found on this page,no text layer; OCR required
255_413270_ufo's_and_defense_what_should_we_prepare_for.pdf,31,false,0,,true,no extractable text found on this page,no text layer; OCR required
255_413270_ufo's_and_defense_what_should_we_prepare_for.pdf,32,false,0,,true,no extractable text found on this page,no text layer; OCR required
255_413270_ufo's_and_defense_what_should_we_prepare_for.pdf,33,false,0,,true,no extractable text found on this page,no text layer; OCR required
255_413270_ufo's_and_defense_what_should_we_prepare_for.pdf,34,false,0,,true,no extractable text found on this page,no text layer; OCR required
255_413270_ufo's_and_defense_what_should_we_prepare_for.pdf,35,false,0,,true,no extractable text found on this page,no text layer; OCR required
255_413270_ufo's_and_defense_what_should_we_prepare_for.pdf,36,false,0,,true,no extractable text found on this page,no text layer; OCR required
255_413270_ufo's_and_defense_what_should_we_prepare_for.pdf,37,false,0,,true,no extractable text found on this page,no text layer; OCR required
255_413270_ufo's_and_defense_what_should_we_prepare_for.pdf,38,false,0,,true,no extractable text found on this page,no text layer; OCR required
255_413270_ufo's_and_defense_what_should_we_prepare_for.pdf,39,false,0,,true,no extractable text found on this page,no text layer; OCR required
255_413270_ufo's_and_defense_what_should_we_prepare_for.pdf,40,false,0,,true,no extractable text found on this page,no text layer; OCR required
255_413270_ufo's_and_defense_what_should_we_prepare_for.pdf,41,false,0,,true,no extractable text found on this page,no text layer; OCR required
255_413270_ufo's_and_defense_what_should_we_prepare_for.pdf,42,false,0,,true,no extractable text found on this page,no text layer; OCR required
255_413270_ufo's_and_defense_what_should_we_prepare_for.pdf,43,false,0,,true,no extractable text found on this page,no text layer; OCR required
255_413270_ufo's_and_defense_what_should_we_prepare_for.pdf,44,false,0,,true,no extractable text found on this page,no text layer; OCR required
255_413270_ufo's_and_defense_what_should_we_prepare_for.pdf,45,false,0,,true,no extractable text found on this page,no text layer; OCR required
255_413270_ufo's_and_defense_what_should_we_prepare_for.pdf,46,false,0,,true,no extractable text found on this page,no text layer; OCR required
255_413270_ufo's_and_defense_what_should_we_prepare_for.pdf,47,false,0,,true,no extractable text found on this page,no text layer; OCR required
255_413270_ufo's_and_defense_what_should_we_prepare_for.pdf,48,false,0,,true,no extractable text found on this page,no text layer; OCR required
255_413270_ufo's_and_defense_what_should_we_prepare_for.pdf,49,false,0,,true,no extractable text found on this page,no text layer; OCR required
255_413270_ufo's_and_defense_what_should_we_prepare_for.pdf,50,false,0,,true,no extractable text found on this page,no text layer; OCR required
255_413270_ufo's_and_defense_what_should_we_prepare_for.pdf,51,false,0,,true,no extractable text found on this page,no text layer; OCR required
255_413270_ufo's_and_defense_what_should_we_prepare_for.pdf,52,false,0,,true,no extractable text found on this page,no text layer; OCR required
255_413270_ufo's_and_defense_what_should_we_prepare_for.pdf,53,false,0,,true,no extractable text found on this page,no text layer; OCR required
255_413270_ufo's_and_defense_what_should_we_prepare_for.pdf,54,false,0,,true,no extractable text found on this page,no text layer; OCR required
255_413270_ufo's_and_defense_what_should_we_prepare_for.pdf,55,false,0,,true,no extractable text found on this page,no text layer; OCR required
255_413270_ufo's_and_defense_what_should_we_prepare_for.pdf,56,false,0,,true,no extractable text found on this page,no text layer; OCR required
255_413270_ufo's_and_defense_what_should_we_prepare_for.pdf,57,false,0,,true,no extractable text found on this page,no text layer; OCR required
255_413270_ufo's_and_defense_what_should_we_prepare_for.pdf,58,false,0,,true,no extractable text found on this page,no text layer; OCR required
255_413270_ufo's_and_defense_what_should_we_prepare_for.pdf,59,false,0,,true,no extractable text found on this page,no text layer; OCR required
255_413270_ufo's_and_defense_what_should_we_prepare_for.pdf,60,false,0,,true,no extractable text found on this page,no text layer; OCR required
255_413270_ufo's_and_defense_what_should_we_prepare_for.pdf,61,false,0,,true,no extractable text found on this page,no text layer; OCR required
255_413270_ufo's_and_defense_what_should_we_prepare_for.pdf,62,false,0,,true,no extractable text found on this page,no text layer; OCR required
255_413270_ufo's_and_defense_what_should_we_prepare_for.pdf,63,false,0,,true,no extractable text found on this page,no text layer; OCR required
255_413270_ufo's_and_defense_what_should_we_prepare_for.pdf,64,false,0,,true,no extractable text found on this page,no text layer; OCR required
255_413270_ufo's_and_defense_what_should_we_prepare_for.pdf,65,false,0,,true,no extractable text found on this page,no text layer; OCR required
255_413270_ufo's_and_defense_what_should_we_prepare_for.pdf,66,false,0,,true,no extractable text found on this page,no text layer; OCR required
255_413270_ufo's_and_defense_what_should_we_prepare_for.pdf,67,false,0,,true,no extractable text found on this page,no text layer; OCR required
255_413270_ufo's_and_defense_what_should_we_prepare_for.pdf,68,false,0,,true,no extractable text found on this page,no text layer; OCR required
255_413270_ufo's_and_defense_what_should_we_prepare_for.pdf,69,false,0,,true,no extractable text found on this page,no text layer; OCR required
255_413270_ufo's_and_defense_what_should_we_prepare_for.pdf,70,false,0,,true,no extractable text found on this page,no text layer; OCR required
255_413270_ufo's_and_defense_what_should_we_prepare_for.pdf,71,false,0,,true,no extractable text found on this page,no text layer; OCR required
255_413270_ufo's_and_defense_what_should_we_prepare_for.pdf,72,false,0,,true,no extractable text found on this page,no text layer; OCR required
255_413270_ufo's_and_defense_what_should_we_prepare_for.pdf,73,false,0,,true,no extractable text found on this page,no text layer; OCR required
255_413270_ufo's_and_defense_what_should_we_prepare_for.pdf,74,false,0,,true,no extractable text found on this page,no text layer; OCR required
255_413270_ufo's_and_defense_what_should_we_prepare_for.pdf,75,false,0,,true,no extractable text found on this page,no text layer; OCR required
255_413270_ufo's_and_defense_what_should_we_prepare_for.pdf,76,false,0,,true,no extractable text found on this page,no text layer; OCR required
255_413270_ufo's_and_defense_what_should_we_prepare_for.pdf,77,false,0,,true,no extractable text found on this page,no text layer; OCR required
255_413270_ufo's_and_defense_what_should_we_prepare_for.pdf,78,false,0,,true,no extractable text found on this page,no text layer; OCR required
255_413270_ufo's_and_defense_what_should_we_prepare_for.pdf,79,false,0,,true,no extractable text found on this page,no text layer; OCR required
255_413270_ufo's_and_defense_what_should_we_prepare_for.pdf,80,false,0,,true,no extractable text found on this page,no text layer; OCR required
255_413270_ufo's_and_defense_what_should_we_prepare_for.pdf,81,false,0,,true,no extractable text found on this page,no text layer; OCR required
255_413270_ufo's_and_defense_what_should_we_prepare_for.pdf,82,false,0,,true,no extractable text found on this page,no text layer; OCR required
255_413270_ufo's_and_defense_what_should_we_prepare_for.pdf,83,false,0,,true,no extractable text found on this page,no text layer; OCR required
255_413270_ufo's_and_defense_what_should_we_prepare_for.pdf,84,false,0,,true,no extractable text found on this page,no text layer; OCR required
255_413270_ufo's_and_defense_what_should_we_prepare_for.pdf,85,false,0,,true,no extractable text found on this page,no text layer; OCR required
255_413270_ufo's_and_defense_what_should_we_prepare_for.pdf,86,false,0,,true,no extractable text found on this page,no text layer; OCR required
255_413270_ufo's_and_defense_what_should_we_prepare_for.pdf,87,false,0,,true,no extractable text found on this page,no text layer; OCR required
255_413270_ufo's_and_defense_what_should_we_prepare_for.pdf,88,false,0,,true,no extractable text found on this page,no text layer; OCR required
255_413270_ufo's_and_defense_what_should_we_prepare_for.pdf,89,false,0,,true,no extractable text found on this page,no text layer; OCR required
255_413270_ufo's_and_defense_what_should_we_prepare_for.pdf,90,false,0,,true,no extractable text found on this page,no text layer; OCR required
255_413270_ufo's_and_defense_what_should_we_prepare_for.pdf,91,false,0,,true,no extractable text found on this page,no text layer; OCR required
255_413270_ufo's_and_defense_what_should_we_prepare_for.pdf,92,false,0,,true,no extractable text found on this page,no text layer; OCR required
255_413270_ufo's_and_defense_what_should_we_prepare_for.pdf,93,false,0,,true,no extractable text found on this page,no text layer; OCR required
255_413270_ufo's_and_defense_what_should_we_prepare_for.pdf,94,false,0,,true,no extractable text found on this page,no text layer; OCR required
255_t_763_r1b_transcripts.pdf,1,false,0,,true,no extractable text found on this page,no text layer; OCR required
255_t_763_r1b_transcripts.pdf,2,false,0,,true,no extractable text found on this page,no text layer; OCR required
255_t_763_r1b_transcripts.pdf,3,false,0,,true,no extractable text found on this page,no text layer; OCR required
255_t_763_r1b_transcripts.pdf,4,false,0,,true,no extractable text found on this page,no text layer; OCR required
331_120752_numeric_files_1944–1945_37153_german_armament_equipment_documents.pdf,1,false,0,,true,no extractable text found on this page,no text layer; OCR required
331_120752_numeric_files_1944–1945_37153_german_armament_equipment_documents.pdf,2,false,0,,true,no extractable text found on this page,no text layer; OCR required
331_120752_numeric_files_1944–1945_37153_german_armament_equipment_documents.pdf,3,false,0,,true,no extractable text found on this page,no text layer; OCR required
331_120752_numeric_files_1944–1945_37153_german_armament_equipment_documents.pdf,4,false,0,,true,no extractable text found on this page,no text layer; OCR required
331_120752_numeric_files_1944–1945_37153_german_armament_equipment_documents.pdf,5,false,0,,true,no extractable text found on this page,no text layer; OCR required
331_120752_numeric_files_1944–1945_37153_german_armament_equipment_documents.pdf,6,false,0,,true,no extractable text found on this page,no text layer; OCR required
331_120752_numeric_files_1944–1945_37153_german_armament_equipment_documents.pdf,7,false,0,,true,no extractable text found on this page,no text layer; OCR required
331_120752_numeric_files_1944–1945_37153_german_armament_equipment_documents.pdf,8,false,0,,true,no extractable text found on this page,no text layer; OCR required
331_120752_numeric_files_1944–1945_37153_german_armament_equipment_documents.pdf,9,false,0,,true,no extractable text found on this page,no text layer; OCR required
331_120752_numeric_files_1944–1945_37153_german_armament_equipment_documents.pdf,10,false,0,,true,no extractable text found on this page,no text layer; OCR required
331_120752_numeric_files_1944–1945_37153_german_armament_equipment_documents.pdf,11,false,0,,true,no extractable text found on this page,no text layer; OCR required
331_120752_numeric_files_1944–1945_37153_german_armament_equipment_documents.pdf,12,false,0,,true,no extractable text found on this page,no text layer; OCR required
331_120752_numeric_files_1944–1945_37153_german_armament_equipment_documents.pdf,13,false,0,,true,no extractable text found on this page,no text layer; OCR required
331_120752_numeric_files_1944–1945_37153_german_armament_equipment_documents.pdf,14,false,0,,true,no extractable text found on this page,no text layer; OCR required
331_120752_numeric_files_1944–1945_37153_german_armament_equipment_documents.pdf,15,false,0,,true,no extractable text found on this page,no text layer; OCR required
331_120752_numeric_files_1944–1945_37153_german_armament_equipment_documents.pdf,16,false,0,,true,no extractable text found on this page,no text layer; OCR required
331_120752_numeric_files_1944–1945_37153_german_armament_equipment_documents.pdf,17,false,0,,true,no extractable text found on this page,no text layer; OCR required
341_110448_records_relating_to_the_collection_and_dissemination_of_intelligence_1948-1955-ts_cont_no.2_2-5300-2-5399.pdf,1,false,0,,true,no extractable text found on this page,no text layer; OCR required
341_110448_records_relating_to_the_collection_and_dissemination_of_intelligence_1948-1955-ts_cont_no.2_2-5300-2-5399.pdf,2,false,0,,true,no extractable text found on this page,no text layer; OCR required
341_110448_records_relating_to_the_collection_and_dissemination_of_intelligence_1948-1955-ts_cont_no.2_2-5300-2-5399.pdf,3,false,0,,true,no extractable text found on this page,no text layer; OCR required
341_110448_records_relating_to_the_collection_and_dissemination_of_intelligence_1948-1955-ts_cont_no.2_2-5300-2-5399.pdf,4,false,0,,true,no extractable text found on this page,no text layer; OCR required
341_110448_records_relating_to_the_collection_and_dissemination_of_intelligence_1948-1955-ts_cont_no.2_2-5300-2-5399.pdf,5,false,0,,true,no extractable text found on this page,no text layer; OCR required
341_110448_records_relating_to_the_collection_and_dissemination_of_intelligence_1948-1955-ts_cont_no.2_2-5300-2-5399.pdf,6,false,0,,true,no extractable text found on this page,no text layer; OCR required
341_110448_records_relating_to_the_collection_and_dissemination_of_intelligence_1948-1955-ts_cont_no.2_2-5300-2-5399.pdf,7,false,0,,true,no extractable text found on this page,no text layer; OCR required
341_110677_numerical_file_5-2500.pdf,1,false,0,,true,no extractable text found on this page,no text layer; OCR required
341_110677_numerical_file_5-2500.pdf,2,false,0,,true,no extractable text found on this page,no text layer; OCR required
341_110677_numerical_file_5-2500.pdf,3,false,0,,true,no extractable text found on this page,no text layer; OCR required
341_110677_numerical_file_5-2500.pdf,4,false,0,,true,no extractable text found on this page,no text layer; OCR required
341_110677_numerical_file_5-2500.pdf,5,false,0,,true,no extractable text found on this page,no text layer; OCR required
341_110677_numerical_file_5-2500.pdf,6,false,0,,true,no extractable text found on this page,no text layer; OCR required
341_110677_numerical_file_5-2500.pdf,7,false,0,,true,no extractable text found on this page,no text layer; OCR required
341_110677_numerical_file_5-2500.pdf,8,false,0,,true,no extractable text found on this page,no text layer; OCR required
341_110677_numerical_file_5-2500.pdf,9,false,0,,true,no extractable text found on this page,no text layer; OCR required
341_110677_numerical_file_5-2500.pdf,10,false,0,,true,no extractable text found on this page,no text layer; OCR required
342_hs1-416511228_box186_319.1-flying-discs-1949.pdf,1,partial,32,Authority: DECLASSIFIED NW 91020,true,only 32 chars extracted — possibly page number or header only,"partial text layer detected; may be page numbers, stamps, or OCR artifacts"
342_hs1-416511228_box186_319.1-flying-discs-1949.pdf,2,false,0,,true,no extractable text found on this page,no text layer; OCR required
342_hs1-416511228_box186_319.1-flying-discs-1949.pdf,3,false,0,,true,no extractable text found on this page,no text layer; OCR required
342_hs1-416511228_box186_319.1-flying-discs-1949.pdf,4,false,0,,true,no extractable text found on this page,no text layer; OCR required
342_hs1-416511228_box186_319.1-flying-discs-1949.pdf,5,false,0,,true,no extractable text found on this page,no text layer; OCR required
342_hs1-416511228_box186_319.1-flying-discs-1949.pdf,6,false,0,,true,no extractable text found on this page,no text layer; OCR required
342_hs1-416511228_box186_319.1-flying-discs-1949.pdf,7,false,0,,true,no extractable text found on this page,no text layer; OCR required
342_hs1-416511228_box186_319.1-flying-discs-1949.pdf,8,false,0,,true,no extractable text found on this page,no text layer; OCR required
342_hs1-416511228_box186_319.1-flying-discs-1949.pdf,9,false,0,,true,no extractable text found on this page,no text layer; OCR required
342_hs1-416511228_box186_319.1-flying-discs-1949.pdf,10,false,0,,true,no extractable text found on this page,no text layer; OCR required
342_hs1-416511228_box186_319.1-flying-discs-1949.pdf,11,false,0,,true,no extractable text found on this page,no text layer; OCR required
342_hs1-416511228_box186_319.1-flying-discs-1949.pdf,12,false,0,,true,no extractable text found on this page,no text layer; OCR required
342_hs1-416511228_box186_319.1-flying-discs-1949.pdf,13,false,0,,true,no extractable text found on this page,no text layer; OCR required
342_hs1-416511228_box186_319.1-flying-discs-1949.pdf,14,false,0,,true,no extractable text found on this page,no text layer; OCR required
342_hs1-416511228_box186_319.1-flying-discs-1949.pdf,15,false,0,,true,no extractable text found on this page,no text layer; OCR required
342_hs1-416511228_box186_319.1-flying-discs-1949.pdf,16,false,0,,true,no extractable text found on this page,no text layer; OCR required
342_hs1-416511228_box186_319.1-flying-discs-1949.pdf,17,false,0,,true,no extractable text found on this page,no text layer; OCR required
342_hs1-416511228_box186_319.1-flying-discs-1949.pdf,18,false,0,,true,no extractable text found on this page,no text layer; OCR required
342_hs1-416511228_box186_319.1-flying-discs-1949.pdf,19,false,0,,true,no extractable text found on this page,no text layer; OCR required
342_hs1-416511228_box186_319.1-flying-discs-1949.pdf,20,false,0,,true,no extractable text found on this page,no text layer; OCR required
342_hs1-416511228_box186_319.1-flying-discs-1949.pdf,21,false,0,,true,no extractable text found on this page,no text layer; OCR required
342_hs1-416511228_box186_319.1-flying-discs-1949.pdf,22,false,0,,true,no extractable text found on this page,no text layer; OCR required
342_hs1-416511228_box186_319.1-flying-discs-1949.pdf,23,false,0,,true,no extractable text found on this page,no text layer; OCR required
342_hs1-416511228_box186_319.1-flying-discs-1949.pdf,24,false,0,,true,no extractable text found on this page,no text layer; OCR required
342_hs1-416511228_box186_319.1-flying-discs-1949.pdf,25,false,0,,true,no extractable text found on this page,no text layer; OCR required
342_hs1-416511228_box186_319.1-flying-discs-1949.pdf,26,false,0,,true,no extractable text found on this page,no text layer; OCR required
342_hs1-416511228_box186_319.1-flying-discs-1949.pdf,27,false,0,,true,no extractable text found on this page,no text layer; OCR required
342_hs1-416511228_box186_319.1-flying-discs-1949.pdf,28,false,0,,true,no extractable text found on this page,no text layer; OCR required
342_hs1-416511228_box186_319.1-flying-discs-1949.pdf,29,false,0,,true,no extractable text found on this page,no text layer; OCR required
342_hs1-416511228_box186_319.1-flying-discs-1949.pdf,30,false,0,,true,no extractable text found on this page,no text layer; OCR required
342_hs1-416511228_box186_319.1-flying-discs-1949.pdf,31,false,0,,true,no extractable text found on this page,no text layer; OCR required
342_hs1-416511228_box186_319.1-flying-discs-1949.pdf,32,false,0,,true,no extractable text found on this page,no text layer; OCR required
342_hs1-416511228_box186_319.1-flying-discs-1949.pdf,33,false,0,,true,no extractable text found on this page,no text layer; OCR required
342_hs1-416511228_box186_319.1-flying-discs-1949.pdf,34,false,0,,true,no extractable text found on this page,no text layer; OCR required
342_hs1-416511228_box186_319.1-flying-discs-1949.pdf,35,false,0,,true,no extractable text found on this page,no text layer; OCR required
342_hs1-416511228_box186_319.1-flying-discs-1949.pdf,36,false,0,,true,no extractable text found on this page,no text layer; OCR required
342_hs1-416511228_box186_319.1-flying-discs-1949.pdf,37,false,0,,true,no extractable text found on this page,no text layer; OCR required
342_hs1-416511228_box186_319.1-flying-discs-1949.pdf,38,false,0,,true,no extractable text found on this page,no text layer; OCR required
342_hs1-416511228_box186_319.1-flying-discs-1949.pdf,39,false,0,,true,no extractable text found on this page,no text layer; OCR required
342_hs1-416511228_box186_319.1-flying-discs-1949.pdf,40,false,0,,true,no extractable text found on this page,no text layer; OCR required
342_hs1-416511228_box186_319.1-flying-discs-1949.pdf,41,false,0,,true,no extractable text found on this page,no text layer; OCR required
342_hs1-416511228_box186_319.1-flying-discs-1949.pdf,42,false,0,,true,no extractable text found on this page,no text layer; OCR required
342_hs1-416511228_box186_319.1-flying-discs-1949.pdf,43,false,0,,true,no extractable text found on this page,no text layer; OCR required
342_hs1-416511228_box186_319.1-flying-discs-1949.pdf,44,false,0,,true,no extractable text found on this page,no text layer; OCR required
342_hs1-416511228_box186_319.1-flying-discs-1949.pdf,45,false,0,,true,no extractable text found on this page,no text layer; OCR required
342_hs1-416511228_box186_319.1-flying-discs-1949.pdf,46,false,0,,true,no extractable text found on this page,no text layer; OCR required
342_hs1-416511228_box186_319.1-flying-discs-1949.pdf,47,false,0,,true,no extractable text found on this page,no text layer; OCR required
342_hs1-416511228_box186_319.1-flying-discs-1949.pdf,48,false,0,,true,no extractable text found on this page,no text layer; OCR required
342_hs1-416511228_box186_319.1-flying-discs-1949.pdf,49,false,0,,true,no extractable text found on this page,no text layer; OCR required
342_hs1-416511228_box186_319.1-flying-discs-1949.pdf,50,false,0,,true,no extractable text found on this page,no text layer; OCR required
342_hs1-416511228_box186_319.1-flying-discs-1949.pdf,51,false,0,,true,no extractable text found on this page,no text layer; OCR required
342_hs1-416511228_box186_319.1-flying-discs-1949.pdf,52,false,0,,true,no extractable text found on this page,no text layer; OCR required
342_hs1-416511228_box186_319.1-flying-discs-1949.pdf,53,false,0,,true,no extractable text found on this page,no text layer; OCR required
342_hs1-416511228_box186_319.1-flying-discs-1949.pdf,54,false,0,,true,no extractable text found on this page,no text layer; OCR required
342_hs1-416511228_box186_319.1-flying-discs-1949.pdf,55,false,0,,true,no extractable text found on this page,no text layer; OCR required
342_hs1-416511228_box186_319.1-flying-discs-1949.pdf,56,false,0,,true,no extractable text found on this page,no text layer; OCR required
342_hs1-416511228_box186_319.1-flying-discs-1949.pdf,57,false,0,,true,no extractable text found on this page,no text layer; OCR required
342_hs1-416511228_box186_319.1-flying-discs-1949.pdf,58,false,0,,true,no extractable text found on this page,no text layer; OCR required
342_hs1-416511228_box186_319.1-flying-discs-1949.pdf,59,false,0,,true,no extractable text found on this page,no text layer; OCR required
342_hs1-416511228_box186_319.1-flying-discs-1949.pdf,60,false,0,,true,no extractable text found on this page,no text layer; OCR required
342_hs1-416511228_box186_319.1-flying-discs-1949.pdf,61,false,0,,true,no extractable text found on this page,no text layer; OCR required
342_hs1-416511228_box186_319.1-flying-discs-1949.pdf,62,false,0,,true,no extractable text found on this page,no text layer; OCR required
342_hs1-416511228_box186_319.1-flying-discs-1949.pdf,63,false,0,,true,no extractable text found on this page,no text layer; OCR required
342_hs1-416511228_box186_319.1-flying-discs-1949.pdf,64,false,0,,true,no extractable text found on this page,no text layer; OCR required
342_hs1-416511228_box186_319.1-flying-discs-1949.pdf,65,false,0,,true,no extractable text found on this page,no text layer; OCR required
342_hs1-416511228_box186_319.1-flying-discs-1949.pdf,66,false,0,,true,no extractable text found on this page,no text layer; OCR required
342_hs1-416511228_box186_319.1-flying-discs-1949.pdf,67,false,0,,true,no extractable text found on this page,no text layer; OCR required
342_hs1-416511228_box186_319.1-flying-discs-1949.pdf,68,false,0,,true,no extractable text found on this page,no text layer; OCR required
342_hs1-416511228_box186_319.1-flying-discs-1949.pdf,69,false,0,,true,no extractable text found on this page,no text layer; OCR required
342_hs1-416511228_box186_319.1-flying-discs-1949.pdf,70,false,0,,true,no extractable text found on this page,no text layer; OCR required
342_hs1-416511228_box186_319.1-flying-discs-1949.pdf,71,false,0,,true,no extractable text found on this page,no text layer; OCR required
342_hs1-416511228_box186_319.1-flying-discs-1949.pdf,72,false,0,,true,no extractable text found on this page,no text layer; OCR required
342_hs1-416511228_box186_319.1-flying-discs-1949.pdf,73,false,0,,true,no extractable text found on this page,no text layer; OCR required
342_hs1-416511228_box186_319.1-flying-discs-1949.pdf,74,false,0,,true,no extractable text found on this page,no text layer; OCR required
342_hs1-416511228_box186_319.1-flying-discs-1949.pdf,75,false,0,,true,no extractable text found on this page,no text layer; OCR required
342_hs1-416511228_box186_319.1-flying-discs-1949.pdf,76,false,0,,true,no extractable text found on this page,no text layer; OCR required
342_hs1-416511228_box186_319.1-flying-discs-1949.pdf,77,false,0,,true,no extractable text found on this page,no text layer; OCR required
342_hs1-416511228_box186_319.1-flying-discs-1949.pdf,78,false,0,,true,no extractable text found on this page,no text layer; OCR required
342_hs1-416511228_box186_319.1-flying-discs-1949.pdf,79,false,0,,true,no extractable text found on this page,no text layer; OCR required
342_hs1-416511228_box186_319.1-flying-discs-1949.pdf,80,false,0,,true,no extractable text found on this page,no text layer; OCR required
342_hs1-416511228_box186_319.1-flying-discs-1949.pdf,81,false,0,,true,no extractable text found on this page,no text layer; OCR required
342_hs1-416511228_box186_319.1-flying-discs-1949.pdf,82,false,0,,true,no extractable text found on this page,no text layer; OCR required
342_hs1-416511228_box186_319.1-flying-discs-1949.pdf,83,false,0,,true,no extractable text found on this page,no text layer; OCR required
342_hs1-416511228_box186_319.1-flying-discs-1949.pdf,84,false,0,,true,no extractable text found on this page,no text layer; OCR required
342_hs1-416511228_box186_319.1-flying-discs-1949.pdf,85,false,0,,true,no extractable text found on this page,no text layer; OCR required
342_hs1-416511228_box186_319.1-flying-discs-1949.pdf,86,false,0,,true,no extractable text found on this page,no text layer; OCR required
342_hs1-416511228_box186_319.1-flying-discs-1949.pdf,87,false,0,,true,no extractable text found on this page,no text layer; OCR required
342_hs1-416511228_box186_319.1-flying-discs-1949.pdf,88,false,0,,true,no extractable text found on this page,no text layer; OCR required
342_hs1-416511228_box186_319.1-flying-discs-1949.pdf,89,false,0,,true,no extractable text found on this page,no text layer; OCR required
342_hs1-416511228_box186_319.1-flying-discs-1949.pdf,90,false,0,,true,no extractable text found on this page,no text layer; OCR required
342_hs1-416511228_box186_319.1-flying-discs-1949.pdf,91,false,0,,true,no extractable text found on this page,no text layer; OCR required
342_hs1-416511228_box186_319.1-flying-discs-1949.pdf,92,false,0,,true,no extractable text found on this page,no text layer; OCR required
342_hs1-416511228_box186_319.1-flying-discs-1949.pdf,93,false,0,,true,no extractable text found on this page,no text layer; OCR required
342_hs1-416511228_box186_319.1-flying-discs-1949.pdf,94,false,0,,true,no extractable text found on this page,no text layer; OCR required
342_hs1-416511228_box186_319.1-flying-discs-1949.pdf,95,false,0,,true,no extractable text found on this page,no text layer; OCR required
342_hs1-416511228_box186_319.1-flying-discs-1949.pdf,96,false,0,,true,no extractable text found on this page,no text layer; OCR required
342_hs1-416511228_box186_319.1-flying-discs-1949.pdf,97,false,0,,true,no extractable text found on this page,no text layer; OCR required
342_hs1-416511228_box186_319.1-flying-discs-1949.pdf,98,false,0,,true,no extractable text found on this page,no text layer; OCR required
342_hs1-416511228_box186_319.1-flying-discs-1949.pdf,99,false,0,,true,no extractable text found on this page,no text layer; OCR required
342_hs1-416511228_box186_319.1-flying-discs-1949.pdf,100,false,0,,true,no extractable text found on this page,no text layer; OCR required
342_hs1-416511228_box186_319.1-flying-discs-1949.pdf,101,false,0,,true,no extractable text found on this page,no text layer; OCR required
342_hs1-416511228_box186_319.1-flying-discs-1949.pdf,102,false,0,,true,no extractable text found on this page,no text layer; OCR required
342_hs1-416511228_box186_319.1-flying-discs-1949.pdf,103,false,0,,true,no extractable text found on this page,no text layer; OCR required
342_hs1-416511228_box186_319.1-flying-discs-1949.pdf,104,false,0,,true,no extractable text found on this page,no text layer; OCR required
342_hs1-416511228_box186_319.1-flying-discs-1949.pdf,105,false,0,,true,no extractable text found on this page,no text layer; OCR required
342_hs1-416511228_box186_319.1-flying-discs-1949.pdf,106,false,0,,true,no extractable text found on this page,no text layer; OCR required
342_hs1-416511228_box186_319.1-flying-discs-1949.pdf,107,false,0,,true,no extractable text found on this page,no text layer; OCR required
342_hs1-416511228_box186_319.1-flying-discs-1949.pdf,108,false,0,,true,no extractable text found on this page,no text layer; OCR required
342_hs1-416511228_box186_319.1-flying-discs-1949.pdf,109,false,0,,true,no extractable text found on this page,no text layer; OCR required
342_hs1-416511228_box186_319.1-flying-discs-1949.pdf,110,false,0,,true,no extractable text found on this page,no text layer; OCR required
342_hs1-416511228_box186_319.1-flying-discs-1949.pdf,111,false,0,,true,no extractable text found on this page,no text layer; OCR required
342_hs1-416511228_box186_319.1-flying-discs-1949.pdf,112,false,0,,true,no extractable text found on this page,no text layer; OCR required
342_hs1-416511228_box186_319.1-flying-discs-1949.pdf,113,false,0,,true,no extractable text found on this page,no text layer; OCR required
342_hs1-416511228_box186_319.1-flying-discs-1949.pdf,114,false,0,,true,no extractable text found on this page,no text layer; OCR required
342_hs1-416511228_box186_319.1-flying-discs-1949.pdf,115,false,0,,true,no extractable text found on this page,no text layer; OCR required
342_hs1-416511228_box186_319.1-flying-discs-1949.pdf,116,false,0,,true,no extractable text found on this page,no text layer; OCR required
342_hs1-416511228_box186_319.1-flying-discs-1949.pdf,117,false,0,,true,no extractable text found on this page,no text layer; OCR required
342_hs1-416511228_box186_319.1-flying-discs-1949.pdf,118,false,0,,true,no extractable text found on this page,no text layer; OCR required
342_hs1-416511228_box186_319.1-flying-discs-1949.pdf,119,false,0,,true,no extractable text found on this page,no text layer; OCR required
342_hs1-416511228_box186_319.1-flying-discs-1949.pdf,120,false,0,,true,no extractable text found on this page,no text layer; OCR required
342_hs1-416511228_box186_319.1-flying-discs-1949.pdf,121,false,0,,true,no extractable text found on this page,no text layer; OCR required
342_hs1-416511228_box186_319.1-flying-discs-1949.pdf,122,false,0,,true,no extractable text found on this page,no text layer; OCR required
342_hs1-416511228_box186_319.1-flying-discs-1949.pdf,123,false,0,,true,no extractable text found on this page,no text layer; OCR required
342_hs1-416511228_box186_319.1-flying-discs-1949.pdf,124,false,0,,true,no extractable text found on this page,no text layer; OCR required
342_hs1-416511228_box186_319.1-flying-discs-1949.pdf,125,false,0,,true,no extractable text found on this page,no text layer; OCR required
342_hs1-416511228_box186_319.1-flying-discs-1949.pdf,126,false,0,,true,no extractable text found on this page,no text layer; OCR required
342_hs1-416511228_box186_319.1-flying-discs-1949.pdf,127,false,0,,true,no extractable text found on this page,no text layer; OCR required
342_hs1-416511228_box186_319.1-flying-discs-1949.pdf,128,false,0,,true,no extractable text found on this page,no text layer; OCR required
342_hs1-416511228_box186_319.1-flying-discs-1949.pdf,129,false,0,,true,no extractable text found on this page,no text layer; OCR required
342_hs1-416511228_box186_319.1-flying-discs-1949.pdf,130,false,0,,true,no extractable text found on this page,no text layer; OCR required
342_hs1-416511228_box186_319.1-flying-discs-1949.pdf,131,false,0,,true,no extractable text found on this page,no text layer; OCR required
342_hs1-416511228_box186_319.1-flying-discs-1949.pdf,132,false,0,,true,no extractable text found on this page,no text layer; OCR required
342_hs1-416511228_box186_319.1-flying-discs-1949.pdf,133,false,0,,true,no extractable text found on this page,no text layer; OCR required
342_hs1-416511228_box186_319.1-flying-discs-1949.pdf,134,false,0,,true,no extractable text found on this page,no text layer; OCR required
342_hs1-416511228_box186_319.1-flying-discs-1949.pdf,135,false,0,,true,no extractable text found on this page,no text layer; OCR required
342_hs1-416511228_box186_319.1-flying-discs-1949.pdf,136,false,0,,true,no extractable text found on this page,no text layer; OCR required
342_hs1-416511228_box186_319.1-flying-discs-1949.pdf,137,false,0,,true,no extractable text found on this page,no text layer; OCR required
342_hs1-416511228_box186_319.1-flying-discs-1949.pdf,138,false,0,,true,no extractable text found on this page,no text layer; OCR required
342_hs1-416511228_box186_319.1-flying-discs-1949.pdf,139,false,0,,true,no extractable text found on this page,no text layer; OCR required
342_hs1-416511228_box186_319.1-flying-discs-1949.pdf,140,false,0,,true,no extractable text found on this page,no text layer; OCR required
342_hs1-416511228_box186_319.1-flying-discs-1949.pdf,141,false,0,,true,no extractable text found on this page,no text layer; OCR required
342_hs1-416511228_box186_319.1-flying-discs-1949.pdf,142,false,0,,true,no extractable text found on this page,no text layer; OCR required
342_hs1-416511228_box186_319.1-flying-discs-1949.pdf,143,false,0,,true,no extractable text found on this page,no text layer; OCR required
38_143685_box7_incident_summaries_1-100.pdf,1,false,0,,true,no extractable text found on this page,no text layer; OCR required
38_143685_box7_incident_summaries_1-100.pdf,2,false,0,,true,no extractable text found on this page,no text layer; OCR required
38_143685_box7_incident_summaries_1-100.pdf,3,false,0,,true,no extractable text found on this page,no text layer; OCR required
38_143685_box7_incident_summaries_1-100.pdf,4,false,0,,true,no extractable text found on this page,no text layer; OCR required
38_143685_box7_incident_summaries_1-100.pdf,5,false,0,,true,no extractable text found on this page,no text layer; OCR required
38_143685_box7_incident_summaries_1-100.pdf,6,false,0,,true,no extractable text found on this page,no text layer; OCR required
38_143685_box7_incident_summaries_1-100.pdf,7,false,0,,true,no extractable text found on this page,no text layer; OCR required
38_143685_box7_incident_summaries_1-100.pdf,8,false,0,,true,no extractable text found on this page,no text layer; OCR required
38_143685_box7_incident_summaries_1-100.pdf,9,false,0,,true,no extractable text found on this page,no text layer; OCR required
38_143685_box7_incident_summaries_1-100.pdf,10,false,0,,true,no extractable text found on this page,no text layer; OCR required
38_143685_box7_incident_summaries_1-100.pdf,11,false,0,,true,no extractable text found on this page,no text layer; OCR required
38_143685_box7_incident_summaries_1-100.pdf,12,false,0,,true,no extractable text found on this page,no text layer; OCR required
38_143685_box7_incident_summaries_1-100.pdf,13,false,0,,true,no extractable text found on this page,no text layer; OCR required
38_143685_box7_incident_summaries_1-100.pdf,14,false,0,,true,no extractable text found on this page,no text layer; OCR required
38_143685_box7_incident_summaries_1-100.pdf,15,false,0,,true,no extractable text found on this page,no text layer; OCR required
38_143685_box7_incident_summaries_1-100.pdf,16,false,0,,true,no extractable text found on this page,no text layer; OCR required
38_143685_box7_incident_summaries_1-100.pdf,17,false,0,,true,no extractable text found on this page,no text layer; OCR required
38_143685_box7_incident_summaries_1-100.pdf,18,false,0,,true,no extractable text found on this page,no text layer; OCR required
38_143685_box7_incident_summaries_1-100.pdf,19,false,0,,true,no extractable text found on this page,no text layer; OCR required
38_143685_box7_incident_summaries_1-100.pdf,20,false,0,,true,no extractable text found on this page,no text layer; OCR required
38_143685_box7_incident_summaries_1-100.pdf,21,false,0,,true,no extractable text found on this page,no text layer; OCR required
38_143685_box7_incident_summaries_1-100.pdf,22,false,0,,true,no extractable text found on this page,no text layer; OCR required
38_143685_box7_incident_summaries_1-100.pdf,23,false,0,,true,no extractable text found on this page,no text layer; OCR required
38_143685_box7_incident_summaries_1-100.pdf,24,false,0,,true,no extractable text found on this page,no text layer; OCR required
38_143685_box7_incident_summaries_1-100.pdf,25,false,0,,true,no extractable text found on this page,no text layer; OCR required
38_143685_box7_incident_summaries_1-100.pdf,26,false,0,,true,no extractable text found on this page,no text layer; OCR required
38_143685_box7_incident_summaries_1-100.pdf,27,false,0,,true,no extractable text found on this page,no text layer; OCR required
38_143685_box7_incident_summaries_1-100.pdf,28,false,0,,true,no extractable text found on this page,no text layer; OCR required
38_143685_box7_incident_summaries_1-100.pdf,29,false,0,,true,no extractable text found on this page,no text layer; OCR required
38_143685_box7_incident_summaries_1-100.pdf,30,false,0,,true,no extractable text found on this page,no text layer; OCR required
38_143685_box7_incident_summaries_1-100.pdf,31,false,0,,true,no extractable text found on this page,no text layer; OCR required
38_143685_box7_incident_summaries_1-100.pdf,32,false,0,,true,no extractable text found on this page,no text layer; OCR required
38_143685_box7_incident_summaries_1-100.pdf,33,false,0,,true,no extractable text found on this page,no text layer; OCR required
38_143685_box7_incident_summaries_1-100.pdf,34,false,0,,true,no extractable text found on this page,no text layer; OCR required
38_143685_box7_incident_summaries_1-100.pdf,35,false,0,,true,no extractable text found on this page,no text layer; OCR required
38_143685_box7_incident_summaries_1-100.pdf,36,false,0,,true,no extractable text found on this page,no text layer; OCR required
38_143685_box7_incident_summaries_1-100.pdf,37,false,0,,true,no extractable text found on this page,no text layer; OCR required
38_143685_box7_incident_summaries_1-100.pdf,38,false,0,,true,no extractable text found on this page,no text layer; OCR required
38_143685_box7_incident_summaries_1-100.pdf,39,false,0,,true,no extractable text found on this page,no text layer; OCR required
38_143685_box7_incident_summaries_1-100.pdf,40,false,0,,true,no extractable text found on this page,no text layer; OCR required
38_143685_box7_incident_summaries_1-100.pdf,41,false,0,,true,no extractable text found on this page,no text layer; OCR required
38_143685_box7_incident_summaries_1-100.pdf,42,false,0,,true,no extractable text found on this page,no text layer; OCR required
38_143685_box7_incident_summaries_1-100.pdf,43,false,0,,true,no extractable text found on this page,no text layer; OCR required
38_143685_box7_incident_summaries_1-100.pdf,44,false,0,,true,no extractable text found on this page,no text layer; OCR required
38_143685_box7_incident_summaries_1-100.pdf,45,false,0,,true,no extractable text found on this page,no text layer; OCR required
38_143685_box7_incident_summaries_1-100.pdf,46,false,0,,true,no extractable text found on this page,no text layer; OCR required
38_143685_box7_incident_summaries_1-100.pdf,47,false,0,,true,no extractable text found on this page,no text layer; OCR required
38_143685_box7_incident_summaries_1-100.pdf,48,false,0,,true,no extractable text found on this page,no text layer; OCR required
38_143685_box7_incident_summaries_1-100.pdf,49,false,0,,true,no extractable text found on this page,no text layer; OCR required
38_143685_box7_incident_summaries_1-100.pdf,50,false,0,,true,no extractable text found on this page,no text layer; OCR required
38_143685_box7_incident_summaries_1-100.pdf,51,false,0,,true,no extractable text found on this page,no text layer; OCR required
38_143685_box7_incident_summaries_1-100.pdf,52,false,0,,true,no extractable text found on this page,no text layer; OCR required
38_143685_box7_incident_summaries_1-100.pdf,53,false,0,,true,no extractable text found on this page,no text layer; OCR required
38_143685_box7_incident_summaries_1-100.pdf,54,false,0,,true,no extractable text found on this page,no text layer; OCR required
38_143685_box7_incident_summaries_1-100.pdf,55,false,0,,true,no extractable text found on this page,no text layer; OCR required
38_143685_box7_incident_summaries_1-100.pdf,56,false,0,,true,no extractable text found on this page,no text layer; OCR required
38_143685_box7_incident_summaries_1-100.pdf,57,false,0,,true,no extractable text found on this page,no text layer; OCR required
38_143685_box7_incident_summaries_1-100.pdf,58,false,0,,true,no extractable text found on this page,no text layer; OCR required
38_143685_box7_incident_summaries_1-100.pdf,59,false,0,,true,no extractable text found on this page,no text layer; OCR required
38_143685_box7_incident_summaries_1-100.pdf,60,false,0,,true,no extractable text found on this page,no text layer; OCR required
38_143685_box7_incident_summaries_1-100.pdf,61,false,0,,true,no extractable text found on this page,no text layer; OCR required
38_143685_box7_incident_summaries_1-100.pdf,62,false,0,,true,no extractable text found on this page,no text layer; OCR required
38_143685_box7_incident_summaries_1-100.pdf,63,false,0,,true,no extractable text found on this page,no text layer; OCR required
38_143685_box7_incident_summaries_1-100.pdf,64,false,0,,true,no extractable text found on this page,no text layer; OCR required
38_143685_box7_incident_summaries_1-100.pdf,65,false,0,,true,no extractable text found on this page,no text layer; OCR required
38_143685_box7_incident_summaries_1-100.pdf,66,false,0,,true,no extractable text found on this page,no text layer; OCR required
38_143685_box7_incident_summaries_1-100.pdf,67,false,0,,true,no extractable text found on this page,no text layer; OCR required
38_143685_box7_incident_summaries_1-100.pdf,68,false,0,,true,no extractable text found on this page,no text layer; OCR required
38_143685_box7_incident_summaries_1-100.pdf,69,false,0,,true,no extractable text found on this page,no text layer; OCR required
38_143685_box7_incident_summaries_1-100.pdf,70,false,0,,true,no extractable text found on this page,no text layer; OCR required
38_143685_box7_incident_summaries_1-100.pdf,71,false,0,,true,no extractable text found on this page,no text layer; OCR required
38_143685_box7_incident_summaries_1-100.pdf,72,false,0,,true,no extractable text found on this page,no text layer; OCR required
38_143685_box7_incident_summaries_1-100.pdf,73,false,0,,true,no extractable text found on this page,no text layer; OCR required
38_143685_box7_incident_summaries_1-100.pdf,74,false,0,,true,no extractable text found on this page,no text layer; OCR required
38_143685_box7_incident_summaries_1-100.pdf,75,false,0,,true,no extractable text found on this page,no text layer; OCR required
38_143685_box7_incident_summaries_1-100.pdf,76,false,0,,true,no extractable text found on this page,no text layer; OCR required
38_143685_box7_incident_summaries_1-100.pdf,77,false,0,,true,no extractable text found on this page,no text layer; OCR required
38_143685_box7_incident_summaries_1-100.pdf,78,false,0,,true,no extractable text found on this page,no text layer; OCR required
38_143685_box7_incident_summaries_1-100.pdf,79,false,0,,true,no extractable text found on this page,no text layer; OCR required
38_143685_box7_incident_summaries_1-100.pdf,80,false,0,,true,no extractable text found on this page,no text layer; OCR required
38_143685_box7_incident_summaries_1-100.pdf,81,false,0,,true,no extractable text found on this page,no text layer; OCR required
38_143685_box7_incident_summaries_1-100.pdf,82,false,0,,true,no extractable text found on this page,no text layer; OCR required
38_143685_box7_incident_summaries_1-100.pdf,83,false,0,,true,no extractable text found on this page,no text layer; OCR required
38_143685_box7_incident_summaries_1-100.pdf,84,false,0,,true,no extractable text found on this page,no text layer; OCR required
38_143685_box7_incident_summaries_1-100.pdf,85,false,0,,true,no extractable text found on this page,no text layer; OCR required
38_143685_box7_incident_summaries_1-100.pdf,86,false,0,,true,no extractable text found on this page,no text layer; OCR required
38_143685_box7_incident_summaries_1-100.pdf,87,false,0,,true,no extractable text found on this page,no text layer; OCR required
38_143685_box7_incident_summaries_1-100.pdf,88,false,0,,true,no extractable text found on this page,no text layer; OCR required
38_143685_box7_incident_summaries_1-100.pdf,89,false,0,,true,no extractable text found on this page,no text layer; OCR required
38_143685_box7_incident_summaries_1-100.pdf,90,false,0,,true,no extractable text found on this page,no text layer; OCR required
38_143685_box7_incident_summaries_1-100.pdf,91,false,0,,true,no extractable text found on this page,no text layer; OCR required
38_143685_box7_incident_summaries_1-100.pdf,92,false,0,,true,no extractable text found on this page,no text layer; OCR required
38_143685_box7_incident_summaries_1-100.pdf,93,false,0,,true,no extractable text found on this page,no text layer; OCR required
38_143685_box7_incident_summaries_1-100.pdf,94,false,0,,true,no extractable text found on this page,no text layer; OCR required
38_143685_box7_incident_summaries_1-100.pdf,95,false,0,,true,no extractable text found on this page,no text layer; OCR required
38_143685_box7_incident_summaries_1-100.pdf,96,false,0,,true,no extractable text found on this page,no text layer; OCR required
38_143685_box7_incident_summaries_1-100.pdf,97,false,0,,true,no extractable text found on this page,no text layer; OCR required
38_143685_box7_incident_summaries_1-100.pdf,98,false,0,,true,no extractable text found on this page,no text layer; OCR required
38_143685_box7_incident_summaries_1-100.pdf,99,false,0,,true,no extractable text found on this page,no text layer; OCR required
38_143685_box7_incident_summaries_1-100.pdf,100,false,0,,true,no extractable text found on this page,no text layer; OCR required
38_143685_box7_incident_summaries_1-100.pdf,101,false,0,,true,no extractable text found on this page,no text layer; OCR required
38_143685_box7_incident_summaries_1-100.pdf,102,false,0,,true,no extractable text found on this page,no text layer; OCR required
38_143685_box7_incident_summaries_1-100.pdf,103,false,0,,true,no extractable text found on this page,no text layer; OCR required
38_143685_box7_incident_summaries_1-100.pdf,104,false,0,,true,no extractable text found on this page,no text layer; OCR required
38_143685_box7_incident_summaries_1-100.pdf,105,false,0,,true,no extractable text found on this page,no text layer; OCR required
38_143685_box7_incident_summaries_1-100.pdf,106,false,0,,true,no extractable text found on this page,no text layer; OCR required
38_143685_box7_incident_summaries_1-100.pdf,107,false,0,,true,no extractable text found on this page,no text layer; OCR required
38_143685_box7_incident_summaries_1-100.pdf,108,false,0,,true,no extractable text found on this page,no text layer; OCR required
38_143685_box7_incident_summaries_1-100.pdf,109,false,0,,true,no extractable text found on this page,no text layer; OCR required
38_143685_box7_incident_summaries_1-100.pdf,110,false,0,,true,no extractable text found on this page,no text layer; OCR required
38_143685_box7_incident_summaries_1-100.pdf,111,false,0,,true,no extractable text found on this page,no text layer; OCR required
38_143685_box7_incident_summaries_1-100.pdf,112,false,0,,true,no extractable text found on this page,no text layer; OCR required
38_143685_box7_incident_summaries_1-100.pdf,113,false,0,,true,no extractable text found on this page,no text layer; OCR required
38_143685_box7_incident_summaries_1-100.pdf,114,false,0,,true,no extractable text found on this page,no text layer; OCR required
38_143685_box7_incident_summaries_1-100.pdf,115,false,0,,true,no extractable text found on this page,no text layer; OCR required
38_143685_box7_incident_summaries_1-100.pdf,116,false,0,,true,no extractable text found on this page,no text layer; OCR required
38_143685_box7_incident_summaries_1-100.pdf,117,false,0,,true,no extractable text found on this page,no text layer; OCR required
38_143685_box7_incident_summaries_1-100.pdf,118,false,0,,true,no extractable text found on this page,no text layer; OCR required
38_143685_box7_incident_summaries_1-100.pdf,119,false,0,,true,no extractable text found on this page,no text layer; OCR required
38_143685_box7_incident_summaries_1-100.pdf,120,false,0,,true,no extractable text found on this page,no text layer; OCR required
38_143685_box7_incident_summaries_1-100.pdf,121,false,0,,true,no extractable text found on this page,no text layer; OCR required
38_143685_box7_incident_summaries_1-100.pdf,122,false,0,,true,no extractable text found on this page,no text layer; OCR required
38_143685_box7_incident_summaries_1-100.pdf,123,false,0,,true,no extractable text found on this page,no text layer; OCR required
38_143685_box7_incident_summaries_1-100.pdf,124,false,0,,true,no extractable text found on this page,no text layer; OCR required
38_143685_box7_incident_summaries_1-100.pdf,125,false,0,,true,no extractable text found on this page,no text layer; OCR required
38_143685_box7_incident_summaries_1-100.pdf,126,false,0,,true,no extractable text found on this page,no text layer; OCR required
38_143685_box7_incident_summaries_1-100.pdf,127,false,0,,true,no extractable text found on this page,no text layer; OCR required
38_143685_box7_incident_summaries_1-100.pdf,128,false,0,,true,no extractable text found on this page,no text layer; OCR required
38_143685_box7_incident_summaries_1-100.pdf,129,false,0,,true,no extractable text found on this page,no text layer; OCR required
38_143685_box7_incident_summaries_1-100.pdf,130,false,0,,true,no extractable text found on this page,no text layer; OCR required
38_143685_box7_incident_summaries_1-100.pdf,131,false,0,,true,no extractable text found on this page,no text layer; OCR required
38_143685_box7_incident_summaries_1-100.pdf,132,false,0,,true,no extractable text found on this page,no text layer; OCR required
38_143685_box7_incident_summaries_1-100.pdf,133,false,0,,true,no extractable text found on this page,no text layer; OCR required
38_143685_box7_incident_summaries_1-100.pdf,134,false,0,,true,no extractable text found on this page,no text layer; OCR required
38_143685_box7_incident_summaries_1-100.pdf,135,false,0,,true,no extractable text found on this page,no text layer; OCR required
38_143685_box7_incident_summaries_1-100.pdf,136,false,0,,true,no extractable text found on this page,no text layer; OCR required
38_143685_box7_incident_summaries_1-100.pdf,137,false,0,,true,no extractable text found on this page,no text layer; OCR required
38_143685_box7_incident_summaries_1-100.pdf,138,false,0,,true,no extractable text found on this page,no text layer; OCR required
38_143685_box7_incident_summaries_1-100.pdf,139,false,0,,true,no extractable text found on this page,no text layer; OCR required
38_143685_box7_incident_summaries_1-100.pdf,140,false,0,,true,no extractable text found on this page,no text layer; OCR required
38_143685_box7_incident_summaries_1-100.pdf,141,false,0,,true,no extractable text found on this page,no text layer; OCR required
38_143685_box7_incident_summaries_1-100.pdf,142,false,0,,true,no extractable text found on this page,no text layer; OCR required
38_143685_box7_incident_summaries_1-100.pdf,143,false,0,,true,no extractable text found on this page,no text layer; OCR required
38_143685_box7_incident_summaries_1-100.pdf,144,false,0,,true,no extractable text found on this page,no text layer; OCR required
38_143685_box7_incident_summaries_1-100.pdf,145,false,0,,true,no extractable text found on this page,no text layer; OCR required
38_143685_box7_incident_summaries_1-100.pdf,146,false,0,,true,no extractable text found on this page,no text layer; OCR required
38_143685_box7_incident_summaries_1-100.pdf,147,false,0,,true,no extractable text found on this page,no text layer; OCR required
38_143685_box7_incident_summaries_1-100.pdf,148,false,0,,true,no extractable text found on this page,no text layer; OCR required
38_143685_box7_incident_summaries_1-100.pdf,149,false,0,,true,no extractable text found on this page,no text layer; OCR required
38_143685_box7_incident_summaries_1-100.pdf,150,false,0,,true,no extractable text found on this page,no text layer; OCR required
38_143685_box7_incident_summaries_1-100.pdf,151,false,0,,true,no extractable text found on this page,no text layer; OCR required
38_143685_box7_incident_summaries_1-100.pdf,152,false,0,,true,no extractable text found on this page,no text layer; OCR required
38_143685_box7_incident_summaries_1-100.pdf,153,false,0,,true,no extractable text found on this page,no text layer; OCR required
38_143685_box7_incident_summaries_1-100.pdf,154,false,0,,true,no extractable text found on this page,no text layer; OCR required
38_143685_box7_incident_summaries_1-100.pdf,155,false,0,,true,no extractable text found on this page,no text layer; OCR required
38_143685_box7_incident_summaries_1-100.pdf,156,false,0,,true,no extractable text found on this page,no text layer; OCR required
38_143685_box7_incident_summaries_1-100.pdf,157,false,0,,true,no extractable text found on this page,no text layer; OCR required
38_143685_box7_incident_summaries_1-100.pdf,158,false,0,,true,no extractable text found on this page,no text layer; OCR required
38_143685_box7_incident_summaries_1-100.pdf,159,false,0,,true,no extractable text found on this page,no text layer; OCR required
38_143685_box7_incident_summaries_1-100.pdf,160,false,0,,true,no extractable text found on this page,no text layer; OCR required
38_143685_box7_incident_summaries_1-100.pdf,161,false,0,,true,no extractable text found on this page,no text layer; OCR required
38_143685_box7_incident_summaries_1-100.pdf,162,false,0,,true,no extractable text found on this page,no text layer; OCR required
38_143685_box7_incident_summaries_1-100.pdf,163,false,0,,true,no extractable text found on this page,no text layer; OCR required
38_143685_box7_incident_summaries_1-100.pdf,164,false,0,,true,no extractable text found on this page,no text layer; OCR required
38_143685_box7_incident_summaries_1-100.pdf,165,false,0,,true,no extractable text found on this page,no text layer; OCR required
38_143685_box7_incident_summaries_1-100.pdf,166,false,0,,true,no extractable text found on this page,no text layer; OCR required
38_143685_box7_incident_summaries_1-100.pdf,167,false,0,,true,no extractable text found on this page,no text layer; OCR required
38_143685_box7_incident_summaries_1-100.pdf,168,false,0,,true,no extractable text found on this page,no text layer; OCR required
38_143685_box7_incident_summaries_1-100.pdf,169,false,0,,true,no extractable text found on this page,no text layer; OCR required
38_143685_box7_incident_summaries_1-100.pdf,170,false,0,,true,no extractable text found on this page,no text layer; OCR required
38_143685_box7_incident_summaries_1-100.pdf,171,false,0,,true,no extractable text found on this page,no text layer; OCR required
38_143685_box7_incident_summaries_1-100.pdf,172,false,0,,true,no extractable text found on this page,no text layer; OCR required
38_143685_box7_incident_summaries_1-100.pdf,173,false,0,,true,no extractable text found on this page,no text layer; OCR required
38_143685_box7_incident_summaries_1-100.pdf,174,false,0,,true,no extractable text found on this page,no text layer; OCR required
38_143685_box7_incident_summaries_1-100.pdf,175,false,0,,true,no extractable text found on this page,no text layer; OCR required
38_143685_box7_incident_summaries_1-100.pdf,176,false,0,,true,no extractable text found on this page,no text layer; OCR required
38_143685_box7_incident_summaries_1-100.pdf,177,false,0,,true,no extractable text found on this page,no text layer; OCR required
38_143685_box7_incident_summaries_1-100.pdf,178,false,0,,true,no extractable text found on this page,no text layer; OCR required
38_143685_box7_incident_summaries_1-100.pdf,179,false,0,,true,no extractable text found on this page,no text layer; OCR required
38_143685_box7_incident_summaries_1-100.pdf,180,false,0,,true,no extractable text found on this page,no text layer; OCR required
38_143685_box7_incident_summaries_1-100.pdf,181,false,0,,true,no extractable text found on this page,no text layer; OCR required
38_143685_box7_incident_summaries_1-100.pdf,182,false,0,,true,no extractable text found on this page,no text layer; OCR required
38_143685_box7_incident_summaries_1-100.pdf,183,false,0,,true,no extractable text found on this page,no text layer; OCR required
38_143685_box7_incident_summaries_1-100.pdf,184,false,0,,true,no extractable text found on this page,no text layer; OCR required
38_143685_box7_incident_summaries_1-100.pdf,185,false,0,,true,no extractable text found on this page,no text layer; OCR required
38_143685_box7_incident_summaries_1-100.pdf,186,false,0,,true,no extractable text found on this page,no text layer; OCR required
38_143685_box7_incident_summaries_1-100.pdf,187,false,0,,true,no extractable text found on this page,no text layer; OCR required
38_143685_box7_incident_summaries_1-100.pdf,188,false,0,,true,no extractable text found on this page,no text layer; OCR required
38_143685_box7_incident_summaries_1-100.pdf,189,false,0,,true,no extractable text found on this page,no text layer; OCR required
38_143685_box7_incident_summaries_1-100.pdf,190,false,0,,true,no extractable text found on this page,no text layer; OCR required
38_143685_box7_incident_summaries_1-100.pdf,191,false,0,,true,no extractable text found on this page,no text layer; OCR required
38_143685_box7_incident_summaries_1-100.pdf,192,false,0,,true,no extractable text found on this page,no text layer; OCR required
38_143685_box7_incident_summaries_1-100.pdf,193,false,0,,true,no extractable text found on this page,no text layer; OCR required
38_143685_box7_incident_summaries_1-100.pdf,194,false,0,,true,no extractable text found on this page,no text layer; OCR required
38_143685_box7_incident_summaries_1-100.pdf,195,false,0,,true,no extractable text found on this page,no text layer; OCR required
38_143685_box7_incident_summaries_1-100.pdf,196,false,0,,true,no extractable text found on this page,no text layer; OCR required
38_143685_box7_incident_summaries_1-100.pdf,197,false,0,,true,no extractable text found on this page,no text layer; OCR required
38_143685_box7_incident_summaries_1-100.pdf,198,false,0,,true,no extractable text found on this page,no text layer; OCR required
38_143685_box7_incident_summaries_1-100.pdf,199,false,0,,true,no extractable text found on this page,no text layer; OCR required
38_143685_box7_incident_summaries_1-100.pdf,200,false,0,,true,no extractable text found on this page,no text layer; OCR required
38_143685_box7_incident_summaries_1-100.pdf,201,false,0,,true,no extractable text found on this page,no text layer; OCR required
38_143685_box7_incident_summaries_1-100.pdf,202,false,0,,true,no extractable text found on this page,no text layer; OCR required
38_143685_box7_incident_summaries_1-100.pdf,203,false,0,,true,no extractable text found on this page,no text layer; OCR required
38_143685_box7_incident_summaries_1-100.pdf,204,false,0,,true,no extractable text found on this page,no text layer; OCR required
38_143685_box7_incident_summaries_1-100.pdf,205,false,0,,true,no extractable text found on this page,no text layer; OCR required
38_143685_box7_incident_summaries_1-100.pdf,206,false,0,,true,no extractable text found on this page,no text layer; OCR required
38_143685_box7_incident_summaries_1-100.pdf,207,false,0,,true,no extractable text found on this page,no text layer; OCR required
38_143685_box7_incident_summaries_1-100.pdf,208,false,0,,true,no extractable text found on this page,no text layer; OCR required
38_143685_box7_incident_summaries_1-100.pdf,209,false,0,,true,no extractable text found on this page,no text layer; OCR required
38_143685_box7_incident_summaries_101-172.pdf,1,false,0,,true,no extractable text found on this page,no text layer; OCR required
38_143685_box7_incident_summaries_101-172.pdf,2,false,0,,true,no extractable text found on this page,no text layer; OCR required
38_143685_box7_incident_summaries_101-172.pdf,3,false,0,,true,no extractable text found on this page,no text layer; OCR required
38_143685_box7_incident_summaries_101-172.pdf,4,false,0,,true,no extractable text found on this page,no text layer; OCR required
38_143685_box7_incident_summaries_101-172.pdf,5,false,0,,true,no extractable text found on this page,no text layer; OCR required
38_143685_box7_incident_summaries_101-172.pdf,6,false,0,,true,no extractable text found on this page,no text layer; OCR required
38_143685_box7_incident_summaries_101-172.pdf,7,false,0,,true,no extractable text found on this page,no text layer; OCR required
38_143685_box7_incident_summaries_101-172.pdf,8,false,0,,true,no extractable text found on this page,no text layer; OCR required
38_143685_box7_incident_summaries_101-172.pdf,9,false,0,,true,no extractable text found on this page,no text layer; OCR required
38_143685_box7_incident_summaries_101-172.pdf,10,false,0,,true,no extractable text found on this page,no text layer; OCR required
38_143685_box7_incident_summaries_101-172.pdf,11,false,0,,true,no extractable text found on this page,no text layer; OCR required
38_143685_box7_incident_summaries_101-172.pdf,12,false,0,,true,no extractable text found on this page,no text layer; OCR required
38_143685_box7_incident_summaries_101-172.pdf,13,false,0,,true,no extractable text found on this page,no text layer; OCR required
38_143685_box7_incident_summaries_101-172.pdf,14,false,0,,true,no extractable text found on this page,no text layer; OCR required
38_143685_box7_incident_summaries_101-172.pdf,15,false,0,,true,no extractable text found on this page,no text layer; OCR required
38_143685_box7_incident_summaries_101-172.pdf,16,false,0,,true,no extractable text found on this page,no text layer; OCR required
38_143685_box7_incident_summaries_101-172.pdf,17,false,0,,true,no extractable text found on this page,no text layer; OCR required
38_143685_box7_incident_summaries_101-172.pdf,18,false,0,,true,no extractable text found on this page,no text layer; OCR required
38_143685_box7_incident_summaries_101-172.pdf,19,false,0,,true,no extractable text found on this page,no text layer; OCR required
38_143685_box7_incident_summaries_101-172.pdf,20,false,0,,true,no extractable text found on this page,no text layer; OCR required
38_143685_box7_incident_summaries_101-172.pdf,21,false,0,,true,no extractable text found on this page,no text layer; OCR required
38_143685_box7_incident_summaries_101-172.pdf,22,false,0,,true,no extractable text found on this page,no text layer; OCR required
38_143685_box7_incident_summaries_101-172.pdf,23,false,0,,true,no extractable text found on this page,no text layer; OCR required
38_143685_box7_incident_summaries_101-172.pdf,24,false,0,,true,no extractable text found on this page,no text layer; OCR required
38_143685_box7_incident_summaries_101-172.pdf,25,false,0,,true,no extractable text found on this page,no text layer; OCR required
38_143685_box7_incident_summaries_101-172.pdf,26,false,0,,true,no extractable text found on this page,no text layer; OCR required
38_143685_box7_incident_summaries_101-172.pdf,27,false,0,,true,no extractable text found on this page,no text layer; OCR required
38_143685_box7_incident_summaries_101-172.pdf,28,false,0,,true,no extractable text found on this page,no text layer; OCR required
38_143685_box7_incident_summaries_101-172.pdf,29,false,0,,true,no extractable text found on this page,no text layer; OCR required
38_143685_box7_incident_summaries_101-172.pdf,30,false,0,,true,no extractable text found on this page,no text layer; OCR required
38_143685_box7_incident_summaries_101-172.pdf,31,false,0,,true,no extractable text found on this page,no text layer; OCR required
38_143685_box7_incident_summaries_101-172.pdf,32,false,0,,true,no extractable text found on this page,no text layer; OCR required
38_143685_box7_incident_summaries_101-172.pdf,33,false,0,,true,no extractable text found on this page,no text layer; OCR required
38_143685_box7_incident_summaries_101-172.pdf,34,false,0,,true,no extractable text found on this page,no text layer; OCR required
38_143685_box7_incident_summaries_101-172.pdf,35,false,0,,true,no extractable text found on this page,no text layer; OCR required
38_143685_box7_incident_summaries_101-172.pdf,36,false,0,,true,no extractable text found on this page,no text layer; OCR required
38_143685_box7_incident_summaries_101-172.pdf,37,false,0,,true,no extractable text found on this page,no text layer; OCR required
38_143685_box7_incident_summaries_101-172.pdf,38,false,0,,true,no extractable text found on this page,no text layer; OCR required
38_143685_box7_incident_summaries_101-172.pdf,39,false,0,,true,no extractable text found on this page,no text layer; OCR required
38_143685_box7_incident_summaries_101-172.pdf,40,false,0,,true,no extractable text found on this page,no text layer; OCR required
38_143685_box7_incident_summaries_101-172.pdf,41,false,0,,true,no extractable text found on this page,no text layer; OCR required
38_143685_box7_incident_summaries_101-172.pdf,42,false,0,,true,no extractable text found on this page,no text layer; OCR required
38_143685_box7_incident_summaries_101-172.pdf,43,false,0,,true,no extractable text found on this page,no text layer; OCR required
38_143685_box7_incident_summaries_101-172.pdf,44,false,0,,true,no extractable text found on this page,no text layer; OCR required
38_143685_box7_incident_summaries_101-172.pdf,45,false,0,,true,no extractable text found on this page,no text layer; OCR required
38_143685_box7_incident_summaries_101-172.pdf,46,false,0,,true,no extractable text found on this page,no text layer; OCR required
38_143685_box7_incident_summaries_101-172.pdf,47,false,0,,true,no extractable text found on this page,no text layer; OCR required
38_143685_box7_incident_summaries_101-172.pdf,48,false,0,,true,no extractable text found on this page,no text layer; OCR required
38_143685_box7_incident_summaries_101-172.pdf,49,false,0,,true,no extractable text found on this page,no text layer; OCR required
38_143685_box7_incident_summaries_101-172.pdf,50,false,0,,true,no extractable text found on this page,no text layer; OCR required
38_143685_box7_incident_summaries_101-172.pdf,51,false,0,,true,no extractable text found on this page,no text layer; OCR required
38_143685_box7_incident_summaries_101-172.pdf,52,false,0,,true,no extractable text found on this page,no text layer; OCR required
38_143685_box7_incident_summaries_101-172.pdf,53,false,0,,true,no extractable text found on this page,no text layer; OCR required
38_143685_box7_incident_summaries_101-172.pdf,54,false,0,,true,no extractable text found on this page,no text layer; OCR required
38_143685_box7_incident_summaries_101-172.pdf,55,false,0,,true,no extractable text found on this page,no text layer; OCR required
38_143685_box7_incident_summaries_101-172.pdf,56,false,0,,true,no extractable text found on this page,no text layer; OCR required
38_143685_box7_incident_summaries_101-172.pdf,57,false,0,,true,no extractable text found on this page,no text layer; OCR required
38_143685_box7_incident_summaries_101-172.pdf,58,false,0,,true,no extractable text found on this page,no text layer; OCR required
38_143685_box7_incident_summaries_101-172.pdf,59,false,0,,true,no extractable text found on this page,no text layer; OCR required
38_143685_box7_incident_summaries_101-172.pdf,60,false,0,,true,no extractable text found on this page,no text layer; OCR required
38_143685_box7_incident_summaries_101-172.pdf,61,false,0,,true,no extractable text found on this page,no text layer; OCR required
38_143685_box7_incident_summaries_101-172.pdf,62,false,0,,true,no extractable text found on this page,no text layer; OCR required
38_143685_box7_incident_summaries_101-172.pdf,63,false,0,,true,no extractable text found on this page,no text layer; OCR required
38_143685_box7_incident_summaries_101-172.pdf,64,false,0,,true,no extractable text found on this page,no text layer; OCR required
38_143685_box7_incident_summaries_101-172.pdf,65,false,0,,true,no extractable text found on this page,no text layer; OCR required
38_143685_box7_incident_summaries_101-172.pdf,66,false,0,,true,no extractable text found on this page,no text layer; OCR required
38_143685_box7_incident_summaries_101-172.pdf,67,false,0,,true,no extractable text found on this page,no text layer; OCR required
38_143685_box7_incident_summaries_101-172.pdf,68,false,0,,true,no extractable text found on this page,no text layer; OCR required
38_143685_box7_incident_summaries_101-172.pdf,69,false,0,,true,no extractable text found on this page,no text layer; OCR required
38_143685_box7_incident_summaries_101-172.pdf,70,false,0,,true,no extractable text found on this page,no text layer; OCR required
38_143685_box7_incident_summaries_101-172.pdf,71,false,0,,true,no extractable text found on this page,no text layer; OCR required
38_143685_box7_incident_summaries_101-172.pdf,72,false,0,,true,no extractable text found on this page,no text layer; OCR required
38_143685_box7_incident_summaries_101-172.pdf,73,false,0,,true,no extractable text found on this page,no text layer; OCR required
38_143685_box7_incident_summaries_101-172.pdf,74,false,0,,true,no extractable text found on this page,no text layer; OCR required
38_143685_box7_incident_summaries_101-172.pdf,75,false,0,,true,no extractable text found on this page,no text layer; OCR required
38_143685_box7_incident_summaries_101-172.pdf,76,false,0,,true,no extractable text found on this page,no text layer; OCR required
38_143685_box7_incident_summaries_101-172.pdf,77,false,0,,true,no extractable text found on this page,no text layer; OCR required
38_143685_box7_incident_summaries_101-172.pdf,78,false,0,,true,no extractable text found on this page,no text layer; OCR required
38_143685_box7_incident_summaries_101-172.pdf,79,false,0,,true,no extractable text found on this page,no text layer; OCR required
38_143685_box7_incident_summaries_101-172.pdf,80,false,0,,true,no extractable text found on this page,no text layer; OCR required
38_143685_box7_incident_summaries_101-172.pdf,81,false,0,,true,no extractable text found on this page,no text layer; OCR required
38_143685_box7_incident_summaries_101-172.pdf,82,false,0,,true,no extractable text found on this page,no text layer; OCR required
38_143685_box7_incident_summaries_101-172.pdf,83,false,0,,true,no extractable text found on this page,no text layer; OCR required
38_143685_box7_incident_summaries_101-172.pdf,84,false,0,,true,no extractable text found on this page,no text layer; OCR required
38_143685_box7_incident_summaries_101-172.pdf,85,false,0,,true,no extractable text found on this page,no text layer; OCR required
38_143685_box7_incident_summaries_101-172.pdf,86,false,0,,true,no extractable text found on this page,no text layer; OCR required
38_143685_box7_incident_summaries_101-172.pdf,87,false,0,,true,no extractable text found on this page,no text layer; OCR required
38_143685_box7_incident_summaries_101-172.pdf,88,false,0,,true,no extractable text found on this page,no text layer; OCR required
38_143685_box7_incident_summaries_101-172.pdf,89,false,0,,true,no extractable text found on this page,no text layer; OCR required
38_143685_box7_incident_summaries_101-172.pdf,90,false,0,,true,no extractable text found on this page,no text layer; OCR required
38_143685_box7_incident_summaries_101-172.pdf,91,false,0,,true,no extractable text found on this page,no text layer; OCR required
38_143685_box7_incident_summaries_101-172.pdf,92,false,0,,true,no extractable text found on this page,no text layer; OCR required
38_143685_box7_incident_summaries_101-172.pdf,93,false,0,,true,no extractable text found on this page,no text layer; OCR required
38_143685_box7_incident_summaries_101-172.pdf,94,false,0,,true,no extractable text found on this page,no text layer; OCR required
38_143685_box7_incident_summaries_101-172.pdf,95,false,0,,true,no extractable text found on this page,no text layer; OCR required
38_143685_box7_incident_summaries_101-172.pdf,96,false,0,,true,no extractable text found on this page,no text layer; OCR required
38_143685_box7_incident_summaries_101-172.pdf,97,false,0,,true,no extractable text found on this page,no text layer; OCR required
38_143685_box7_incident_summaries_101-172.pdf,98,false,0,,true,no extractable text found on this page,no text layer; OCR required
38_143685_box7_incident_summaries_101-172.pdf,99,false,0,,true,no extractable text found on this page,no text layer; OCR required
38_143685_box7_incident_summaries_101-172.pdf,100,false,0,,true,no extractable text found on this page,no text layer; OCR required
38_143685_box7_incident_summaries_101-172.pdf,101,false,0,,true,no extractable text found on this page,no text layer; OCR required
38_143685_box7_incident_summaries_101-172.pdf,102,false,0,,true,no extractable text found on this page,no text layer; OCR required
38_143685_box7_incident_summaries_101-172.pdf,103,false,0,,true,no extractable text found on this page,no text layer; OCR required
38_143685_box7_incident_summaries_101-172.pdf,104,false,0,,true,no extractable text found on this page,no text layer; OCR required
38_143685_box7_incident_summaries_101-172.pdf,105,false,0,,true,no extractable text found on this page,no text layer; OCR required
38_143685_box7_incident_summaries_101-172.pdf,106,false,0,,true,no extractable text found on this page,no text layer; OCR required
38_143685_box7_incident_summaries_101-172.pdf,107,false,0,,true,no extractable text found on this page,no text layer; OCR required
38_143685_box7_incident_summaries_101-172.pdf,108,false,0,,true,no extractable text found on this page,no text layer; OCR required
38_143685_box7_incident_summaries_101-172.pdf,109,false,0,,true,no extractable text found on this page,no text layer; OCR required
38_143685_box7_incident_summaries_101-172.pdf,110,false,0,,true,no extractable text found on this page,no text layer; OCR required
38_143685_box7_incident_summaries_101-172.pdf,111,false,0,,true,no extractable text found on this page,no text layer; OCR required
38_143685_box7_incident_summaries_101-172.pdf,112,false,0,,true,no extractable text found on this page,no text layer; OCR required
38_143685_box7_incident_summaries_101-172.pdf,113,false,0,,true,no extractable text found on this page,no text layer; OCR required
38_143685_box7_incident_summaries_101-172.pdf,114,false,0,,true,no extractable text found on this page,no text layer; OCR required
38_143685_box7_incident_summaries_101-172.pdf,115,false,0,,true,no extractable text found on this page,no text layer; OCR required
38_143685_box7_incident_summaries_101-172.pdf,116,false,0,,true,no extractable text found on this page,no text layer; OCR required
38_143685_box7_incident_summaries_101-172.pdf,117,false,0,,true,no extractable text found on this page,no text layer; OCR required
38_143685_box7_incident_summaries_101-172.pdf,118,false,0,,true,no extractable text found on this page,no text layer; OCR required
38_143685_box7_incident_summaries_101-172.pdf,119,false,0,,true,no extractable text found on this page,no text layer; OCR required
38_143685_box7_incident_summaries_101-172.pdf,120,false,0,,true,no extractable text found on this page,no text layer; OCR required
38_143685_box7_incident_summaries_101-172.pdf,121,false,0,,true,no extractable text found on this page,no text layer; OCR required
38_143685_box7_incident_summaries_101-172.pdf,122,false,0,,true,no extractable text found on this page,no text layer; OCR required
38_143685_box7_incident_summaries_101-172.pdf,123,false,0,,true,no extractable text found on this page,no text layer; OCR required
38_143685_box7_incident_summaries_101-172.pdf,124,false,0,,true,no extractable text found on this page,no text layer; OCR required
38_143685_box7_incident_summaries_101-172.pdf,125,false,0,,true,no extractable text found on this page,no text layer; OCR required
38_143685_box7_incident_summaries_101-172.pdf,126,false,0,,true,no extractable text found on this page,no text layer; OCR required
38_143685_box7_incident_summaries_101-172.pdf,127,false,0,,true,no extractable text found on this page,no text layer; OCR required
38_143685_box7_incident_summaries_101-172.pdf,128,false,0,,true,no extractable text found on this page,no text layer; OCR required
38_143685_box7_incident_summaries_101-172.pdf,129,false,0,,true,no extractable text found on this page,no text layer; OCR required
38_143685_box7_incident_summaries_101-172.pdf,130,false,0,,true,no extractable text found on this page,no text layer; OCR required
38_143685_box7_incident_summaries_101-172.pdf,131,false,0,,true,no extractable text found on this page,no text layer; OCR required
38_143685_box7_incident_summaries_101-172.pdf,132,false,0,,true,no extractable text found on this page,no text layer; OCR required
38_143685_box7_incident_summaries_101-172.pdf,133,false,0,,true,no extractable text found on this page,no text layer; OCR required
38_143685_box7_incident_summaries_101-172.pdf,134,false,0,,true,no extractable text found on this page,no text layer; OCR required
38_143685_box7_incident_summaries_101-172.pdf,135,false,0,,true,no extractable text found on this page,no text layer; OCR required
38_143685_box7_incident_summaries_101-172.pdf,136,false,0,,true,no extractable text found on this page,no text layer; OCR required
38_143685_box7_incident_summaries_101-172.pdf,137,false,0,,true,no extractable text found on this page,no text layer; OCR required
38_143685_box7_incident_summaries_101-172.pdf,138,false,0,,true,no extractable text found on this page,no text layer; OCR required
38_143685_box7_incident_summaries_101-172.pdf,139,false,0,,true,no extractable text found on this page,no text layer; OCR required
38_143685_box7_incident_summaries_101-172.pdf,140,false,0,,true,no extractable text found on this page,no text layer; OCR required
38_143685_box7_incident_summaries_101-172.pdf,141,false,0,,true,no extractable text found on this page,no text layer; OCR required
38_143685_box7_incident_summaries_101-172.pdf,142,false,0,,true,no extractable text found on this page,no text layer; OCR required
38_143685_box7_incident_summaries_101-172.pdf,143,false,0,,true,no extractable text found on this page,no text layer; OCR required
38_143685_box7_incident_summaries_101-172.pdf,144,false,0,,true,no extractable text found on this page,no text layer; OCR required
38_143685_box7_incident_summaries_101-172.pdf,145,false,0,,true,no extractable text found on this page,no text layer; OCR required
38_143685_box7_incident_summaries_101-172.pdf,146,false,0,,true,no extractable text found on this page,no text layer; OCR required
38_143685_box7_incident_summaries_101-172.pdf,147,false,0,,true,no extractable text found on this page,no text layer; OCR required
38_143685_box7_incident_summaries_101-172.pdf,148,false,0,,true,no extractable text found on this page,no text layer; OCR required
38_143685_box7_incident_summaries_101-172.pdf,149,false,0,,true,no extractable text found on this page,no text layer; OCR required
38_143685_box7_incident_summaries_101-172.pdf,150,false,0,,true,no extractable text found on this page,no text layer; OCR required
38_143685_box7_incident_summaries_101-172.pdf,151,false,0,,true,no extractable text found on this page,no text layer; OCR required
38_143685_box7_incident_summaries_101-172.pdf,152,false,0,,true,no extractable text found on this page,no text layer; OCR required
38_143685_box7_incident_summaries_101-172.pdf,153,false,0,,true,no extractable text found on this page,no text layer; OCR required
38_143685_box7_incident_summaries_101-172.pdf,154,false,0,,true,no extractable text found on this page,no text layer; OCR required
38_143685_box7_incident_summaries_101-172.pdf,155,false,0,,true,no extractable text found on this page,no text layer; OCR required
38_143685_box7_incident_summaries_101-172.pdf,156,false,0,,true,no extractable text found on this page,no text layer; OCR required
38_143685_box7_incident_summaries_101-172.pdf,157,false,0,,true,no extractable text found on this page,no text layer; OCR required
38_143685_box7_incident_summaries_101-172.pdf,158,false,0,,true,no extractable text found on this page,no text layer; OCR required
38_143685_box7_incident_summaries_101-172.pdf,159,false,0,,true,no extractable text found on this page,no text layer; OCR required
38_143685_box7_incident_summaries_101-172.pdf,160,false,0,,true,no extractable text found on this page,no text layer; OCR required
38_143685_box7_incident_summaries_101-172.pdf,161,false,0,,true,no extractable text found on this page,no text layer; OCR required
38_143685_box7_incident_summaries_101-172.pdf,162,false,0,,true,no extractable text found on this page,no text layer; OCR required
38_143685_box7_incident_summaries_101-172.pdf,163,false,0,,true,no extractable text found on this page,no text layer; OCR required
38_143685_box7_incident_summaries_101-172.pdf,164,false,0,,true,no extractable text found on this page,no text layer; OCR required
38_143685_box7_incident_summaries_101-172.pdf,165,false,0,,true,no extractable text found on this page,no text layer; OCR required
38_143685_box7_incident_summaries_101-172.pdf,166,false,0,,true,no extractable text found on this page,no text layer; OCR required
38_143685_box7_incident_summaries_101-172.pdf,167,false,0,,true,no extractable text found on this page,no text layer; OCR required
38_143685_box7_incident_summaries_101-172.pdf,168,false,0,,true,no extractable text found on this page,no text layer; OCR required
38_143685_box7_incident_summaries_101-172.pdf,169,false,0,,true,no extractable text found on this page,no text layer; OCR required
38_143685_box7_incident_summaries_101-172.pdf,170,false,0,,true,no extractable text found on this page,no text layer; OCR required
38_143685_box7_incident_summaries_101-172.pdf,171,false,0,,true,no extractable text found on this page,no text layer; OCR required
38_143685_box7_incident_summaries_101-172.pdf,172,false,0,,true,no extractable text found on this page,no text layer; OCR required
38_143685_box7_incident_summaries_101-172.pdf,173,false,0,,true,no extractable text found on this page,no text layer; OCR required
38_143685_box7_incident_summaries_101-172.pdf,174,false,0,,true,no extractable text found on this page,no text layer; OCR required
38_143685_box7_incident_summaries_101-172.pdf,175,false,0,,true,no extractable text found on this page,no text layer; OCR required
38_143685_box7_incident_summaries_101-172.pdf,176,false,0,,true,no extractable text found on this page,no text layer; OCR required
38_143685_box7_incident_summaries_101-172.pdf,177,false,0,,true,no extractable text found on this page,no text layer; OCR required
38_143685_box7_incident_summaries_101-172.pdf,178,false,0,,true,no extractable text found on this page,no text layer; OCR required
38_143685_box7_incident_summaries_173-233.pdf,1,false,0,,true,no extractable text found on this page,no text layer; OCR required
38_143685_box7_incident_summaries_173-233.pdf,2,false,0,,true,no extractable text found on this page,no text layer; OCR required
38_143685_box7_incident_summaries_173-233.pdf,3,false,0,,true,no extractable text found on this page,no text layer; OCR required
38_143685_box7_incident_summaries_173-233.pdf,4,false,0,,true,no extractable text found on this page,no text layer; OCR required
38_143685_box7_incident_summaries_173-233.pdf,5,false,0,,true,no extractable text found on this page,no text layer; OCR required
38_143685_box7_incident_summaries_173-233.pdf,6,false,0,,true,no extractable text found on this page,no text layer; OCR required
38_143685_box7_incident_summaries_173-233.pdf,7,false,0,,true,no extractable text found on this page,no text layer; OCR required
38_143685_box7_incident_summaries_173-233.pdf,8,false,0,,true,no extractable text found on this page,no text layer; OCR required
38_143685_box7_incident_summaries_173-233.pdf,9,false,0,,true,no extractable text found on this page,no text layer; OCR required
38_143685_box7_incident_summaries_173-233.pdf,10,false,0,,true,no extractable text found on this page,no text layer; OCR required
38_143685_box7_incident_summaries_173-233.pdf,11,false,0,,true,no extractable text found on this page,no text layer; OCR required
38_143685_box7_incident_summaries_173-233.pdf,12,false,0,,true,no extractable text found on this page,no text layer; OCR required
38_143685_box7_incident_summaries_173-233.pdf,13,false,0,,true,no extractable text found on this page,no text layer; OCR required
38_143685_box7_incident_summaries_173-233.pdf,14,false,0,,true,no extractable text found on this page,no text layer; OCR required
38_143685_box7_incident_summaries_173-233.pdf,15,false,0,,true,no extractable text found on this page,no text layer; OCR required
38_143685_box7_incident_summaries_173-233.pdf,16,false,0,,true,no extractable text found on this page,no text layer; OCR required
38_143685_box7_incident_summaries_173-233.pdf,17,false,0,,true,no extractable text found on this page,no text layer; OCR required
38_143685_box7_incident_summaries_173-233.pdf,18,false,0,,true,no extractable text found on this page,no text layer; OCR required
38_143685_box7_incident_summaries_173-233.pdf,19,false,0,,true,no extractable text found on this page,no text layer; OCR required
38_143685_box7_incident_summaries_173-233.pdf,20,false,0,,true,no extractable text found on this page,no text layer; OCR required
38_143685_box7_incident_summaries_173-233.pdf,21,false,0,,true,no extractable text found on this page,no text layer; OCR required
38_143685_box7_incident_summaries_173-233.pdf,22,false,0,,true,no extractable text found on this page,no text layer; OCR required
38_143685_box7_incident_summaries_173-233.pdf,23,false,0,,true,no extractable text found on this page,no text layer; OCR required
38_143685_box7_incident_summaries_173-233.pdf,24,false,0,,true,no extractable text found on this page,no text layer; OCR required
38_143685_box7_incident_summaries_173-233.pdf,25,false,0,,true,no extractable text found on this page,no text layer; OCR required
38_143685_box7_incident_summaries_173-233.pdf,26,false,0,,true,no extractable text found on this page,no text layer; OCR required
38_143685_box7_incident_summaries_173-233.pdf,27,false,0,,true,no extractable text found on this page,no text layer; OCR required
38_143685_box7_incident_summaries_173-233.pdf,28,false,0,,true,no extractable text found on this page,no text layer; OCR required
38_143685_box7_incident_summaries_173-233.pdf,29,false,0,,true,no extractable text found on this page,no text layer; OCR required
38_143685_box7_incident_summaries_173-233.pdf,30,false,0,,true,no extractable text found on this page,no text layer; OCR required
38_143685_box7_incident_summaries_173-233.pdf,31,false,0,,true,no extractable text found on this page,no text layer; OCR required
38_143685_box7_incident_summaries_173-233.pdf,32,false,0,,true,no extractable text found on this page,no text layer; OCR required
38_143685_box7_incident_summaries_173-233.pdf,33,false,0,,true,no extractable text found on this page,no text layer; OCR required
38_143685_box7_incident_summaries_173-233.pdf,34,false,0,,true,no extractable text found on this page,no text layer; OCR required
38_143685_box7_incident_summaries_173-233.pdf,35,false,0,,true,no extractable text found on this page,no text layer; OCR required
38_143685_box7_incident_summaries_173-233.pdf,36,false,0,,true,no extractable text found on this page,no text layer; OCR required
38_143685_box7_incident_summaries_173-233.pdf,37,false,0,,true,no extractable text found on this page,no text layer; OCR required
38_143685_box7_incident_summaries_173-233.pdf,38,false,0,,true,no extractable text found on this page,no text layer; OCR required
38_143685_box7_incident_summaries_173-233.pdf,39,false,0,,true,no extractable text found on this page,no text layer; OCR required
38_143685_box7_incident_summaries_173-233.pdf,40,false,0,,true,no extractable text found on this page,no text layer; OCR required
38_143685_box7_incident_summaries_173-233.pdf,41,false,0,,true,no extractable text found on this page,no text layer; OCR required
38_143685_box7_incident_summaries_173-233.pdf,42,false,0,,true,no extractable text found on this page,no text layer; OCR required
38_143685_box7_incident_summaries_173-233.pdf,43,false,0,,true,no extractable text found on this page,no text layer; OCR required
38_143685_box7_incident_summaries_173-233.pdf,44,false,0,,true,no extractable text found on this page,no text layer; OCR required
38_143685_box7_incident_summaries_173-233.pdf,45,false,0,,true,no extractable text found on this page,no text layer; OCR required
38_143685_box7_incident_summaries_173-233.pdf,46,false,0,,true,no extractable text found on this page,no text layer; OCR required
38_143685_box7_incident_summaries_173-233.pdf,47,false,0,,true,no extractable text found on this page,no text layer; OCR required
38_143685_box7_incident_summaries_173-233.pdf,48,false,0,,true,no extractable text found on this page,no text layer; OCR required
38_143685_box7_incident_summaries_173-233.pdf,49,false,0,,true,no extractable text found on this page,no text layer; OCR required
38_143685_box7_incident_summaries_173-233.pdf,50,false,0,,true,no extractable text found on this page,no text layer; OCR required
38_143685_box7_incident_summaries_173-233.pdf,51,false,0,,true,no extractable text found on this page,no text layer; OCR required
38_143685_box7_incident_summaries_173-233.pdf,52,false,0,,true,no extractable text found on this page,no text layer; OCR required
38_143685_box7_incident_summaries_173-233.pdf,53,false,0,,true,no extractable text found on this page,no text layer; OCR required
38_143685_box7_incident_summaries_173-233.pdf,54,false,0,,true,no extractable text found on this page,no text layer; OCR required
38_143685_box7_incident_summaries_173-233.pdf,55,false,0,,true,no extractable text found on this page,no text layer; OCR required
38_143685_box7_incident_summaries_173-233.pdf,56,false,0,,true,no extractable text found on this page,no text layer; OCR required
38_143685_box7_incident_summaries_173-233.pdf,57,false,0,,true,no extractable text found on this page,no text layer; OCR required
38_143685_box7_incident_summaries_173-233.pdf,58,false,0,,true,no extractable text found on this page,no text layer; OCR required
38_143685_box7_incident_summaries_173-233.pdf,59,false,0,,true,no extractable text found on this page,no text layer; OCR required
38_143685_box7_incident_summaries_173-233.pdf,60,false,0,,true,no extractable text found on this page,no text layer; OCR required
38_143685_box7_incident_summaries_173-233.pdf,61,false,0,,true,no extractable text found on this page,no text layer; OCR required
38_143685_box7_incident_summaries_173-233.pdf,62,false,0,,true,no extractable text found on this page,no text layer; OCR required
38_143685_box7_incident_summaries_173-233.pdf,63,false,0,,true,no extractable text found on this page,no text layer; OCR required
38_143685_box7_incident_summaries_173-233.pdf,64,false,0,,true,no extractable text found on this page,no text layer; OCR required
38_143685_box7_incident_summaries_173-233.pdf,65,false,0,,true,no extractable text found on this page,no text layer; OCR required
38_143685_box7_incident_summaries_173-233.pdf,66,false,0,,true,no extractable text found on this page,no text layer; OCR required
38_143685_box7_incident_summaries_173-233.pdf,67,false,0,,true,no extractable text found on this page,no text layer; OCR required
38_143685_box7_incident_summaries_173-233.pdf,68,false,0,,true,no extractable text found on this page,no text layer; OCR required
38_143685_box7_incident_summaries_173-233.pdf,69,false,0,,true,no extractable text found on this page,no text layer; OCR required
38_143685_box7_incident_summaries_173-233.pdf,70,false,0,,true,no extractable text found on this page,no text layer; OCR required
38_143685_box7_incident_summaries_173-233.pdf,71,false,0,,true,no extractable text found on this page,no text layer; OCR required
38_143685_box7_incident_summaries_173-233.pdf,72,false,0,,true,no extractable text found on this page,no text layer; OCR required
38_143685_box7_incident_summaries_173-233.pdf,73,false,0,,true,no extractable text found on this page,no text layer; OCR required
38_143685_box7_incident_summaries_173-233.pdf,74,false,0,,true,no extractable text found on this page,no text layer; OCR required
38_143685_box7_incident_summaries_173-233.pdf,75,false,0,,true,no extractable text found on this page,no text layer; OCR required
38_143685_box7_incident_summaries_173-233.pdf,76,false,0,,true,no extractable text found on this page,no text layer; OCR required
38_143685_box7_incident_summaries_173-233.pdf,77,false,0,,true,no extractable text found on this page,no text layer; OCR required
38_143685_box7_incident_summaries_173-233.pdf,78,false,0,,true,no extractable text found on this page,no text layer; OCR required
38_143685_box7_incident_summaries_173-233.pdf,79,false,0,,true,no extractable text found on this page,no text layer; OCR required
38_143685_box7_incident_summaries_173-233.pdf,80,false,0,,true,no extractable text found on this page,no text layer; OCR required
38_143685_box7_incident_summaries_173-233.pdf,81,false,0,,true,no extractable text found on this page,no text layer; OCR required
38_143685_box7_incident_summaries_173-233.pdf,82,false,0,,true,no extractable text found on this page,no text layer; OCR required
38_143685_box7_incident_summaries_173-233.pdf,83,false,0,,true,no extractable text found on this page,no text layer; OCR required
38_143685_box7_incident_summaries_173-233.pdf,84,false,0,,true,no extractable text found on this page,no text layer; OCR required
38_143685_box7_incident_summaries_173-233.pdf,85,false,0,,true,no extractable text found on this page,no text layer; OCR required
38_143685_box7_incident_summaries_173-233.pdf,86,false,0,,true,no extractable text found on this page,no text layer; OCR required
38_143685_box7_incident_summaries_173-233.pdf,87,false,0,,true,no extractable text found on this page,no text layer; OCR required
38_143685_box7_incident_summaries_173-233.pdf,88,false,0,,true,no extractable text found on this page,no text layer; OCR required
38_143685_box7_incident_summaries_173-233.pdf,89,false,0,,true,no extractable text found on this page,no text layer; OCR required
38_143685_box7_incident_summaries_173-233.pdf,90,false,0,,true,no extractable text found on this page,no text layer; OCR required
38_143685_box7_incident_summaries_173-233.pdf,91,false,0,,true,no extractable text found on this page,no text layer; OCR required
38_143685_box7_incident_summaries_173-233.pdf,92,false,0,,true,no extractable text found on this page,no text layer; OCR required
38_143685_box7_incident_summaries_173-233.pdf,93,false,0,,true,no extractable text found on this page,no text layer; OCR required
38_143685_box7_incident_summaries_173-233.pdf,94,false,0,,true,no extractable text found on this page,no text layer; OCR required
38_143685_box7_incident_summaries_173-233.pdf,95,false,0,,true,no extractable text found on this page,no text layer; OCR required
38_143685_box7_incident_summaries_173-233.pdf,96,false,0,,true,no extractable text found on this page,no text layer; OCR required
38_143685_box7_incident_summaries_173-233.pdf,97,false,0,,true,no extractable text found on this page,no text layer; OCR required
38_143685_box7_incident_summaries_173-233.pdf,98,false,0,,true,no extractable text found on this page,no text layer; OCR required
38_143685_box7_incident_summaries_173-233.pdf,99,false,0,,true,no extractable text found on this page,no text layer; OCR required
38_143685_box7_incident_summaries_173-233.pdf,100,false,0,,true,no extractable text found on this page,no text layer; OCR required
38_143685_box7_incident_summaries_173-233.pdf,101,false,0,,true,no extractable text found on this page,no text layer; OCR required
38_143685_box7_incident_summaries_173-233.pdf,102,false,0,,true,no extractable text found on this page,no text layer; OCR required
38_143685_box7_incident_summaries_173-233.pdf,103,false,0,,true,no extractable text found on this page,no text layer; OCR required
38_143685_box7_incident_summaries_173-233.pdf,104,false,0,,true,no extractable text found on this page,no text layer; OCR required
38_143685_box7_incident_summaries_173-233.pdf,105,false,0,,true,no extractable text found on this page,no text layer; OCR required
38_143685_box7_incident_summaries_173-233.pdf,106,false,0,,true,no extractable text found on this page,no text layer; OCR required
38_143685_box7_incident_summaries_173-233.pdf,107,false,0,,true,no extractable text found on this page,no text layer; OCR required
38_143685_box7_incident_summaries_173-233.pdf,108,false,0,,true,no extractable text found on this page,no text layer; OCR required
38_143685_box7_incident_summaries_173-233.pdf,109,false,0,,true,no extractable text found on this page,no text layer; OCR required
38_143685_box7_incident_summaries_173-233.pdf,110,false,0,,true,no extractable text found on this page,no text layer; OCR required
38_143685_box7_incident_summaries_173-233.pdf,111,false,0,,true,no extractable text found on this page,no text layer; OCR required
38_143685_box7_incident_summaries_173-233.pdf,112,false,0,,true,no extractable text found on this page,no text layer; OCR required
38_143685_box7_incident_summaries_173-233.pdf,113,false,0,,true,no extractable text found on this page,no text layer; OCR required
38_143685_box7_incident_summaries_173-233.pdf,114,false,0,,true,no extractable text found on this page,no text layer; OCR required
38_143685_box7_incident_summaries_173-233.pdf,115,false,0,,true,no extractable text found on this page,no text layer; OCR required
38_143685_box7_incident_summaries_173-233.pdf,116,false,0,,true,no extractable text found on this page,no text layer; OCR required
38_143685_box7_incident_summaries_173-233.pdf,117,false,0,,true,no extractable text found on this page,no text layer; OCR required
38_143685_box7_incident_summaries_173-233.pdf,118,false,0,,true,no extractable text found on this page,no text layer; OCR required
38_143685_box7_incident_summaries_173-233.pdf,119,false,0,,true,no extractable text found on this page,no text layer; OCR required
38_143685_box7_incident_summaries_173-233.pdf,120,false,0,,true,no extractable text found on this page,no text layer; OCR required
38_143685_box7_incident_summaries_173-233.pdf,121,false,0,,true,no extractable text found on this page,no text layer; OCR required
38_143685_box7_incident_summaries_173-233.pdf,122,false,0,,true,no extractable text found on this page,no text layer; OCR required
38_143685_box7_incident_summaries_173-233.pdf,123,false,0,,true,no extractable text found on this page,no text layer; OCR required
38_143685_box7_incident_summaries_173-233.pdf,124,false,0,,true,no extractable text found on this page,no text layer; OCR required
38_143685_box7_incident_summaries_173-233.pdf,125,false,0,,true,no extractable text found on this page,no text layer; OCR required
38_143685_box7_incident_summaries_173-233.pdf,126,false,0,,true,no extractable text found on this page,no text layer; OCR required
38_143685_box7_incident_summaries_173-233.pdf,127,false,0,,true,no extractable text found on this page,no text layer; OCR required
38_143685_box7_incident_summaries_173-233.pdf,128,false,0,,true,no extractable text found on this page,no text layer; OCR required
38_143685_box7_incident_summaries_173-233.pdf,129,false,0,,true,no extractable text found on this page,no text layer; OCR required
38_143685_box7_incident_summaries_173-233.pdf,130,false,0,,true,no extractable text found on this page,no text layer; OCR required
38_143685_box7_incident_summaries_173-233.pdf,131,false,0,,true,no extractable text found on this page,no text layer; OCR required
38_143685_box7_incident_summaries_173-233.pdf,132,false,0,,true,no extractable text found on this page,no text layer; OCR required
38_143685_box7_incident_summaries_173-233.pdf,133,false,0,,true,no extractable text found on this page,no text layer; OCR required
38_143685_box7_incident_summaries_173-233.pdf,134,false,0,,true,no extractable text found on this page,no text layer; OCR required
38_143685_box7_incident_summaries_173-233.pdf,135,false,0,,true,no extractable text found on this page,no text layer; OCR required
38_143685_box7_incident_summaries_173-233.pdf,136,false,0,,true,no extractable text found on this page,no text layer; OCR required
38_143685_box7_incident_summaries_173-233.pdf,137,false,0,,true,no extractable text found on this page,no text layer; OCR required
38_143685_box7_incident_summaries_173-233.pdf,138,false,0,,true,no extractable text found on this page,no text layer; OCR required
38_143685_box7_incident_summaries_173-233.pdf,139,false,0,,true,no extractable text found on this page,no text layer; OCR required
38_143685_box7_incident_summaries_173-233.pdf,140,false,0,,true,no extractable text found on this page,no text layer; OCR required
38_143685_box7_incident_summaries_173-233.pdf,141,false,0,,true,no extractable text found on this page,no text layer; OCR required
38_143685_box7_incident_summaries_173-233.pdf,142,false,0,,true,no extractable text found on this page,no text layer; OCR required
38_143685_box7_incident_summaries_173-233.pdf,143,false,0,,true,no extractable text found on this page,no text layer; OCR required
38_143685_box7_incident_summaries_173-233.pdf,144,false,0,,true,no extractable text found on this page,no text layer; OCR required
59_214434_sp_16_7.18.1963.pdf,1,false,0,,true,no extractable text found on this page,no text layer; OCR required
59_214434_sp_16_7.18.1963.pdf,2,false,0,,true,no extractable text found on this page,no text layer; OCR required
59_214434_sp_16_7.18.1963.pdf,3,false,0,,true,no extractable text found on this page,no text layer; OCR required
59_214434_sp_16_7.18.1963.pdf,4,false,0,,true,no extractable text found on this page,no text layer; OCR required
59_214434_sp_16_7.18.1963.pdf,5,false,0,,true,no extractable text found on this page,no text layer; OCR required
59_214434_sp_16_7.18.1963.pdf,6,false,0,,true,no extractable text found on this page,no text layer; OCR required
59_214434_sp_16_[7.18.1963].pdf,1,false,0,,true,no extractable text found on this page,no text layer; OCR required
59_214434_sp_16_[7.18.1963].pdf,2,false,0,,true,no extractable text found on this page,no text layer; OCR required
59_214434_sp_16_[7.18.1963].pdf,3,false,0,,true,no extractable text found on this page,no text layer; OCR required
59_214434_sp_16_[7.18.1963].pdf,4,false,0,,true,no extractable text found on this page,no text layer; OCR required
59_214434_sp_16_[7.18.1963].pdf,5,false,0,,true,no extractable text found on this page,no text layer; OCR required
59_214434_sp_16_[7.18.1963].pdf,6,false,0,,true,no extractable text found on this page,no text layer; OCR required
59_64634_711.5612[7-2852.pdf,1,true,345,". .. A.F. July 28, 1952 MElmRANDUU \ To: Jir. A~rong Paul Nitze asked me what the Air Force thought about tLe flying sau…",false,embedded text sufficient (345 chars),"text layer present, OCR not needed"
59_64634_711.5612[7-2852.pdf,2,true,1570,".. . ... July 28, 1952 UE~.IORANDU?.'! Subject: Flying Saucers General Samford, 1- 2, in response to my inquiry, said th…",false,embedded text sufficient (1570 chars),"text layer present, OCR not needed"
65_hs1-101634279_100-de-18221_serial_844.pdf,1,false,0,,true,no extractable text found on this page,no text layer; OCR required
65_hs1-101634279_100-de-26505.pdf,1,false,0,,true,no extractable text found on this page,no text layer; OCR required
65_hs1-101634279_100-de-26505.pdf,2,false,0,,true,no extractable text found on this page,no text layer; OCR required
65_hs1-101634279_100-de-26505.pdf,3,false,0,,true,no extractable text found on this page,no text layer; OCR required
65_hs1-101634279_100-de-26505.pdf,4,false,0,,true,no extractable text found on this page,no text layer; OCR required
65_hs1-101634279_100-de-26505.pdf,5,false,0,,true,no extractable text found on this page,no text layer; OCR required
65_hs1-101634279_100-de-26505.pdf,6,false,0,,true,no extractable text found on this page,no text layer; OCR required
65_hs1-101634279_100-de-26505.pdf,7,false,0,,true,no extractable text found on this page,no text layer; OCR required
65_hs1-101634279_100-de-26505.pdf,8,false,0,,true,no extractable text found on this page,no text layer; OCR required
65_hs1-101634279_100-de-26505.pdf,9,false,0,,true,no extractable text found on this page,no text layer; OCR required
65_hs1-101634279_100-de-26505.pdf,10,false,0,,true,no extractable text found on this page,no text layer; OCR required
65_hs1-101634279_100-de-26505.pdf,11,false,0,,true,no extractable text found on this page,no text layer; OCR required
65_hs1-101634279_100-de-26505.pdf,12,false,0,,true,no extractable text found on this page,no text layer; OCR required
65_hs1-101634279_100-de-26505.pdf,13,false,0,,true,no extractable text found on this page,no text layer; OCR required
65_hs1-101634279_100-de-26505.pdf,14,false,0,,true,no extractable text found on this page,no text layer; OCR required
65_hs1-101634279_100-de-26505.pdf,15,false,0,,true,no extractable text found on this page,no text layer; OCR required
65_hs1-834228961_62-hq-83894_section_1.pdf,1,false,0,,true,no extractable text found on this page,no text layer; OCR required
65_hs1-834228961_62-hq-83894_section_1.pdf,2,false,0,,true,no extractable text found on this page,no text layer; OCR required
65_hs1-834228961_62-hq-83894_section_1.pdf,3,false,0,,true,no extractable text found on this page,no text layer; OCR required
65_hs1-834228961_62-hq-83894_section_1.pdf,4,false,0,,true,no extractable text found on this page,no text layer; OCR required
65_hs1-834228961_62-hq-83894_section_1.pdf,5,false,0,,true,no extractable text found on this page,no text layer; OCR required
65_hs1-834228961_62-hq-83894_section_1.pdf,6,false,0,,true,no extractable text found on this page,no text layer; OCR required
65_hs1-834228961_62-hq-83894_section_1.pdf,7,false,0,,true,no extractable text found on this page,no text layer; OCR required
65_hs1-834228961_62-hq-83894_section_1.pdf,8,false,0,,true,no extractable text found on this page,no text layer; OCR required
65_hs1-834228961_62-hq-83894_section_1.pdf,9,false,0,,true,no extractable text found on this page,no text layer; OCR required
65_hs1-834228961_62-hq-83894_section_1.pdf,10,false,0,,true,no extractable text found on this page,no text layer; OCR required
65_hs1-834228961_62-hq-83894_section_1.pdf,11,false,0,,true,no extractable text found on this page,no text layer; OCR required
65_hs1-834228961_62-hq-83894_section_1.pdf,12,false,0,,true,no extractable text found on this page,no text layer; OCR required
65_hs1-834228961_62-hq-83894_section_1.pdf,13,false,0,,true,no extractable text found on this page,no text layer; OCR required
65_hs1-834228961_62-hq-83894_section_1.pdf,14,false,0,,true,no extractable text found on this page,no text layer; OCR required
65_hs1-834228961_62-hq-83894_section_1.pdf,15,false,0,,true,no extractable text found on this page,no text layer; OCR required
65_hs1-834228961_62-hq-83894_section_1.pdf,16,false,0,,true,no extractable text found on this page,no text layer; OCR required
65_hs1-834228961_62-hq-83894_section_1.pdf,17,false,0,,true,no extractable text found on this page,no text layer; OCR required
65_hs1-834228961_62-hq-83894_section_1.pdf,18,false,0,,true,no extractable text found on this page,no text layer; OCR required
65_hs1-834228961_62-hq-83894_section_1.pdf,19,false,0,,true,no extractable text found on this page,no text layer; OCR required
65_hs1-834228961_62-hq-83894_section_1.pdf,20,false,0,,true,no extractable text found on this page,no text layer; OCR required
65_hs1-834228961_62-hq-83894_section_1.pdf,21,false,0,,true,no extractable text found on this page,no text layer; OCR required
65_hs1-834228961_62-hq-83894_section_1.pdf,22,false,0,,true,no extractable text found on this page,no text layer; OCR required
65_hs1-834228961_62-hq-83894_section_1.pdf,23,false,0,,true,no extractable text found on this page,no text layer; OCR required
65_hs1-834228961_62-hq-83894_section_1.pdf,24,false,0,,true,no extractable text found on this page,no text layer; OCR required
65_hs1-834228961_62-hq-83894_section_1.pdf,25,false,0,,true,no extractable text found on this page,no text layer; OCR required
65_hs1-834228961_62-hq-83894_section_1.pdf,26,false,0,,true,no extractable text found on this page,no text layer; OCR required
65_hs1-834228961_62-hq-83894_section_1.pdf,27,false,0,,true,no extractable text found on this page,no text layer; OCR required
65_hs1-834228961_62-hq-83894_section_1.pdf,28,false,0,,true,no extractable text found on this page,no text layer; OCR required
65_hs1-834228961_62-hq-83894_section_1.pdf,29,false,0,,true,no extractable text found on this page,no text layer; OCR required
65_hs1-834228961_62-hq-83894_section_1.pdf,30,false,0,,true,no extractable text found on this page,no text layer; OCR required
65_hs1-834228961_62-hq-83894_section_1.pdf,31,false,0,,true,no extractable text found on this page,no text layer; OCR required
65_hs1-834228961_62-hq-83894_section_1.pdf,32,false,0,,true,no extractable text found on this page,no text layer; OCR required
65_hs1-834228961_62-hq-83894_section_1.pdf,33,false,0,,true,no extractable text found on this page,no text layer; OCR required
65_hs1-834228961_62-hq-83894_section_1.pdf,34,false,0,,true,no extractable text found on this page,no text layer; OCR required
65_hs1-834228961_62-hq-83894_section_1.pdf,35,false,0,,true,no extractable text found on this page,no text layer; OCR required
65_hs1-834228961_62-hq-83894_section_1.pdf,36,false,0,,true,no extractable text found on this page,no text layer; OCR required
65_hs1-834228961_62-hq-83894_section_1.pdf,37,false,0,,true,no extractable text found on this page,no text layer; OCR required
65_hs1-834228961_62-hq-83894_section_1.pdf,38,false,0,,true,no extractable text found on this page,no text layer; OCR required
65_hs1-834228961_62-hq-83894_section_1.pdf,39,false,0,,true,no extractable text found on this page,no text layer; OCR required
65_hs1-834228961_62-hq-83894_section_1.pdf,40,false,0,,true,no extractable text found on this page,no text layer; OCR required
65_hs1-834228961_62-hq-83894_section_1.pdf,41,false,0,,true,no extractable text found on this page,no text layer; OCR required
65_hs1-834228961_62-hq-83894_section_1.pdf,42,false,0,,true,no extractable text found on this page,no text layer; OCR required
65_hs1-834228961_62-hq-83894_section_1.pdf,43,false,0,,true,no extractable text found on this page,no text layer; OCR required
65_hs1-834228961_62-hq-83894_section_1.pdf,44,false,0,,true,no extractable text found on this page,no text layer; OCR required
65_hs1-834228961_62-hq-83894_section_1.pdf,45,false,0,,true,no extractable text found on this page,no text layer; OCR required
65_hs1-834228961_62-hq-83894_section_1.pdf,46,false,0,,true,no extractable text found on this page,no text layer; OCR required
65_hs1-834228961_62-hq-83894_section_1.pdf,47,false,0,,true,no extractable text found on this page,no text layer; OCR required
65_hs1-834228961_62-hq-83894_section_1.pdf,48,false,0,,true,no extractable text found on this page,no text layer; OCR required
65_hs1-834228961_62-hq-83894_section_1.pdf,49,false,0,,true,no extractable text found on this page,no text layer; OCR required
65_hs1-834228961_62-hq-83894_section_1.pdf,50,false,0,,true,no extractable text found on this page,no text layer; OCR required
65_hs1-834228961_62-hq-83894_section_1.pdf,51,false,0,,true,no extractable text found on this page,no text layer; OCR required
65_hs1-834228961_62-hq-83894_section_1.pdf,52,false,0,,true,no extractable text found on this page,no text layer; OCR required
65_hs1-834228961_62-hq-83894_section_1.pdf,53,false,0,,true,no extractable text found on this page,no text layer; OCR required
65_hs1-834228961_62-hq-83894_section_1.pdf,54,false,0,,true,no extractable text found on this page,no text layer; OCR required
65_hs1-834228961_62-hq-83894_section_1.pdf,55,false,0,,true,no extractable text found on this page,no text layer; OCR required
65_hs1-834228961_62-hq-83894_section_1.pdf,56,false,0,,true,no extractable text found on this page,no text layer; OCR required
65_hs1-834228961_62-hq-83894_section_1.pdf,57,false,0,,true,no extractable text found on this page,no text layer; OCR required
65_hs1-834228961_62-hq-83894_section_1.pdf,58,false,0,,true,no extractable text found on this page,no text layer; OCR required
65_hs1-834228961_62-hq-83894_section_1.pdf,59,false,0,,true,no extractable text found on this page,no text layer; OCR required
65_hs1-834228961_62-hq-83894_section_1.pdf,60,false,0,,true,no extractable text found on this page,no text layer; OCR required
65_hs1-834228961_62-hq-83894_section_1.pdf,61,false,0,,true,no extractable text found on this page,no text layer; OCR required
65_hs1-834228961_62-hq-83894_section_1.pdf,62,false,0,,true,no extractable text found on this page,no text layer; OCR required
65_hs1-834228961_62-hq-83894_section_1.pdf,63,false,0,,true,no extractable text found on this page,no text layer; OCR required
65_hs1-834228961_62-hq-83894_section_1.pdf,64,false,0,,true,no extractable text found on this page,no text layer; OCR required
65_hs1-834228961_62-hq-83894_section_1.pdf,65,false,0,,true,no extractable text found on this page,no text layer; OCR required
65_hs1-834228961_62-hq-83894_section_1.pdf,66,false,0,,true,no extractable text found on this page,no text layer; OCR required
65_hs1-834228961_62-hq-83894_section_1.pdf,67,false,0,,true,no extractable text found on this page,no text layer; OCR required
65_hs1-834228961_62-hq-83894_section_1.pdf,68,false,0,,true,no extractable text found on this page,no text layer; OCR required
65_hs1-834228961_62-hq-83894_section_1.pdf,69,false,0,,true,no extractable text found on this page,no text layer; OCR required
65_hs1-834228961_62-hq-83894_section_1.pdf,70,false,0,,true,no extractable text found on this page,no text layer; OCR required
65_hs1-834228961_62-hq-83894_section_1.pdf,71,false,0,,true,no extractable text found on this page,no text layer; OCR required
65_hs1-834228961_62-hq-83894_section_1.pdf,72,false,0,,true,no extractable text found on this page,no text layer; OCR required
65_hs1-834228961_62-hq-83894_section_1.pdf,73,false,0,,true,no extractable text found on this page,no text layer; OCR required
65_hs1-834228961_62-hq-83894_section_1.pdf,74,false,0,,true,no extractable text found on this page,no text layer; OCR required
65_hs1-834228961_62-hq-83894_section_1.pdf,75,false,0,,true,no extractable text found on this page,no text layer; OCR required
65_hs1-834228961_62-hq-83894_section_1.pdf,76,false,0,,true,no extractable text found on this page,no text layer; OCR required
65_hs1-834228961_62-hq-83894_section_1.pdf,77,false,0,,true,no extractable text found on this page,no text layer; OCR required
65_hs1-834228961_62-hq-83894_section_1.pdf,78,false,0,,true,no extractable text found on this page,no text layer; OCR required
65_hs1-834228961_62-hq-83894_section_1.pdf,79,false,0,,true,no extractable text found on this page,no text layer; OCR required
65_hs1-834228961_62-hq-83894_section_1.pdf,80,false,0,,true,no extractable text found on this page,no text layer; OCR required
65_hs1-834228961_62-hq-83894_section_1.pdf,81,false,0,,true,no extractable text found on this page,no text layer; OCR required
65_hs1-834228961_62-hq-83894_section_1.pdf,82,false,0,,true,no extractable text found on this page,no text layer; OCR required
65_hs1-834228961_62-hq-83894_section_1.pdf,83,false,0,,true,no extractable text found on this page,no text layer; OCR required
65_hs1-834228961_62-hq-83894_section_1.pdf,84,false,0,,true,no extractable text found on this page,no text layer; OCR required
65_hs1-834228961_62-hq-83894_section_1.pdf,85,false,0,,true,no extractable text found on this page,no text layer; OCR required
65_hs1-834228961_62-hq-83894_section_1.pdf,86,false,0,,true,no extractable text found on this page,no text layer; OCR required
65_hs1-834228961_62-hq-83894_section_1.pdf,87,false,0,,true,no extractable text found on this page,no text layer; OCR required
65_hs1-834228961_62-hq-83894_section_1.pdf,88,false,0,,true,no extractable text found on this page,no text layer; OCR required
65_hs1-834228961_62-hq-83894_section_1.pdf,89,false,0,,true,no extractable text found on this page,no text layer; OCR required
65_hs1-834228961_62-hq-83894_section_1.pdf,90,false,0,,true,no extractable text found on this page,no text layer; OCR required
65_hs1-834228961_62-hq-83894_section_1.pdf,91,false,0,,true,no extractable text found on this page,no text layer; OCR required
65_hs1-834228961_62-hq-83894_section_1.pdf,92,false,0,,true,no extractable text found on this page,no text layer; OCR required
65_hs1-834228961_62-hq-83894_section_1.pdf,93,false,0,,true,no extractable text found on this page,no text layer; OCR required
65_hs1-834228961_62-hq-83894_section_1.pdf,94,false,0,,true,no extractable text found on this page,no text layer; OCR required
65_hs1-834228961_62-hq-83894_section_1.pdf,95,false,0,,true,no extractable text found on this page,no text layer; OCR required
65_hs1-834228961_62-hq-83894_section_1.pdf,96,false,0,,true,no extractable text found on this page,no text layer; OCR required
65_hs1-834228961_62-hq-83894_section_1.pdf,97,false,0,,true,no extractable text found on this page,no text layer; OCR required
65_hs1-834228961_62-hq-83894_section_1.pdf,98,false,0,,true,no extractable text found on this page,no text layer; OCR required
65_hs1-834228961_62-hq-83894_section_1.pdf,99,false,0,,true,no extractable text found on this page,no text layer; OCR required
65_hs1-834228961_62-hq-83894_section_1.pdf,100,false,0,,true,no extractable text found on this page,no text layer; OCR required
65_hs1-834228961_62-hq-83894_section_1.pdf,101,false,0,,true,no extractable text found on this page,no text layer; OCR required
65_hs1-834228961_62-hq-83894_section_1.pdf,102,false,0,,true,no extractable text found on this page,no text layer; OCR required
65_hs1-834228961_62-hq-83894_section_1.pdf,103,false,0,,true,no extractable text found on this page,no text layer; OCR required
65_hs1-834228961_62-hq-83894_section_1.pdf,104,false,0,,true,no extractable text found on this page,no text layer; OCR required
65_hs1-834228961_62-hq-83894_section_1.pdf,105,false,0,,true,no extractable text found on this page,no text layer; OCR required
65_hs1-834228961_62-hq-83894_section_1.pdf,106,false,0,,true,no extractable text found on this page,no text layer; OCR required
65_hs1-834228961_62-hq-83894_section_1.pdf,107,false,0,,true,no extractable text found on this page,no text layer; OCR required
65_hs1-834228961_62-hq-83894_section_1.pdf,108,false,0,,true,no extractable text found on this page,no text layer; OCR required
65_hs1-834228961_62-hq-83894_section_1.pdf,109,false,0,,true,no extractable text found on this page,no text layer; OCR required
65_hs1-834228961_62-hq-83894_section_1.pdf,110,false,0,,true,no extractable text found on this page,no text layer; OCR required
65_hs1-834228961_62-hq-83894_section_1.pdf,111,false,0,,true,no extractable text found on this page,no text layer; OCR required
65_hs1-834228961_62-hq-83894_section_1.pdf,112,false,0,,true,no extractable text found on this page,no text layer; OCR required
65_hs1-834228961_62-hq-83894_section_1.pdf,113,false,0,,true,no extractable text found on this page,no text layer; OCR required
65_hs1-834228961_62-hq-83894_section_1.pdf,114,false,0,,true,no extractable text found on this page,no text layer; OCR required
65_hs1-834228961_62-hq-83894_section_1.pdf,115,false,0,,true,no extractable text found on this page,no text layer; OCR required
65_hs1-834228961_62-hq-83894_section_1.pdf,116,false,0,,true,no extractable text found on this page,no text layer; OCR required
65_hs1-834228961_62-hq-83894_section_1.pdf,117,false,0,,true,no extractable text found on this page,no text layer; OCR required
65_hs1-834228961_62-hq-83894_section_1.pdf,118,false,0,,true,no extractable text found on this page,no text layer; OCR required
65_hs1-834228961_62-hq-83894_section_1.pdf,119,false,0,,true,no extractable text found on this page,no text layer; OCR required
65_hs1-834228961_62-hq-83894_section_1.pdf,120,false,0,,true,no extractable text found on this page,no text layer; OCR required
65_hs1-834228961_62-hq-83894_section_1.pdf,121,false,0,,true,no extractable text found on this page,no text layer; OCR required
65_hs1-834228961_62-hq-83894_section_1.pdf,122,false,0,,true,no extractable text found on this page,no text layer; OCR required
65_hs1-834228961_62-hq-83894_section_1.pdf,123,false,0,,true,no extractable text found on this page,no text layer; OCR required
65_hs1-834228961_62-hq-83894_section_1.pdf,124,false,0,,true,no extractable text found on this page,no text layer; OCR required
65_hs1-834228961_62-hq-83894_section_1.pdf,125,false,0,,true,no extractable text found on this page,no text layer; OCR required
65_hs1-834228961_62-hq-83894_section_1.pdf,126,false,0,,true,no extractable text found on this page,no text layer; OCR required
65_hs1-834228961_62-hq-83894_section_1.pdf,127,false,0,,true,no extractable text found on this page,no text layer; OCR required
65_hs1-834228961_62-hq-83894_section_1.pdf,128,false,0,,true,no extractable text found on this page,no text layer; OCR required
65_hs1-834228961_62-hq-83894_section_1.pdf,129,false,0,,true,no extractable text found on this page,no text layer; OCR required
65_hs1-834228961_62-hq-83894_section_1.pdf,130,false,0,,true,no extractable text found on this page,no text layer; OCR required
65_hs1-834228961_62-hq-83894_section_1.pdf,131,false,0,,true,no extractable text found on this page,no text layer; OCR required
65_hs1-834228961_62-hq-83894_section_1.pdf,132,false,0,,true,no extractable text found on this page,no text layer; OCR required
65_hs1-834228961_62-hq-83894_section_1.pdf,133,false,0,,true,no extractable text found on this page,no text layer; OCR required
65_hs1-834228961_62-hq-83894_section_1.pdf,134,false,0,,true,no extractable text found on this page,no text layer; OCR required
65_hs1-834228961_62-hq-83894_section_1.pdf,135,false,0,,true,no extractable text found on this page,no text layer; OCR required
65_hs1-834228961_62-hq-83894_section_1.pdf,136,false,0,,true,no extractable text found on this page,no text layer; OCR required
65_hs1-834228961_62-hq-83894_section_1.pdf,137,false,0,,true,no extractable text found on this page,no text layer; OCR required
65_hs1-834228961_62-hq-83894_section_1.pdf,138,false,0,,true,no extractable text found on this page,no text layer; OCR required
65_hs1-834228961_62-hq-83894_section_1.pdf,139,false,0,,true,no extractable text found on this page,no text layer; OCR required
65_hs1-834228961_62-hq-83894_section_1.pdf,140,false,0,,true,no extractable text found on this page,no text layer; OCR required
65_hs1-834228961_62-hq-83894_section_1.pdf,141,false,0,,true,no extractable text found on this page,no text layer; OCR required
65_hs1-834228961_62-hq-83894_section_1.pdf,142,false,0,,true,no extractable text found on this page,no text layer; OCR required
65_hs1-834228961_62-hq-83894_section_1.pdf,143,false,0,,true,no extractable text found on this page,no text layer; OCR required
65_hs1-834228961_62-hq-83894_section_1.pdf,144,false,0,,true,no extractable text found on this page,no text layer; OCR required
65_hs1-834228961_62-hq-83894_section_1.pdf,145,false,0,,true,no extractable text found on this page,no text layer; OCR required
65_hs1-834228961_62-hq-83894_section_1.pdf,146,false,0,,true,no extractable text found on this page,no text layer; OCR required
65_hs1-834228961_62-hq-83894_section_1.pdf,147,false,0,,true,no extractable text found on this page,no text layer; OCR required
65_hs1-834228961_62-hq-83894_section_1.pdf,148,false,0,,true,no extractable text found on this page,no text layer; OCR required
65_hs1-834228961_62-hq-83894_section_1.pdf,149,false,0,,true,no extractable text found on this page,no text layer; OCR required
65_hs1-834228961_62-hq-83894_section_1.pdf,150,false,0,,true,no extractable text found on this page,no text layer; OCR required
65_hs1-834228961_62-hq-83894_section_1.pdf,151,false,0,,true,no extractable text found on this page,no text layer; OCR required
65_hs1-834228961_62-hq-83894_section_1.pdf,152,false,0,,true,no extractable text found on this page,no text layer; OCR required
65_hs1-834228961_62-hq-83894_section_1.pdf,153,false,0,,true,no extractable text found on this page,no text layer; OCR required
65_hs1-834228961_62-hq-83894_section_1.pdf,154,false,0,,true,no extractable text found on this page,no text layer; OCR required
65_hs1-834228961_62-hq-83894_section_1.pdf,155,false,0,,true,no extractable text found on this page,no text layer; OCR required
65_hs1-834228961_62-hq-83894_section_1.pdf,156,false,0,,true,no extractable text found on this page,no text layer; OCR required
65_hs1-834228961_62-hq-83894_section_1.pdf,157,false,0,,true,no extractable text found on this page,no text layer; OCR required
65_hs1-834228961_62-hq-83894_section_1.pdf,158,false,0,,true,no extractable text found on this page,no text layer; OCR required
65_hs1-834228961_62-hq-83894_section_1.pdf,159,false,0,,true,no extractable text found on this page,no text layer; OCR required
65_hs1-834228961_62-hq-83894_section_1.pdf,160,false,0,,true,no extractable text found on this page,no text layer; OCR required
65_hs1-834228961_62-hq-83894_section_1.pdf,161,false,0,,true,no extractable text found on this page,no text layer; OCR required
65_hs1-834228961_62-hq-83894_section_1.pdf,162,false,0,,true,no extractable text found on this page,no text layer; OCR required
65_hs1-834228961_62-hq-83894_section_1.pdf,163,false,0,,true,no extractable text found on this page,no text layer; OCR required
65_hs1-834228961_62-hq-83894_section_1.pdf,164,false,0,,true,no extractable text found on this page,no text layer; OCR required
65_hs1-834228961_62-hq-83894_section_1.pdf,165,false,0,,true,no extractable text found on this page,no text layer; OCR required
65_hs1-834228961_62-hq-83894_section_1.pdf,166,false,0,,true,no extractable text found on this page,no text layer; OCR required
65_hs1-834228961_62-hq-83894_section_1.pdf,167,false,0,,true,no extractable text found on this page,no text layer; OCR required
65_hs1-834228961_62-hq-83894_section_1.pdf,168,false,0,,true,no extractable text found on this page,no text layer; OCR required
65_hs1-834228961_62-hq-83894_section_1.pdf,169,false,0,,true,no extractable text found on this page,no text layer; OCR required
65_hs1-834228961_62-hq-83894_section_1.pdf,170,false,0,,true,no extractable text found on this page,no text layer; OCR required
65_hs1-834228961_62-hq-83894_section_1.pdf,171,false,0,,true,no extractable text found on this page,no text layer; OCR required
65_hs1-834228961_62-hq-83894_section_1.pdf,172,false,0,,true,no extractable text found on this page,no text layer; OCR required
65_hs1-834228961_62-hq-83894_section_1.pdf,173,false,0,,true,no extractable text found on this page,no text layer; OCR required
65_hs1-834228961_62-hq-83894_section_1.pdf,174,false,0,,true,no extractable text found on this page,no text layer; OCR required
65_hs1-834228961_62-hq-83894_section_1.pdf,175,false,0,,true,no extractable text found on this page,no text layer; OCR required
65_hs1-834228961_62-hq-83894_section_1.pdf,176,false,0,,true,no extractable text found on this page,no text layer; OCR required
65_hs1-834228961_62-hq-83894_section_1.pdf,177,false,0,,true,no extractable text found on this page,no text layer; OCR required
65_hs1-834228961_62-hq-83894_section_1.pdf,178,false,0,,true,no extractable text found on this page,no text layer; OCR required
65_hs1-834228961_62-hq-83894_section_1.pdf,179,false,0,,true,no extractable text found on this page,no text layer; OCR required
65_hs1-834228961_62-hq-83894_section_1.pdf,180,false,0,,true,no extractable text found on this page,no text layer; OCR required
65_hs1-834228961_62-hq-83894_section_1.pdf,181,false,0,,true,no extractable text found on this page,no text layer; OCR required
65_hs1-834228961_62-hq-83894_section_1.pdf,182,false,0,,true,no extractable text found on this page,no text layer; OCR required
65_hs1-834228961_62-hq-83894_section_1.pdf,183,false,0,,true,no extractable text found on this page,no text layer; OCR required
65_hs1-834228961_62-hq-83894_section_1.pdf,184,false,0,,true,no extractable text found on this page,no text layer; OCR required
65_hs1-834228961_62-hq-83894_section_1.pdf,185,false,0,,true,no extractable text found on this page,no text layer; OCR required
65_hs1-834228961_62-hq-83894_section_10.pdf,1,false,0,,true,no extractable text found on this page,no text layer; OCR required
65_hs1-834228961_62-hq-83894_section_10.pdf,2,false,0,,true,no extractable text found on this page,no text layer; OCR required
65_hs1-834228961_62-hq-83894_section_10.pdf,3,false,0,,true,no extractable text found on this page,no text layer; OCR required
65_hs1-834228961_62-hq-83894_section_10.pdf,4,false,0,,true,no extractable text found on this page,no text layer; OCR required
65_hs1-834228961_62-hq-83894_section_10.pdf,5,false,0,,true,no extractable text found on this page,no text layer; OCR required
65_hs1-834228961_62-hq-83894_section_10.pdf,6,false,0,,true,no extractable text found on this page,no text layer; OCR required
65_hs1-834228961_62-hq-83894_section_10.pdf,7,false,0,,true,no extractable text found on this page,no text layer; OCR required
65_hs1-834228961_62-hq-83894_section_10.pdf,8,false,0,,true,no extractable text found on this page,no text layer; OCR required
65_hs1-834228961_62-hq-83894_section_10.pdf,9,false,0,,true,no extractable text found on this page,no text layer; OCR required
65_hs1-834228961_62-hq-83894_section_10.pdf,10,false,0,,true,no extractable text found on this page,no text layer; OCR required
65_hs1-834228961_62-hq-83894_section_10.pdf,11,false,0,,true,no extractable text found on this page,no text layer; OCR required
65_hs1-834228961_62-hq-83894_section_10.pdf,12,false,0,,true,no extractable text found on this page,no text layer; OCR required
65_hs1-834228961_62-hq-83894_section_10.pdf,13,false,0,,true,no extractable text found on this page,no text layer; OCR required
65_hs1-834228961_62-hq-83894_section_10.pdf,14,false,0,,true,no extractable text found on this page,no text layer; OCR required
65_hs1-834228961_62-hq-83894_section_10.pdf,15,false,0,,true,no extractable text found on this page,no text layer; OCR required
65_hs1-834228961_62-hq-83894_section_10.pdf,16,false,0,,true,no extractable text found on this page,no text layer; OCR required
65_hs1-834228961_62-hq-83894_section_10.pdf,17,false,0,,true,no extractable text found on this page,no text layer; OCR required
65_hs1-834228961_62-hq-83894_section_10.pdf,18,false,0,,true,no extractable text found on this page,no text layer; OCR required
65_hs1-834228961_62-hq-83894_section_10.pdf,19,false,0,,true,no extractable text found on this page,no text layer; OCR required
65_hs1-834228961_62-hq-83894_section_10.pdf,20,false,0,,true,no extractable text found on this page,no text layer; OCR required
65_hs1-834228961_62-hq-83894_section_10.pdf,21,false,0,,true,no extractable text found on this page,no text layer; OCR required
65_hs1-834228961_62-hq-83894_section_10.pdf,22,false,0,,true,no extractable text found on this page,no text layer; OCR required
65_hs1-834228961_62-hq-83894_section_10.pdf,23,false,0,,true,no extractable text found on this page,no text layer; OCR required
65_hs1-834228961_62-hq-83894_section_10.pdf,24,false,0,,true,no extractable text found on this page,no text layer; OCR required
65_hs1-834228961_62-hq-83894_section_10.pdf,25,false,0,,true,no extractable text found on this page,no text layer; OCR required
65_hs1-834228961_62-hq-83894_section_10.pdf,26,false,0,,true,no extractable text found on this page,no text layer; OCR required
65_hs1-834228961_62-hq-83894_section_10.pdf,27,false,0,,true,no extractable text found on this page,no text layer; OCR required
65_hs1-834228961_62-hq-83894_section_10.pdf,28,false,0,,true,no extractable text found on this page,no text layer; OCR required
65_hs1-834228961_62-hq-83894_section_10.pdf,29,false,0,,true,no extractable text found on this page,no text layer; OCR required
65_hs1-834228961_62-hq-83894_section_10.pdf,30,false,0,,true,no extractable text found on this page,no text layer; OCR required
65_hs1-834228961_62-hq-83894_section_10.pdf,31,false,0,,true,no extractable text found on this page,no text layer; OCR required
65_hs1-834228961_62-hq-83894_section_10.pdf,32,false,0,,true,no extractable text found on this page,no text layer; OCR required
65_hs1-834228961_62-hq-83894_section_10.pdf,33,false,0,,true,no extractable text found on this page,no text layer; OCR required
65_hs1-834228961_62-hq-83894_section_10.pdf,34,false,0,,true,no extractable text found on this page,no text layer; OCR required
65_hs1-834228961_62-hq-83894_section_10.pdf,35,false,0,,true,no extractable text found on this page,no text layer; OCR required
65_hs1-834228961_62-hq-83894_section_10.pdf,36,false,0,,true,no extractable text found on this page,no text layer; OCR required
65_hs1-834228961_62-hq-83894_section_10.pdf,37,false,0,,true,no extractable text found on this page,no text layer; OCR required
65_hs1-834228961_62-hq-83894_section_10.pdf,38,false,0,,true,no extractable text found on this page,no text layer; OCR required
65_hs1-834228961_62-hq-83894_section_10.pdf,39,false,0,,true,no extractable text found on this page,no text layer; OCR required
65_hs1-834228961_62-hq-83894_section_10.pdf,40,false,0,,true,no extractable text found on this page,no text layer; OCR required
65_hs1-834228961_62-hq-83894_section_10.pdf,41,false,0,,true,no extractable text found on this page,no text layer; OCR required
65_hs1-834228961_62-hq-83894_section_10.pdf,42,false,0,,true,no extractable text found on this page,no text layer; OCR required
65_hs1-834228961_62-hq-83894_section_10.pdf,43,false,0,,true,no extractable text found on this page,no text layer; OCR required
65_hs1-834228961_62-hq-83894_section_10.pdf,44,false,0,,true,no extractable text found on this page,no text layer; OCR required
65_hs1-834228961_62-hq-83894_section_10.pdf,45,false,0,,true,no extractable text found on this page,no text layer; OCR required
65_hs1-834228961_62-hq-83894_section_10.pdf,46,false,0,,true,no extractable text found on this page,no text layer; OCR required
65_hs1-834228961_62-hq-83894_section_10.pdf,47,false,0,,true,no extractable text found on this page,no text layer; OCR required
65_hs1-834228961_62-hq-83894_section_10.pdf,48,false,0,,true,no extractable text found on this page,no text layer; OCR required
65_hs1-834228961_62-hq-83894_section_10.pdf,49,false,0,,true,no extractable text found on this page,no text layer; OCR required
65_hs1-834228961_62-hq-83894_section_10.pdf,50,false,0,,true,no extractable text found on this page,no text layer; OCR required
65_hs1-834228961_62-hq-83894_section_10.pdf,51,false,0,,true,no extractable text found on this page,no text layer; OCR required
65_hs1-834228961_62-hq-83894_section_10.pdf,52,false,0,,true,no extractable text found on this page,no text layer; OCR required
65_hs1-834228961_62-hq-83894_section_10.pdf,53,false,0,,true,no extractable text found on this page,no text layer; OCR required
65_hs1-834228961_62-hq-83894_section_10.pdf,54,false,0,,true,no extractable text found on this page,no text layer; OCR required
65_hs1-834228961_62-hq-83894_section_10.pdf,55,false,0,,true,no extractable text found on this page,no text layer; OCR required
65_hs1-834228961_62-hq-83894_section_10.pdf,56,false,0,,true,no extractable text found on this page,no text layer; OCR required
65_hs1-834228961_62-hq-83894_section_10.pdf,57,false,0,,true,no extractable text found on this page,no text layer; OCR required
65_hs1-834228961_62-hq-83894_section_10.pdf,58,false,0,,true,no extractable text found on this page,no text layer; OCR required
65_hs1-834228961_62-hq-83894_section_10.pdf,59,false,0,,true,no extractable text found on this page,no text layer; OCR required
65_hs1-834228961_62-hq-83894_section_10.pdf,60,false,0,,true,no extractable text found on this page,no text layer; OCR required
65_hs1-834228961_62-hq-83894_section_10.pdf,61,false,0,,true,no extractable text found on this page,no text layer; OCR required
65_hs1-834228961_62-hq-83894_section_10.pdf,62,false,0,,true,no extractable text found on this page,no text layer; OCR required
65_hs1-834228961_62-hq-83894_section_10.pdf,63,false,0,,true,no extractable text found on this page,no text layer; OCR required
65_hs1-834228961_62-hq-83894_section_10.pdf,64,false,0,,true,no extractable text found on this page,no text layer; OCR required
65_hs1-834228961_62-hq-83894_section_10.pdf,65,false,0,,true,no extractable text found on this page,no text layer; OCR required
65_hs1-834228961_62-hq-83894_section_10.pdf,66,false,0,,true,no extractable text found on this page,no text layer; OCR required
65_hs1-834228961_62-hq-83894_section_10.pdf,67,false,0,,true,no extractable text found on this page,no text layer; OCR required
65_hs1-834228961_62-hq-83894_section_10.pdf,68,false,0,,true,no extractable text found on this page,no text layer; OCR required
65_hs1-834228961_62-hq-83894_section_10.pdf,69,false,0,,true,no extractable text found on this page,no text layer; OCR required
65_hs1-834228961_62-hq-83894_section_10.pdf,70,false,0,,true,no extractable text found on this page,no text layer; OCR required
65_hs1-834228961_62-hq-83894_section_10.pdf,71,false,0,,true,no extractable text found on this page,no text layer; OCR required
65_hs1-834228961_62-hq-83894_section_10.pdf,72,false,0,,true,no extractable text found on this page,no text layer; OCR required
65_hs1-834228961_62-hq-83894_section_10.pdf,73,false,0,,true,no extractable text found on this page,no text layer; OCR required
65_hs1-834228961_62-hq-83894_section_10.pdf,74,false,0,,true,no extractable text found on this page,no text layer; OCR required
65_hs1-834228961_62-hq-83894_section_10.pdf,75,false,0,,true,no extractable text found on this page,no text layer; OCR required
65_hs1-834228961_62-hq-83894_section_10.pdf,76,false,0,,true,no extractable text found on this page,no text layer; OCR required
65_hs1-834228961_62-hq-83894_section_10.pdf,77,false,0,,true,no extractable text found on this page,no text layer; OCR required
65_hs1-834228961_62-hq-83894_section_10.pdf,78,false,0,,true,no extractable text found on this page,no text layer; OCR required
65_hs1-834228961_62-hq-83894_section_10.pdf,79,false,0,,true,no extractable text found on this page,no text layer; OCR required
65_hs1-834228961_62-hq-83894_section_10.pdf,80,false,0,,true,no extractable text found on this page,no text layer; OCR required
65_hs1-834228961_62-hq-83894_section_10.pdf,81,false,0,,true,no extractable text found on this page,no text layer; OCR required
65_hs1-834228961_62-hq-83894_section_10.pdf,82,false,0,,true,no extractable text found on this page,no text layer; OCR required
65_hs1-834228961_62-hq-83894_section_10.pdf,83,false,0,,true,no extractable text found on this page,no text layer; OCR required
65_hs1-834228961_62-hq-83894_section_10.pdf,84,false,0,,true,no extractable text found on this page,no text layer; OCR required
65_hs1-834228961_62-hq-83894_section_10.pdf,85,false,0,,true,no extractable text found on this page,no text layer; OCR required
65_hs1-834228961_62-hq-83894_section_10.pdf,86,false,0,,true,no extractable text found on this page,no text layer; OCR required
65_hs1-834228961_62-hq-83894_section_10.pdf,87,false,0,,true,no extractable text found on this page,no text layer; OCR required
65_hs1-834228961_62-hq-83894_section_10.pdf,88,false,0,,true,no extractable text found on this page,no text layer; OCR required
65_hs1-834228961_62-hq-83894_section_10.pdf,89,false,0,,true,no extractable text found on this page,no text layer; OCR required
65_hs1-834228961_62-hq-83894_section_10.pdf,90,false,0,,true,no extractable text found on this page,no text layer; OCR required
65_hs1-834228961_62-hq-83894_section_10.pdf,91,false,0,,true,no extractable text found on this page,no text layer; OCR required
65_hs1-834228961_62-hq-83894_section_10.pdf,92,false,0,,true,no extractable text found on this page,no text layer; OCR required
65_hs1-834228961_62-hq-83894_section_10.pdf,93,false,0,,true,no extractable text found on this page,no text layer; OCR required
65_hs1-834228961_62-hq-83894_section_10.pdf,94,false,0,,true,no extractable text found on this page,no text layer; OCR required
65_hs1-834228961_62-hq-83894_section_10.pdf,95,false,0,,true,no extractable text found on this page,no text layer; OCR required
65_hs1-834228961_62-hq-83894_section_10.pdf,96,false,0,,true,no extractable text found on this page,no text layer; OCR required
65_hs1-834228961_62-hq-83894_section_10.pdf,97,false,0,,true,no extractable text found on this page,no text layer; OCR required
65_hs1-834228961_62-hq-83894_section_10.pdf,98,false,0,,true,no extractable text found on this page,no text layer; OCR required
65_hs1-834228961_62-hq-83894_section_10.pdf,99,false,0,,true,no extractable text found on this page,no text layer; OCR required
65_hs1-834228961_62-hq-83894_section_10.pdf,100,false,0,,true,no extractable text found on this page,no text layer; OCR required
65_hs1-834228961_62-hq-83894_section_10.pdf,101,false,0,,true,no extractable text found on this page,no text layer; OCR required
65_hs1-834228961_62-hq-83894_section_10.pdf,102,false,0,,true,no extractable text found on this page,no text layer; OCR required
65_hs1-834228961_62-hq-83894_section_10.pdf,103,false,0,,true,no extractable text found on this page,no text layer; OCR required
65_hs1-834228961_62-hq-83894_section_10.pdf,104,false,0,,true,no extractable text found on this page,no text layer; OCR required
65_hs1-834228961_62-hq-83894_section_10.pdf,105,false,0,,true,no extractable text found on this page,no text layer; OCR required
65_hs1-834228961_62-hq-83894_section_10.pdf,106,false,0,,true,no extractable text found on this page,no text layer; OCR required
65_hs1-834228961_62-hq-83894_section_10.pdf,107,false,0,,true,no extractable text found on this page,no text layer; OCR required
65_hs1-834228961_62-hq-83894_section_10.pdf,108,false,0,,true,no extractable text found on this page,no text layer; OCR required
65_hs1-834228961_62-hq-83894_section_10.pdf,109,false,0,,true,no extractable text found on this page,no text layer; OCR required
65_hs1-834228961_62-hq-83894_section_10.pdf,110,false,0,,true,no extractable text found on this page,no text layer; OCR required
65_hs1-834228961_62-hq-83894_section_10.pdf,111,false,0,,true,no extractable text found on this page,no text layer; OCR required
65_hs1-834228961_62-hq-83894_section_10.pdf,112,false,0,,true,no extractable text found on this page,no text layer; OCR required
65_hs1-834228961_62-hq-83894_section_10.pdf,113,false,0,,true,no extractable text found on this page,no text layer; OCR required
65_hs1-834228961_62-hq-83894_section_10.pdf,114,false,0,,true,no extractable text found on this page,no text layer; OCR required
65_hs1-834228961_62-hq-83894_section_10.pdf,115,false,0,,true,no extractable text found on this page,no text layer; OCR required
65_hs1-834228961_62-hq-83894_section_10.pdf,116,false,0,,true,no extractable text found on this page,no text layer; OCR required
65_hs1-834228961_62-hq-83894_section_10.pdf,117,false,0,,true,no extractable text found on this page,no text layer; OCR required
65_hs1-834228961_62-hq-83894_section_10.pdf,118,false,0,,true,no extractable text found on this page,no text layer; OCR required
65_hs1-834228961_62-hq-83894_section_10.pdf,119,false,0,,true,no extractable text found on this page,no text layer; OCR required
65_hs1-834228961_62-hq-83894_section_10.pdf,120,false,0,,true,no extractable text found on this page,no text layer; OCR required
65_hs1-834228961_62-hq-83894_section_10.pdf,121,false,0,,true,no extractable text found on this page,no text layer; OCR required
65_hs1-834228961_62-hq-83894_section_10.pdf,122,false,0,,true,no extractable text found on this page,no text layer; OCR required
65_hs1-834228961_62-hq-83894_section_10.pdf,123,false,0,,true,no extractable text found on this page,no text layer; OCR required
65_hs1-834228961_62-hq-83894_section_10.pdf,124,false,0,,true,no extractable text found on this page,no text layer; OCR required
65_hs1-834228961_62-hq-83894_section_10.pdf,125,false,0,,true,no extractable text found on this page,no text layer; OCR required
65_hs1-834228961_62-hq-83894_section_10.pdf,126,false,0,,true,no extractable text found on this page,no text layer; OCR required
65_hs1-834228961_62-hq-83894_section_10.pdf,127,false,0,,true,no extractable text found on this page,no text layer; OCR required
65_hs1-834228961_62-hq-83894_section_10.pdf,128,false,0,,true,no extractable text found on this page,no text layer; OCR required
65_hs1-834228961_62-hq-83894_section_10.pdf,129,false,0,,true,no extractable text found on this page,no text layer; OCR required
65_hs1-834228961_62-hq-83894_section_10.pdf,130,false,0,,true,no extractable text found on this page,no text layer; OCR required
65_hs1-834228961_62-hq-83894_section_10.pdf,131,false,0,,true,no extractable text found on this page,no text layer; OCR required
65_hs1-834228961_62-hq-83894_section_10.pdf,132,false,0,,true,no extractable text found on this page,no text layer; OCR required
65_hs1-834228961_62-hq-83894_section_10.pdf,133,false,0,,true,no extractable text found on this page,no text layer; OCR required
65_hs1-834228961_62-hq-83894_section_10.pdf,134,false,0,,true,no extractable text found on this page,no text layer; OCR required
65_hs1-834228961_62-hq-83894_section_10.pdf,135,false,0,,true,no extractable text found on this page,no text layer; OCR required
65_hs1-834228961_62-hq-83894_section_10.pdf,136,false,0,,true,no extractable text found on this page,no text layer; OCR required
65_hs1-834228961_62-hq-83894_section_10.pdf,137,false,0,,true,no extractable text found on this page,no text layer; OCR required
65_hs1-834228961_62-hq-83894_section_10.pdf,138,false,0,,true,no extractable text found on this page,no text layer; OCR required
65_hs1-834228961_62-hq-83894_section_10.pdf,139,false,0,,true,no extractable text found on this page,no text layer; OCR required
65_hs1-834228961_62-hq-83894_section_10.pdf,140,false,0,,true,no extractable text found on this page,no text layer; OCR required
65_hs1-834228961_62-hq-83894_section_10.pdf,141,false,0,,true,no extractable text found on this page,no text layer; OCR required
65_hs1-834228961_62-hq-83894_section_10.pdf,142,false,0,,true,no extractable text found on this page,no text layer; OCR required
65_hs1-834228961_62-hq-83894_section_10.pdf,143,false,0,,true,no extractable text found on this page,no text layer; OCR required
65_hs1-834228961_62-hq-83894_section_10.pdf,144,false,0,,true,no extractable text found on this page,no text layer; OCR required
65_hs1-834228961_62-hq-83894_section_10.pdf,145,false,0,,true,no extractable text found on this page,no text layer; OCR required
65_hs1-834228961_62-hq-83894_section_10.pdf,146,false,0,,true,no extractable text found on this page,no text layer; OCR required
65_hs1-834228961_62-hq-83894_section_10.pdf,147,false,0,,true,no extractable text found on this page,no text layer; OCR required
65_hs1-834228961_62-hq-83894_section_10.pdf,148,false,0,,true,no extractable text found on this page,no text layer; OCR required
65_hs1-834228961_62-hq-83894_section_10.pdf,149,false,0,,true,no extractable text found on this page,no text layer; OCR required
65_hs1-834228961_62-hq-83894_section_10.pdf,150,false,0,,true,no extractable text found on this page,no text layer; OCR required
65_hs1-834228961_62-hq-83894_section_10.pdf,151,false,0,,true,no extractable text found on this page,no text layer; OCR required
65_hs1-834228961_62-hq-83894_section_10.pdf,152,false,0,,true,no extractable text found on this page,no text layer; OCR required
65_hs1-834228961_62-hq-83894_section_10.pdf,153,false,0,,true,no extractable text found on this page,no text layer; OCR required
65_hs1-834228961_62-hq-83894_section_10.pdf,154,false,0,,true,no extractable text found on this page,no text layer; OCR required
65_hs1-834228961_62-hq-83894_section_10.pdf,155,false,0,,true,no extractable text found on this page,no text layer; OCR required
65_hs1-834228961_62-hq-83894_section_10.pdf,156,false,0,,true,no extractable text found on this page,no text layer; OCR required
65_hs1-834228961_62-hq-83894_section_10.pdf,157,false,0,,true,no extractable text found on this page,no text layer; OCR required
65_hs1-834228961_62-hq-83894_section_10.pdf,158,false,0,,true,no extractable text found on this page,no text layer; OCR required
65_hs1-834228961_62-hq-83894_section_10.pdf,159,false,0,,true,no extractable text found on this page,no text layer; OCR required
65_hs1-834228961_62-hq-83894_section_10.pdf,160,false,0,,true,no extractable text found on this page,no text layer; OCR required
65_hs1-834228961_62-hq-83894_section_10.pdf,161,false,0,,true,no extractable text found on this page,no text layer; OCR required
65_hs1-834228961_62-hq-83894_section_10.pdf,162,false,0,,true,no extractable text found on this page,no text layer; OCR required
65_hs1-834228961_62-hq-83894_section_10.pdf,163,false,0,,true,no extractable text found on this page,no text layer; OCR required
65_hs1-834228961_62-hq-83894_section_10.pdf,164,false,0,,true,no extractable text found on this page,no text layer; OCR required
65_hs1-834228961_62-hq-83894_section_10.pdf,165,false,0,,true,no extractable text found on this page,no text layer; OCR required
65_hs1-834228961_62-hq-83894_section_10.pdf,166,false,0,,true,no extractable text found on this page,no text layer; OCR required
65_hs1-834228961_62-hq-83894_section_10.pdf,167,false,0,,true,no extractable text found on this page,no text layer; OCR required
65_hs1-834228961_62-hq-83894_section_10.pdf,168,false,0,,true,no extractable text found on this page,no text layer; OCR required
65_hs1-834228961_62-hq-83894_section_10.pdf,169,false,0,,true,no extractable text found on this page,no text layer; OCR required
65_hs1-834228961_62-hq-83894_section_10.pdf,170,false,0,,true,no extractable text found on this page,no text layer; OCR required
65_hs1-834228961_62-hq-83894_section_10.pdf,171,false,0,,true,no extractable text found on this page,no text layer; OCR required
65_hs1-834228961_62-hq-83894_section_10.pdf,172,false,0,,true,no extractable text found on this page,no text layer; OCR required
65_hs1-834228961_62-hq-83894_section_10.pdf,173,false,0,,true,no extractable text found on this page,no text layer; OCR required
65_hs1-834228961_62-hq-83894_section_10.pdf,174,false,0,,true,no extractable text found on this page,no text layer; OCR required
65_hs1-834228961_62-hq-83894_section_10.pdf,175,false,0,,true,no extractable text found on this page,no text layer; OCR required
65_hs1-834228961_62-hq-83894_section_10.pdf,176,false,0,,true,no extractable text found on this page,no text layer; OCR required
65_hs1-834228961_62-hq-83894_section_10.pdf,177,false,0,,true,no extractable text found on this page,no text layer; OCR required
65_hs1-834228961_62-hq-83894_section_10.pdf,178,false,0,,true,no extractable text found on this page,no text layer; OCR required
65_hs1-834228961_62-hq-83894_section_10.pdf,179,false,0,,true,no extractable text found on this page,no text layer; OCR required
65_hs1-834228961_62-hq-83894_section_10.pdf,180,false,0,,true,no extractable text found on this page,no text layer; OCR required
65_hs1-834228961_62-hq-83894_section_10.pdf,181,false,0,,true,no extractable text found on this page,no text layer; OCR required
65_hs1-834228961_62-hq-83894_section_10.pdf,182,false,0,,true,no extractable text found on this page,no text layer; OCR required
65_hs1-834228961_62-hq-83894_section_10.pdf,183,false,0,,true,no extractable text found on this page,no text layer; OCR required
65_hs1-834228961_62-hq-83894_section_10.pdf,184,false,0,,true,no extractable text found on this page,no text layer; OCR required
65_hs1-834228961_62-hq-83894_section_2.pdf,1,false,0,,true,no extractable text found on this page,no text layer; OCR required
65_hs1-834228961_62-hq-83894_section_2.pdf,2,false,0,,true,no extractable text found on this page,no text layer; OCR required
65_hs1-834228961_62-hq-83894_section_2.pdf,3,false,0,,true,no extractable text found on this page,no text layer; OCR required
65_hs1-834228961_62-hq-83894_section_2.pdf,4,false,0,,true,no extractable text found on this page,no text layer; OCR required
65_hs1-834228961_62-hq-83894_section_2.pdf,5,false,0,,true,no extractable text found on this page,no text layer; OCR required
65_hs1-834228961_62-hq-83894_section_2.pdf,6,false,0,,true,no extractable text found on this page,no text layer; OCR required
65_hs1-834228961_62-hq-83894_section_2.pdf,7,false,0,,true,no extractable text found on this page,no text layer; OCR required
65_hs1-834228961_62-hq-83894_section_2.pdf,8,false,0,,true,no extractable text found on this page,no text layer; OCR required
65_hs1-834228961_62-hq-83894_section_2.pdf,9,false,0,,true,no extractable text found on this page,no text layer; OCR required
65_hs1-834228961_62-hq-83894_section_2.pdf,10,false,0,,true,no extractable text found on this page,no text layer; OCR required
65_hs1-834228961_62-hq-83894_section_2.pdf,11,false,0,,true,no extractable text found on this page,no text layer; OCR required
65_hs1-834228961_62-hq-83894_section_2.pdf,12,false,0,,true,no extractable text found on this page,no text layer; OCR required
65_hs1-834228961_62-hq-83894_section_2.pdf,13,false,0,,true,no extractable text found on this page,no text layer; OCR required
65_hs1-834228961_62-hq-83894_section_2.pdf,14,false,0,,true,no extractable text found on this page,no text layer; OCR required
65_hs1-834228961_62-hq-83894_section_2.pdf,15,false,0,,true,no extractable text found on this page,no text layer; OCR required
65_hs1-834228961_62-hq-83894_section_2.pdf,16,false,0,,true,no extractable text found on this page,no text layer; OCR required
65_hs1-834228961_62-hq-83894_section_2.pdf,17,false,0,,true,no extractable text found on this page,no text layer; OCR required
65_hs1-834228961_62-hq-83894_section_2.pdf,18,false,0,,true,no extractable text found on this page,no text layer; OCR required
65_hs1-834228961_62-hq-83894_section_2.pdf,19,false,0,,true,no extractable text found on this page,no text layer; OCR required
65_hs1-834228961_62-hq-83894_section_2.pdf,20,false,0,,true,no extractable text found on this page,no text layer; OCR required
65_hs1-834228961_62-hq-83894_section_2.pdf,21,false,0,,true,no extractable text found on this page,no text layer; OCR required
65_hs1-834228961_62-hq-83894_section_2.pdf,22,false,0,,true,no extractable text found on this page,no text layer; OCR required
65_hs1-834228961_62-hq-83894_section_2.pdf,23,false,0,,true,no extractable text found on this page,no text layer; OCR required
65_hs1-834228961_62-hq-83894_section_2.pdf,24,false,0,,true,no extractable text found on this page,no text layer; OCR required
65_hs1-834228961_62-hq-83894_section_2.pdf,25,false,0,,true,no extractable text found on this page,no text layer; OCR required
65_hs1-834228961_62-hq-83894_section_2.pdf,26,false,0,,true,no extractable text found on this page,no text layer; OCR required
65_hs1-834228961_62-hq-83894_section_2.pdf,27,false,0,,true,no extractable text found on this page,no text layer; OCR required
65_hs1-834228961_62-hq-83894_section_2.pdf,28,false,0,,true,no extractable text found on this page,no text layer; OCR required
65_hs1-834228961_62-hq-83894_section_2.pdf,29,false,0,,true,no extractable text found on this page,no text layer; OCR required
65_hs1-834228961_62-hq-83894_section_2.pdf,30,false,0,,true,no extractable text found on this page,no text layer; OCR required
65_hs1-834228961_62-hq-83894_section_2.pdf,31,false,0,,true,no extractable text found on this page,no text layer; OCR required
65_hs1-834228961_62-hq-83894_section_2.pdf,32,false,0,,true,no extractable text found on this page,no text layer; OCR required
65_hs1-834228961_62-hq-83894_section_2.pdf,33,false,0,,true,no extractable text found on this page,no text layer; OCR required
65_hs1-834228961_62-hq-83894_section_2.pdf,34,false,0,,true,no extractable text found on this page,no text layer; OCR required
65_hs1-834228961_62-hq-83894_section_2.pdf,35,false,0,,true,no extractable text found on this page,no text layer; OCR required
65_hs1-834228961_62-hq-83894_section_2.pdf,36,false,0,,true,no extractable text found on this page,no text layer; OCR required
65_hs1-834228961_62-hq-83894_section_2.pdf,37,false,0,,true,no extractable text found on this page,no text layer; OCR required
65_hs1-834228961_62-hq-83894_section_2.pdf,38,false,0,,true,no extractable text found on this page,no text layer; OCR required
65_hs1-834228961_62-hq-83894_section_2.pdf,39,false,0,,true,no extractable text found on this page,no text layer; OCR required
65_hs1-834228961_62-hq-83894_section_2.pdf,40,false,0,,true,no extractable text found on this page,no text layer; OCR required
65_hs1-834228961_62-hq-83894_section_2.pdf,41,false,0,,true,no extractable text found on this page,no text layer; OCR required
65_hs1-834228961_62-hq-83894_section_2.pdf,42,false,0,,true,no extractable text found on this page,no text layer; OCR required
65_hs1-834228961_62-hq-83894_section_2.pdf,43,false,0,,true,no extractable text found on this page,no text layer; OCR required
65_hs1-834228961_62-hq-83894_section_2.pdf,44,false,0,,true,no extractable text found on this page,no text layer; OCR required
65_hs1-834228961_62-hq-83894_section_2.pdf,45,false,0,,true,no extractable text found on this page,no text layer; OCR required
65_hs1-834228961_62-hq-83894_section_2.pdf,46,false,0,,true,no extractable text found on this page,no text layer; OCR required
65_hs1-834228961_62-hq-83894_section_2.pdf,47,false,0,,true,no extractable text found on this page,no text layer; OCR required
65_hs1-834228961_62-hq-83894_section_2.pdf,48,false,0,,true,no extractable text found on this page,no text layer; OCR required
65_hs1-834228961_62-hq-83894_section_2.pdf,49,false,0,,true,no extractable text found on this page,no text layer; OCR required
65_hs1-834228961_62-hq-83894_section_2.pdf,50,false,0,,true,no extractable text found on this page,no text layer; OCR required
65_hs1-834228961_62-hq-83894_section_2.pdf,51,false,0,,true,no extractable text found on this page,no text layer; OCR required
65_hs1-834228961_62-hq-83894_section_2.pdf,52,false,0,,true,no extractable text found on this page,no text layer; OCR required
65_hs1-834228961_62-hq-83894_section_2.pdf,53,false,0,,true,no extractable text found on this page,no text layer; OCR required
65_hs1-834228961_62-hq-83894_section_2.pdf,54,false,0,,true,no extractable text found on this page,no text layer; OCR required
65_hs1-834228961_62-hq-83894_section_2.pdf,55,false,0,,true,no extractable text found on this page,no text layer; OCR required
65_hs1-834228961_62-hq-83894_section_2.pdf,56,false,0,,true,no extractable text found on this page,no text layer; OCR required
65_hs1-834228961_62-hq-83894_section_2.pdf,57,false,0,,true,no extractable text found on this page,no text layer; OCR required
65_hs1-834228961_62-hq-83894_section_2.pdf,58,false,0,,true,no extractable text found on this page,no text layer; OCR required
65_hs1-834228961_62-hq-83894_section_2.pdf,59,false,0,,true,no extractable text found on this page,no text layer; OCR required
65_hs1-834228961_62-hq-83894_section_2.pdf,60,false,0,,true,no extractable text found on this page,no text layer; OCR required
65_hs1-834228961_62-hq-83894_section_2.pdf,61,false,0,,true,no extractable text found on this page,no text layer; OCR required
65_hs1-834228961_62-hq-83894_section_2.pdf,62,false,0,,true,no extractable text found on this page,no text layer; OCR required
65_hs1-834228961_62-hq-83894_section_2.pdf,63,false,0,,true,no extractable text found on this page,no text layer; OCR required
65_hs1-834228961_62-hq-83894_section_2.pdf,64,false,0,,true,no extractable text found on this page,no text layer; OCR required
65_hs1-834228961_62-hq-83894_section_2.pdf,65,false,0,,true,no extractable text found on this page,no text layer; OCR required
65_hs1-834228961_62-hq-83894_section_2.pdf,66,false,0,,true,no extractable text found on this page,no text layer; OCR required
65_hs1-834228961_62-hq-83894_section_2.pdf,67,false,0,,true,no extractable text found on this page,no text layer; OCR required
65_hs1-834228961_62-hq-83894_section_2.pdf,68,false,0,,true,no extractable text found on this page,no text layer; OCR required
65_hs1-834228961_62-hq-83894_section_2.pdf,69,false,0,,true,no extractable text found on this page,no text layer; OCR required
65_hs1-834228961_62-hq-83894_section_2.pdf,70,false,0,,true,no extractable text found on this page,no text layer; OCR required
65_hs1-834228961_62-hq-83894_section_2.pdf,71,false,0,,true,no extractable text found on this page,no text layer; OCR required
65_hs1-834228961_62-hq-83894_section_2.pdf,72,false,0,,true,no extractable text found on this page,no text layer; OCR required
65_hs1-834228961_62-hq-83894_section_2.pdf,73,false,0,,true,no extractable text found on this page,no text layer; OCR required
65_hs1-834228961_62-hq-83894_section_2.pdf,74,false,0,,true,no extractable text found on this page,no text layer; OCR required
65_hs1-834228961_62-hq-83894_section_2.pdf,75,false,0,,true,no extractable text found on this page,no text layer; OCR required
65_hs1-834228961_62-hq-83894_section_2.pdf,76,false,0,,true,no extractable text found on this page,no text layer; OCR required
65_hs1-834228961_62-hq-83894_section_2.pdf,77,false,0,,true,no extractable text found on this page,no text layer; OCR required
65_hs1-834228961_62-hq-83894_section_2.pdf,78,false,0,,true,no extractable text found on this page,no text layer; OCR required
65_hs1-834228961_62-hq-83894_section_2.pdf,79,false,0,,true,no extractable text found on this page,no text layer; OCR required
65_hs1-834228961_62-hq-83894_section_2.pdf,80,false,0,,true,no extractable text found on this page,no text layer; OCR required
65_hs1-834228961_62-hq-83894_section_2.pdf,81,false,0,,true,no extractable text found on this page,no text layer; OCR required
65_hs1-834228961_62-hq-83894_section_2.pdf,82,false,0,,true,no extractable text found on this page,no text layer; OCR required
65_hs1-834228961_62-hq-83894_section_2.pdf,83,false,0,,true,no extractable text found on this page,no text layer; OCR required
65_hs1-834228961_62-hq-83894_section_2.pdf,84,false,0,,true,no extractable text found on this page,no text layer; OCR required
65_hs1-834228961_62-hq-83894_section_2.pdf,85,false,0,,true,no extractable text found on this page,no text layer; OCR required
65_hs1-834228961_62-hq-83894_section_2.pdf,86,false,0,,true,no extractable text found on this page,no text layer; OCR required
65_hs1-834228961_62-hq-83894_section_2.pdf,87,false,0,,true,no extractable text found on this page,no text layer; OCR required
65_hs1-834228961_62-hq-83894_section_2.pdf,88,false,0,,true,no extractable text found on this page,no text layer; OCR required
65_hs1-834228961_62-hq-83894_section_2.pdf,89,false,0,,true,no extractable text found on this page,no text layer; OCR required
65_hs1-834228961_62-hq-83894_section_2.pdf,90,false,0,,true,no extractable text found on this page,no text layer; OCR required
65_hs1-834228961_62-hq-83894_section_2.pdf,91,false,0,,true,no extractable text found on this page,no text layer; OCR required
65_hs1-834228961_62-hq-83894_section_2.pdf,92,false,0,,true,no extractable text found on this page,no text layer; OCR required
65_hs1-834228961_62-hq-83894_section_2.pdf,93,false,0,,true,no extractable text found on this page,no text layer; OCR required
65_hs1-834228961_62-hq-83894_section_2.pdf,94,false,0,,true,no extractable text found on this page,no text layer; OCR required
65_hs1-834228961_62-hq-83894_section_2.pdf,95,false,0,,true,no extractable text found on this page,no text layer; OCR required
65_hs1-834228961_62-hq-83894_section_2.pdf,96,false,0,,true,no extractable text found on this page,no text layer; OCR required
65_hs1-834228961_62-hq-83894_section_2.pdf,97,false,0,,true,no extractable text found on this page,no text layer; OCR required
65_hs1-834228961_62-hq-83894_section_2.pdf,98,false,0,,true,no extractable text found on this page,no text layer; OCR required
65_hs1-834228961_62-hq-83894_section_2.pdf,99,false,0,,true,no extractable text found on this page,no text layer; OCR required
65_hs1-834228961_62-hq-83894_section_2.pdf,100,false,0,,true,no extractable text found on this page,no text layer; OCR required
65_hs1-834228961_62-hq-83894_section_2.pdf,101,false,0,,true,no extractable text found on this page,no text layer; OCR required
65_hs1-834228961_62-hq-83894_section_2.pdf,102,false,0,,true,no extractable text found on this page,no text layer; OCR required
65_hs1-834228961_62-hq-83894_section_2.pdf,103,false,0,,true,no extractable text found on this page,no text layer; OCR required
65_hs1-834228961_62-hq-83894_section_2.pdf,104,false,0,,true,no extractable text found on this page,no text layer; OCR required
65_hs1-834228961_62-hq-83894_section_2.pdf,105,false,0,,true,no extractable text found on this page,no text layer; OCR required
65_hs1-834228961_62-hq-83894_section_2.pdf,106,false,0,,true,no extractable text found on this page,no text layer; OCR required
65_hs1-834228961_62-hq-83894_section_2.pdf,107,false,0,,true,no extractable text found on this page,no text layer; OCR required
65_hs1-834228961_62-hq-83894_section_2.pdf,108,false,0,,true,no extractable text found on this page,no text layer; OCR required
65_hs1-834228961_62-hq-83894_section_2.pdf,109,false,0,,true,no extractable text found on this page,no text layer; OCR required
65_hs1-834228961_62-hq-83894_section_2.pdf,110,false,0,,true,no extractable text found on this page,no text layer; OCR required
65_hs1-834228961_62-hq-83894_section_2.pdf,111,false,0,,true,no extractable text found on this page,no text layer; OCR required
65_hs1-834228961_62-hq-83894_section_2.pdf,112,false,0,,true,no extractable text found on this page,no text layer; OCR required
65_hs1-834228961_62-hq-83894_section_2.pdf,113,false,0,,true,no extractable text found on this page,no text layer; OCR required
65_hs1-834228961_62-hq-83894_section_2.pdf,114,false,0,,true,no extractable text found on this page,no text layer; OCR required
65_hs1-834228961_62-hq-83894_section_2.pdf,115,false,0,,true,no extractable text found on this page,no text layer; OCR required
65_hs1-834228961_62-hq-83894_section_2.pdf,116,false,0,,true,no extractable text found on this page,no text layer; OCR required
65_hs1-834228961_62-hq-83894_section_2.pdf,117,false,0,,true,no extractable text found on this page,no text layer; OCR required
65_hs1-834228961_62-hq-83894_section_2.pdf,118,false,0,,true,no extractable text found on this page,no text layer; OCR required
65_hs1-834228961_62-hq-83894_section_2.pdf,119,false,0,,true,no extractable text found on this page,no text layer; OCR required
65_hs1-834228961_62-hq-83894_section_2.pdf,120,false,0,,true,no extractable text found on this page,no text layer; OCR required
65_hs1-834228961_62-hq-83894_section_2.pdf,121,false,0,,true,no extractable text found on this page,no text layer; OCR required
65_hs1-834228961_62-hq-83894_section_2.pdf,122,false,0,,true,no extractable text found on this page,no text layer; OCR required
65_hs1-834228961_62-hq-83894_section_2.pdf,123,false,0,,true,no extractable text found on this page,no text layer; OCR required
65_hs1-834228961_62-hq-83894_section_2.pdf,124,false,0,,true,no extractable text found on this page,no text layer; OCR required
65_hs1-834228961_62-hq-83894_section_2.pdf,125,false,0,,true,no extractable text found on this page,no text layer; OCR required
65_hs1-834228961_62-hq-83894_section_2.pdf,126,false,0,,true,no extractable text found on this page,no text layer; OCR required
65_hs1-834228961_62-hq-83894_section_2.pdf,127,false,0,,true,no extractable text found on this page,no text layer; OCR required
65_hs1-834228961_62-hq-83894_section_2.pdf,128,false,0,,true,no extractable text found on this page,no text layer; OCR required
65_hs1-834228961_62-hq-83894_section_2.pdf,129,false,0,,true,no extractable text found on this page,no text layer; OCR required
65_hs1-834228961_62-hq-83894_section_2.pdf,130,false,0,,true,no extractable text found on this page,no text layer; OCR required
65_hs1-834228961_62-hq-83894_section_2.pdf,131,false,0,,true,no extractable text found on this page,no text layer; OCR required
65_hs1-834228961_62-hq-83894_section_2.pdf,132,false,0,,true,no extractable text found on this page,no text layer; OCR required
65_hs1-834228961_62-hq-83894_section_2.pdf,133,false,0,,true,no extractable text found on this page,no text layer; OCR required
65_hs1-834228961_62-hq-83894_section_2.pdf,134,false,0,,true,no extractable text found on this page,no text layer; OCR required
65_hs1-834228961_62-hq-83894_section_2.pdf,135,false,0,,true,no extractable text found on this page,no text layer; OCR required
65_hs1-834228961_62-hq-83894_section_2.pdf,136,false,0,,true,no extractable text found on this page,no text layer; OCR required
65_hs1-834228961_62-hq-83894_section_2.pdf,137,false,0,,true,no extractable text found on this page,no text layer; OCR required
65_hs1-834228961_62-hq-83894_section_2.pdf,138,false,0,,true,no extractable text found on this page,no text layer; OCR required
65_hs1-834228961_62-hq-83894_section_2.pdf,139,false,0,,true,no extractable text found on this page,no text layer; OCR required
65_hs1-834228961_62-hq-83894_section_2.pdf,140,false,0,,true,no extractable text found on this page,no text layer; OCR required
65_hs1-834228961_62-hq-83894_section_2.pdf,141,false,0,,true,no extractable text found on this page,no text layer; OCR required
65_hs1-834228961_62-hq-83894_section_2.pdf,142,false,0,,true,no extractable text found on this page,no text layer; OCR required
65_hs1-834228961_62-hq-83894_section_2.pdf,143,false,0,,true,no extractable text found on this page,no text layer; OCR required
65_hs1-834228961_62-hq-83894_section_2.pdf,144,false,0,,true,no extractable text found on this page,no text layer; OCR required
65_hs1-834228961_62-hq-83894_section_2.pdf,145,false,0,,true,no extractable text found on this page,no text layer; OCR required
65_hs1-834228961_62-hq-83894_section_2.pdf,146,false,0,,true,no extractable text found on this page,no text layer; OCR required
65_hs1-834228961_62-hq-83894_section_2.pdf,147,false,0,,true,no extractable text found on this page,no text layer; OCR required
65_hs1-834228961_62-hq-83894_section_2.pdf,148,false,0,,true,no extractable text found on this page,no text layer; OCR required
65_hs1-834228961_62-hq-83894_section_2.pdf,149,false,0,,true,no extractable text found on this page,no text layer; OCR required
65_hs1-834228961_62-hq-83894_section_2.pdf,150,false,0,,true,no extractable text found on this page,no text layer; OCR required
65_hs1-834228961_62-hq-83894_section_2.pdf,151,false,0,,true,no extractable text found on this page,no text layer; OCR required
65_hs1-834228961_62-hq-83894_section_2.pdf,152,false,0,,true,no extractable text found on this page,no text layer; OCR required
65_hs1-834228961_62-hq-83894_section_2.pdf,153,false,0,,true,no extractable text found on this page,no text layer; OCR required
65_hs1-834228961_62-hq-83894_section_2.pdf,154,false,0,,true,no extractable text found on this page,no text layer; OCR required
65_hs1-834228961_62-hq-83894_section_2.pdf,155,false,0,,true,no extractable text found on this page,no text layer; OCR required
65_hs1-834228961_62-hq-83894_section_2.pdf,156,false,0,,true,no extractable text found on this page,no text layer; OCR required
65_hs1-834228961_62-hq-83894_section_2.pdf,157,false,0,,true,no extractable text found on this page,no text layer; OCR required
65_hs1-834228961_62-hq-83894_section_2.pdf,158,false,0,,true,no extractable text found on this page,no text layer; OCR required
65_hs1-834228961_62-hq-83894_section_2.pdf,159,false,0,,true,no extractable text found on this page,no text layer; OCR required
65_hs1-834228961_62-hq-83894_section_2.pdf,160,false,0,,true,no extractable text found on this page,no text layer; OCR required
65_hs1-834228961_62-hq-83894_section_2.pdf,161,false,0,,true,no extractable text found on this page,no text layer; OCR required
65_hs1-834228961_62-hq-83894_section_2.pdf,162,false,0,,true,no extractable text found on this page,no text layer; OCR required
65_hs1-834228961_62-hq-83894_section_2.pdf,163,false,0,,true,no extractable text found on this page,no text layer; OCR required
65_hs1-834228961_62-hq-83894_section_2.pdf,164,false,0,,true,no extractable text found on this page,no text layer; OCR required
65_hs1-834228961_62-hq-83894_section_2.pdf,165,false,0,,true,no extractable text found on this page,no text layer; OCR required
65_hs1-834228961_62-hq-83894_section_2.pdf,166,false,0,,true,no extractable text found on this page,no text layer; OCR required
65_hs1-834228961_62-hq-83894_section_2.pdf,167,false,0,,true,no extractable text found on this page,no text layer; OCR required
65_hs1-834228961_62-hq-83894_section_2.pdf,168,false,0,,true,no extractable text found on this page,no text layer; OCR required
65_hs1-834228961_62-hq-83894_section_2.pdf,169,false,0,,true,no extractable text found on this page,no text layer; OCR required
65_hs1-834228961_62-hq-83894_section_2.pdf,170,false,0,,true,no extractable text found on this page,no text layer; OCR required
65_hs1-834228961_62-hq-83894_section_2.pdf,171,false,0,,true,no extractable text found on this page,no text layer; OCR required
65_hs1-834228961_62-hq-83894_section_2.pdf,172,false,0,,true,no extractable text found on this page,no text layer; OCR required
65_hs1-834228961_62-hq-83894_section_2.pdf,173,false,0,,true,no extractable text found on this page,no text layer; OCR required
65_hs1-834228961_62-hq-83894_section_2.pdf,174,false,0,,true,no extractable text found on this page,no text layer; OCR required
65_hs1-834228961_62-hq-83894_section_2.pdf,175,false,0,,true,no extractable text found on this page,no text layer; OCR required
65_hs1-834228961_62-hq-83894_section_2.pdf,176,false,0,,true,no extractable text found on this page,no text layer; OCR required
65_hs1-834228961_62-hq-83894_section_2.pdf,177,false,0,,true,no extractable text found on this page,no text layer; OCR required
65_hs1-834228961_62-hq-83894_section_2.pdf,178,false,0,,true,no extractable text found on this page,no text layer; OCR required
65_hs1-834228961_62-hq-83894_section_2.pdf,179,false,0,,true,no extractable text found on this page,no text layer; OCR required
65_hs1-834228961_62-hq-83894_section_2.pdf,180,false,0,,true,no extractable text found on this page,no text layer; OCR required
65_hs1-834228961_62-hq-83894_section_2.pdf,181,false,0,,true,no extractable text found on this page,no text layer; OCR required
65_hs1-834228961_62-hq-83894_section_2.pdf,182,false,0,,true,no extractable text found on this page,no text layer; OCR required
65_hs1-834228961_62-hq-83894_section_2.pdf,183,false,0,,true,no extractable text found on this page,no text layer; OCR required
65_hs1-834228961_62-hq-83894_section_2.pdf,184,false,0,,true,no extractable text found on this page,no text layer; OCR required
65_hs1-834228961_62-hq-83894_section_2.pdf,185,false,0,,true,no extractable text found on this page,no text layer; OCR required
65_hs1-834228961_62-hq-83894_section_2.pdf,186,partial,33,Authority: DECLASSIFIED NND 90986,true,only 33 chars extracted — possibly page number or header only,"partial text layer detected; may be page numbers, stamps, or OCR artifacts"
65_hs1-834228961_62-hq-83894_section_2.pdf,187,false,0,,true,no extractable text found on this page,no text layer; OCR required
65_hs1-834228961_62-hq-83894_section_2.pdf,188,false,0,,true,no extractable text found on this page,no text layer; OCR required
65_hs1-834228961_62-hq-83894_section_2.pdf,189,false,0,,true,no extractable text found on this page,no text layer; OCR required
65_hs1-834228961_62-hq-83894_section_2.pdf,190,false,0,,true,no extractable text found on this page,no text layer; OCR required
65_hs1-834228961_62-hq-83894_section_2.pdf,191,false,0,,true,no extractable text found on this page,no text layer; OCR required
65_hs1-834228961_62-hq-83894_section_2.pdf,192,false,0,,true,no extractable text found on this page,no text layer; OCR required
65_hs1-834228961_62-hq-83894_section_2.pdf,193,false,0,,true,no extractable text found on this page,no text layer; OCR required
65_hs1-834228961_62-hq-83894_section_2.pdf,194,false,0,,true,no extractable text found on this page,no text layer; OCR required
65_hs1-834228961_62-hq-83894_section_3.pdf,1,false,0,,true,no extractable text found on this page,no text layer; OCR required
65_hs1-834228961_62-hq-83894_section_3.pdf,2,false,0,,true,no extractable text found on this page,no text layer; OCR required
65_hs1-834228961_62-hq-83894_section_3.pdf,3,false,0,,true,no extractable text found on this page,no text layer; OCR required
65_hs1-834228961_62-hq-83894_section_3.pdf,4,false,0,,true,no extractable text found on this page,no text layer; OCR required
65_hs1-834228961_62-hq-83894_section_3.pdf,5,false,0,,true,no extractable text found on this page,no text layer; OCR required
65_hs1-834228961_62-hq-83894_section_3.pdf,6,false,0,,true,no extractable text found on this page,no text layer; OCR required
65_hs1-834228961_62-hq-83894_section_3.pdf,7,false,0,,true,no extractable text found on this page,no text layer; OCR required
65_hs1-834228961_62-hq-83894_section_3.pdf,8,false,0,,true,no extractable text found on this page,no text layer; OCR required
65_hs1-834228961_62-hq-83894_section_3.pdf,9,false,0,,true,no extractable text found on this page,no text layer; OCR required
65_hs1-834228961_62-hq-83894_section_3.pdf,10,false,0,,true,no extractable text found on this page,no text layer; OCR required
65_hs1-834228961_62-hq-83894_section_3.pdf,11,false,0,,true,no extractable text found on this page,no text layer; OCR required
65_hs1-834228961_62-hq-83894_section_3.pdf,12,false,0,,true,no extractable text found on this page,no text layer; OCR required
65_hs1-834228961_62-hq-83894_section_3.pdf,13,false,0,,true,no extractable text found on this page,no text layer; OCR required
65_hs1-834228961_62-hq-83894_section_3.pdf,14,false,0,,true,no extractable text found on this page,no text layer; OCR required
65_hs1-834228961_62-hq-83894_section_3.pdf,15,false,0,,true,no extractable text found on this page,no text layer; OCR required
65_hs1-834228961_62-hq-83894_section_3.pdf,16,false,0,,true,no extractable text found on this page,no text layer; OCR required
65_hs1-834228961_62-hq-83894_section_3.pdf,17,false,0,,true,no extractable text found on this page,no text layer; OCR required
65_hs1-834228961_62-hq-83894_section_3.pdf,18,false,0,,true,no extractable text found on this page,no text layer; OCR required
65_hs1-834228961_62-hq-83894_section_3.pdf,19,false,0,,true,no extractable text found on this page,no text layer; OCR required
65_hs1-834228961_62-hq-83894_section_3.pdf,20,false,0,,true,no extractable text found on this page,no text layer; OCR required
65_hs1-834228961_62-hq-83894_section_3.pdf,21,false,0,,true,no extractable text found on this page,no text layer; OCR required
65_hs1-834228961_62-hq-83894_section_3.pdf,22,false,0,,true,no extractable text found on this page,no text layer; OCR required
65_hs1-834228961_62-hq-83894_section_3.pdf,23,false,0,,true,no extractable text found on this page,no text layer; OCR required
65_hs1-834228961_62-hq-83894_section_3.pdf,24,false,0,,true,no extractable text found on this page,no text layer; OCR required
65_hs1-834228961_62-hq-83894_section_3.pdf,25,false,0,,true,no extractable text found on this page,no text layer; OCR required
65_hs1-834228961_62-hq-83894_section_3.pdf,26,false,0,,true,no extractable text found on this page,no text layer; OCR required
65_hs1-834228961_62-hq-83894_section_3.pdf,27,false,0,,true,no extractable text found on this page,no text layer; OCR required
65_hs1-834228961_62-hq-83894_section_3.pdf,28,false,0,,true,no extractable text found on this page,no text layer; OCR required
65_hs1-834228961_62-hq-83894_section_3.pdf,29,false,0,,true,no extractable text found on this page,no text layer; OCR required
65_hs1-834228961_62-hq-83894_section_3.pdf,30,false,0,,true,no extractable text found on this page,no text layer; OCR required
65_hs1-834228961_62-hq-83894_section_3.pdf,31,false,0,,true,no extractable text found on this page,no text layer; OCR required
65_hs1-834228961_62-hq-83894_section_3.pdf,32,false,0,,true,no extractable text found on this page,no text layer; OCR required
65_hs1-834228961_62-hq-83894_section_3.pdf,33,false,0,,true,no extractable text found on this page,no text layer; OCR required
65_hs1-834228961_62-hq-83894_section_3.pdf,34,false,0,,true,no extractable text found on this page,no text layer; OCR required
65_hs1-834228961_62-hq-83894_section_3.pdf,35,false,0,,true,no extractable text found on this page,no text layer; OCR required
65_hs1-834228961_62-hq-83894_section_3.pdf,36,false,0,,true,no extractable text found on this page,no text layer; OCR required
65_hs1-834228961_62-hq-83894_section_3.pdf,37,false,0,,true,no extractable text found on this page,no text layer; OCR required
65_hs1-834228961_62-hq-83894_section_3.pdf,38,false,0,,true,no extractable text found on this page,no text layer; OCR required
65_hs1-834228961_62-hq-83894_section_3.pdf,39,false,0,,true,no extractable text found on this page,no text layer; OCR required
65_hs1-834228961_62-hq-83894_section_3.pdf,40,false,0,,true,no extractable text found on this page,no text layer; OCR required
65_hs1-834228961_62-hq-83894_section_3.pdf,41,false,0,,true,no extractable text found on this page,no text layer; OCR required
65_hs1-834228961_62-hq-83894_section_3.pdf,42,false,0,,true,no extractable text found on this page,no text layer; OCR required
65_hs1-834228961_62-hq-83894_section_3.pdf,43,false,0,,true,no extractable text found on this page,no text layer; OCR required
65_hs1-834228961_62-hq-83894_section_3.pdf,44,false,0,,true,no extractable text found on this page,no text layer; OCR required
65_hs1-834228961_62-hq-83894_section_3.pdf,45,false,0,,true,no extractable text found on this page,no text layer; OCR required
65_hs1-834228961_62-hq-83894_section_3.pdf,46,false,0,,true,no extractable text found on this page,no text layer; OCR required
65_hs1-834228961_62-hq-83894_section_3.pdf,47,false,0,,true,no extractable text found on this page,no text layer; OCR required
65_hs1-834228961_62-hq-83894_section_3.pdf,48,false,0,,true,no extractable text found on this page,no text layer; OCR required
65_hs1-834228961_62-hq-83894_section_3.pdf,49,false,0,,true,no extractable text found on this page,no text layer; OCR required
65_hs1-834228961_62-hq-83894_section_3.pdf,50,false,0,,true,no extractable text found on this page,no text layer; OCR required
65_hs1-834228961_62-hq-83894_section_3.pdf,51,false,0,,true,no extractable text found on this page,no text layer; OCR required
65_hs1-834228961_62-hq-83894_section_3.pdf,52,false,0,,true,no extractable text found on this page,no text layer; OCR required
65_hs1-834228961_62-hq-83894_section_3.pdf,53,false,0,,true,no extractable text found on this page,no text layer; OCR required
65_hs1-834228961_62-hq-83894_section_3.pdf,54,false,0,,true,no extractable text found on this page,no text layer; OCR required
65_hs1-834228961_62-hq-83894_section_3.pdf,55,false,0,,true,no extractable text found on this page,no text layer; OCR required
65_hs1-834228961_62-hq-83894_section_3.pdf,56,false,0,,true,no extractable text found on this page,no text layer; OCR required
65_hs1-834228961_62-hq-83894_section_3.pdf,57,false,0,,true,no extractable text found on this page,no text layer; OCR required
65_hs1-834228961_62-hq-83894_section_3.pdf,58,false,0,,true,no extractable text found on this page,no text layer; OCR required
65_hs1-834228961_62-hq-83894_section_3.pdf,59,false,0,,true,no extractable text found on this page,no text layer; OCR required
65_hs1-834228961_62-hq-83894_section_3.pdf,60,false,0,,true,no extractable text found on this page,no text layer; OCR required
65_hs1-834228961_62-hq-83894_section_3.pdf,61,false,0,,true,no extractable text found on this page,no text layer; OCR required
65_hs1-834228961_62-hq-83894_section_3.pdf,62,false,0,,true,no extractable text found on this page,no text layer; OCR required
65_hs1-834228961_62-hq-83894_section_3.pdf,63,false,0,,true,no extractable text found on this page,no text layer; OCR required
65_hs1-834228961_62-hq-83894_section_3.pdf,64,false,0,,true,no extractable text found on this page,no text layer; OCR required
65_hs1-834228961_62-hq-83894_section_3.pdf,65,false,0,,true,no extractable text found on this page,no text layer; OCR required
65_hs1-834228961_62-hq-83894_section_3.pdf,66,false,0,,true,no extractable text found on this page,no text layer; OCR required
65_hs1-834228961_62-hq-83894_section_3.pdf,67,false,0,,true,no extractable text found on this page,no text layer; OCR required
65_hs1-834228961_62-hq-83894_section_3.pdf,68,false,0,,true,no extractable text found on this page,no text layer; OCR required
65_hs1-834228961_62-hq-83894_section_3.pdf,69,false,0,,true,no extractable text found on this page,no text layer; OCR required
65_hs1-834228961_62-hq-83894_section_3.pdf,70,false,0,,true,no extractable text found on this page,no text layer; OCR required
65_hs1-834228961_62-hq-83894_section_3.pdf,71,false,0,,true,no extractable text found on this page,no text layer; OCR required
65_hs1-834228961_62-hq-83894_section_3.pdf,72,false,0,,true,no extractable text found on this page,no text layer; OCR required
65_hs1-834228961_62-hq-83894_section_3.pdf,73,false,0,,true,no extractable text found on this page,no text layer; OCR required
65_hs1-834228961_62-hq-83894_section_3.pdf,74,false,0,,true,no extractable text found on this page,no text layer; OCR required
65_hs1-834228961_62-hq-83894_section_3.pdf,75,false,0,,true,no extractable text found on this page,no text layer; OCR required
65_hs1-834228961_62-hq-83894_section_3.pdf,76,false,0,,true,no extractable text found on this page,no text layer; OCR required
65_hs1-834228961_62-hq-83894_section_3.pdf,77,false,0,,true,no extractable text found on this page,no text layer; OCR required
65_hs1-834228961_62-hq-83894_section_3.pdf,78,false,0,,true,no extractable text found on this page,no text layer; OCR required
65_hs1-834228961_62-hq-83894_section_3.pdf,79,false,0,,true,no extractable text found on this page,no text layer; OCR required
65_hs1-834228961_62-hq-83894_section_3.pdf,80,false,0,,true,no extractable text found on this page,no text layer; OCR required
65_hs1-834228961_62-hq-83894_section_3.pdf,81,false,0,,true,no extractable text found on this page,no text layer; OCR required
65_hs1-834228961_62-hq-83894_section_3.pdf,82,false,0,,true,no extractable text found on this page,no text layer; OCR required
65_hs1-834228961_62-hq-83894_section_3.pdf,83,false,0,,true,no extractable text found on this page,no text layer; OCR required
65_hs1-834228961_62-hq-83894_section_3.pdf,84,false,0,,true,no extractable text found on this page,no text layer; OCR required
65_hs1-834228961_62-hq-83894_section_3.pdf,85,false,0,,true,no extractable text found on this page,no text layer; OCR required
65_hs1-834228961_62-hq-83894_section_3.pdf,86,false,0,,true,no extractable text found on this page,no text layer; OCR required
65_hs1-834228961_62-hq-83894_section_3.pdf,87,false,0,,true,no extractable text found on this page,no text layer; OCR required
65_hs1-834228961_62-hq-83894_section_3.pdf,88,false,0,,true,no extractable text found on this page,no text layer; OCR required
65_hs1-834228961_62-hq-83894_section_3.pdf,89,false,0,,true,no extractable text found on this page,no text layer; OCR required
65_hs1-834228961_62-hq-83894_section_3.pdf,90,false,0,,true,no extractable text found on this page,no text layer; OCR required
65_hs1-834228961_62-hq-83894_section_3.pdf,91,false,0,,true,no extractable text found on this page,no text layer; OCR required
65_hs1-834228961_62-hq-83894_section_3.pdf,92,false,0,,true,no extractable text found on this page,no text layer; OCR required
65_hs1-834228961_62-hq-83894_section_3.pdf,93,false,0,,true,no extractable text found on this page,no text layer; OCR required
65_hs1-834228961_62-hq-83894_section_3.pdf,94,false,0,,true,no extractable text found on this page,no text layer; OCR required
65_hs1-834228961_62-hq-83894_section_3.pdf,95,false,0,,true,no extractable text found on this page,no text layer; OCR required
65_hs1-834228961_62-hq-83894_section_3.pdf,96,false,0,,true,no extractable text found on this page,no text layer; OCR required
65_hs1-834228961_62-hq-83894_section_3.pdf,97,false,0,,true,no extractable text found on this page,no text layer; OCR required
65_hs1-834228961_62-hq-83894_section_3.pdf,98,false,0,,true,no extractable text found on this page,no text layer; OCR required
65_hs1-834228961_62-hq-83894_section_3.pdf,99,false,0,,true,no extractable text found on this page,no text layer; OCR required
65_hs1-834228961_62-hq-83894_section_3.pdf,100,false,0,,true,no extractable text found on this page,no text layer; OCR required
65_hs1-834228961_62-hq-83894_section_3.pdf,101,false,0,,true,no extractable text found on this page,no text layer; OCR required
65_hs1-834228961_62-hq-83894_section_3.pdf,102,false,0,,true,no extractable text found on this page,no text layer; OCR required
65_hs1-834228961_62-hq-83894_section_3.pdf,103,false,0,,true,no extractable text found on this page,no text layer; OCR required
65_hs1-834228961_62-hq-83894_section_3.pdf,104,false,0,,true,no extractable text found on this page,no text layer; OCR required
65_hs1-834228961_62-hq-83894_section_3.pdf,105,false,0,,true,no extractable text found on this page,no text layer; OCR required
65_hs1-834228961_62-hq-83894_section_3.pdf,106,false,0,,true,no extractable text found on this page,no text layer; OCR required
65_hs1-834228961_62-hq-83894_section_3.pdf,107,false,0,,true,no extractable text found on this page,no text layer; OCR required
65_hs1-834228961_62-hq-83894_section_3.pdf,108,false,0,,true,no extractable text found on this page,no text layer; OCR required
65_hs1-834228961_62-hq-83894_section_3.pdf,109,false,0,,true,no extractable text found on this page,no text layer; OCR required
65_hs1-834228961_62-hq-83894_section_3.pdf,110,false,0,,true,no extractable text found on this page,no text layer; OCR required
65_hs1-834228961_62-hq-83894_section_3.pdf,111,false,0,,true,no extractable text found on this page,no text layer; OCR required
65_hs1-834228961_62-hq-83894_section_3.pdf,112,false,0,,true,no extractable text found on this page,no text layer; OCR required
65_hs1-834228961_62-hq-83894_section_3.pdf,113,false,0,,true,no extractable text found on this page,no text layer; OCR required
65_hs1-834228961_62-hq-83894_section_3.pdf,114,false,0,,true,no extractable text found on this page,no text layer; OCR required
65_hs1-834228961_62-hq-83894_section_3.pdf,115,false,0,,true,no extractable text found on this page,no text layer; OCR required
65_hs1-834228961_62-hq-83894_section_3.pdf,116,false,0,,true,no extractable text found on this page,no text layer; OCR required
65_hs1-834228961_62-hq-83894_section_3.pdf,117,false,0,,true,no extractable text found on this page,no text layer; OCR required
65_hs1-834228961_62-hq-83894_section_3.pdf,118,false,0,,true,no extractable text found on this page,no text layer; OCR required
65_hs1-834228961_62-hq-83894_section_3.pdf,119,false,0,,true,no extractable text found on this page,no text layer; OCR required
65_hs1-834228961_62-hq-83894_section_3.pdf,120,false,0,,true,no extractable text found on this page,no text layer; OCR required
65_hs1-834228961_62-hq-83894_section_3.pdf,121,false,0,,true,no extractable text found on this page,no text layer; OCR required
65_hs1-834228961_62-hq-83894_section_3.pdf,122,false,0,,true,no extractable text found on this page,no text layer; OCR required
65_hs1-834228961_62-hq-83894_section_3.pdf,123,false,0,,true,no extractable text found on this page,no text layer; OCR required
65_hs1-834228961_62-hq-83894_section_3.pdf,124,false,0,,true,no extractable text found on this page,no text layer; OCR required
65_hs1-834228961_62-hq-83894_section_3.pdf,125,false,0,,true,no extractable text found on this page,no text layer; OCR required
65_hs1-834228961_62-hq-83894_section_3.pdf,126,false,0,,true,no extractable text found on this page,no text layer; OCR required
65_hs1-834228961_62-hq-83894_section_3.pdf,127,false,0,,true,no extractable text found on this page,no text layer; OCR required
65_hs1-834228961_62-hq-83894_section_3.pdf,128,false,0,,true,no extractable text found on this page,no text layer; OCR required
65_hs1-834228961_62-hq-83894_section_3.pdf,129,false,0,,true,no extractable text found on this page,no text layer; OCR required
65_hs1-834228961_62-hq-83894_section_3.pdf,130,false,0,,true,no extractable text found on this page,no text layer; OCR required
65_hs1-834228961_62-hq-83894_section_3.pdf,131,false,0,,true,no extractable text found on this page,no text layer; OCR required
65_hs1-834228961_62-hq-83894_section_3.pdf,132,false,0,,true,no extractable text found on this page,no text layer; OCR required
65_hs1-834228961_62-hq-83894_section_3.pdf,133,false,0,,true,no extractable text found on this page,no text layer; OCR required
65_hs1-834228961_62-hq-83894_section_3.pdf,134,false,0,,true,no extractable text found on this page,no text layer; OCR required
65_hs1-834228961_62-hq-83894_section_3.pdf,135,false,0,,true,no extractable text found on this page,no text layer; OCR required
65_hs1-834228961_62-hq-83894_section_3.pdf,136,false,0,,true,no extractable text found on this page,no text layer; OCR required
65_hs1-834228961_62-hq-83894_section_3.pdf,137,false,0,,true,no extractable text found on this page,no text layer; OCR required
65_hs1-834228961_62-hq-83894_section_3.pdf,138,false,0,,true,no extractable text found on this page,no text layer; OCR required
65_hs1-834228961_62-hq-83894_section_3.pdf,139,false,0,,true,no extractable text found on this page,no text layer; OCR required
65_hs1-834228961_62-hq-83894_section_3.pdf,140,false,0,,true,no extractable text found on this page,no text layer; OCR required
65_hs1-834228961_62-hq-83894_section_3.pdf,141,false,0,,true,no extractable text found on this page,no text layer; OCR required
65_hs1-834228961_62-hq-83894_section_3.pdf,142,false,0,,true,no extractable text found on this page,no text layer; OCR required
65_hs1-834228961_62-hq-83894_section_3.pdf,143,false,0,,true,no extractable text found on this page,no text layer; OCR required
65_hs1-834228961_62-hq-83894_section_3.pdf,144,false,0,,true,no extractable text found on this page,no text layer; OCR required
65_hs1-834228961_62-hq-83894_section_3.pdf,145,false,0,,true,no extractable text found on this page,no text layer; OCR required
65_hs1-834228961_62-hq-83894_section_3.pdf,146,false,0,,true,no extractable text found on this page,no text layer; OCR required
65_hs1-834228961_62-hq-83894_section_3.pdf,147,false,0,,true,no extractable text found on this page,no text layer; OCR required
65_hs1-834228961_62-hq-83894_section_3.pdf,148,false,0,,true,no extractable text found on this page,no text layer; OCR required
65_hs1-834228961_62-hq-83894_section_3.pdf,149,false,0,,true,no extractable text found on this page,no text layer; OCR required
65_hs1-834228961_62-hq-83894_section_3.pdf,150,false,0,,true,no extractable text found on this page,no text layer; OCR required
65_hs1-834228961_62-hq-83894_section_3.pdf,151,false,0,,true,no extractable text found on this page,no text layer; OCR required
65_hs1-834228961_62-hq-83894_section_3.pdf,152,false,0,,true,no extractable text found on this page,no text layer; OCR required
65_hs1-834228961_62-hq-83894_section_3.pdf,153,false,0,,true,no extractable text found on this page,no text layer; OCR required
65_hs1-834228961_62-hq-83894_section_3.pdf,154,false,0,,true,no extractable text found on this page,no text layer; OCR required
65_hs1-834228961_62-hq-83894_section_3.pdf,155,false,0,,true,no extractable text found on this page,no text layer; OCR required
65_hs1-834228961_62-hq-83894_section_3.pdf,156,false,0,,true,no extractable text found on this page,no text layer; OCR required
65_hs1-834228961_62-hq-83894_section_3.pdf,157,false,0,,true,no extractable text found on this page,no text layer; OCR required
65_hs1-834228961_62-hq-83894_section_3.pdf,158,false,0,,true,no extractable text found on this page,no text layer; OCR required
65_hs1-834228961_62-hq-83894_section_3.pdf,159,false,0,,true,no extractable text found on this page,no text layer; OCR required
65_hs1-834228961_62-hq-83894_section_3.pdf,160,false,0,,true,no extractable text found on this page,no text layer; OCR required
65_hs1-834228961_62-hq-83894_section_3.pdf,161,false,0,,true,no extractable text found on this page,no text layer; OCR required
65_hs1-834228961_62-hq-83894_section_3.pdf,162,false,0,,true,no extractable text found on this page,no text layer; OCR required
65_hs1-834228961_62-hq-83894_section_3.pdf,163,false,0,,true,no extractable text found on this page,no text layer; OCR required
65_hs1-834228961_62-hq-83894_section_3.pdf,164,false,0,,true,no extractable text found on this page,no text layer; OCR required
65_hs1-834228961_62-hq-83894_section_3.pdf,165,false,0,,true,no extractable text found on this page,no text layer; OCR required
65_hs1-834228961_62-hq-83894_section_3.pdf,166,false,0,,true,no extractable text found on this page,no text layer; OCR required
65_hs1-834228961_62-hq-83894_section_3.pdf,167,false,0,,true,no extractable text found on this page,no text layer; OCR required
65_hs1-834228961_62-hq-83894_section_3.pdf,168,false,0,,true,no extractable text found on this page,no text layer; OCR required
65_hs1-834228961_62-hq-83894_section_3.pdf,169,false,0,,true,no extractable text found on this page,no text layer; OCR required
65_hs1-834228961_62-hq-83894_section_3.pdf,170,false,0,,true,no extractable text found on this page,no text layer; OCR required
65_hs1-834228961_62-hq-83894_section_3.pdf,171,false,0,,true,no extractable text found on this page,no text layer; OCR required
65_hs1-834228961_62-hq-83894_section_3.pdf,172,false,0,,true,no extractable text found on this page,no text layer; OCR required
65_hs1-834228961_62-hq-83894_section_3.pdf,173,false,0,,true,no extractable text found on this page,no text layer; OCR required
65_hs1-834228961_62-hq-83894_section_3.pdf,174,false,0,,true,no extractable text found on this page,no text layer; OCR required
65_hs1-834228961_62-hq-83894_section_3.pdf,175,false,0,,true,no extractable text found on this page,no text layer; OCR required
65_hs1-834228961_62-hq-83894_section_3.pdf,176,false,0,,true,no extractable text found on this page,no text layer; OCR required
65_hs1-834228961_62-hq-83894_section_3.pdf,177,false,0,,true,no extractable text found on this page,no text layer; OCR required
65_hs1-834228961_62-hq-83894_section_3.pdf,178,false,0,,true,no extractable text found on this page,no text layer; OCR required
65_hs1-834228961_62-hq-83894_section_3.pdf,179,false,0,,true,no extractable text found on this page,no text layer; OCR required
65_hs1-834228961_62-hq-83894_section_3.pdf,180,false,0,,true,no extractable text found on this page,no text layer; OCR required
65_hs1-834228961_62-hq-83894_section_3.pdf,181,false,0,,true,no extractable text found on this page,no text layer; OCR required
65_hs1-834228961_62-hq-83894_section_3.pdf,182,false,0,,true,no extractable text found on this page,no text layer; OCR required
65_hs1-834228961_62-hq-83894_section_3.pdf,183,false,0,,true,no extractable text found on this page,no text layer; OCR required
65_hs1-834228961_62-hq-83894_section_3.pdf,184,false,0,,true,no extractable text found on this page,no text layer; OCR required
65_hs1-834228961_62-hq-83894_section_3.pdf,185,false,0,,true,no extractable text found on this page,no text layer; OCR required
65_hs1-834228961_62-hq-83894_section_3.pdf,186,false,0,,true,no extractable text found on this page,no text layer; OCR required
65_hs1-834228961_62-hq-83894_section_3.pdf,187,false,0,,true,no extractable text found on this page,no text layer; OCR required
65_hs1-834228961_62-hq-83894_section_3.pdf,188,false,0,,true,no extractable text found on this page,no text layer; OCR required
65_hs1-834228961_62-hq-83894_section_3.pdf,189,false,0,,true,no extractable text found on this page,no text layer; OCR required
65_hs1-834228961_62-hq-83894_section_3.pdf,190,false,0,,true,no extractable text found on this page,no text layer; OCR required
65_hs1-834228961_62-hq-83894_section_4.pdf,1,false,0,,true,no extractable text found on this page,no text layer; OCR required
65_hs1-834228961_62-hq-83894_section_4.pdf,2,false,0,,true,no extractable text found on this page,no text layer; OCR required
65_hs1-834228961_62-hq-83894_section_4.pdf,3,false,0,,true,no extractable text found on this page,no text layer; OCR required
65_hs1-834228961_62-hq-83894_section_4.pdf,4,false,0,,true,no extractable text found on this page,no text layer; OCR required
65_hs1-834228961_62-hq-83894_section_4.pdf,5,false,0,,true,no extractable text found on this page,no text layer; OCR required
65_hs1-834228961_62-hq-83894_section_4.pdf,6,false,0,,true,no extractable text found on this page,no text layer; OCR required
65_hs1-834228961_62-hq-83894_section_4.pdf,7,false,0,,true,no extractable text found on this page,no text layer; OCR required
65_hs1-834228961_62-hq-83894_section_4.pdf,8,false,0,,true,no extractable text found on this page,no text layer; OCR required
65_hs1-834228961_62-hq-83894_section_4.pdf,9,false,0,,true,no extractable text found on this page,no text layer; OCR required
65_hs1-834228961_62-hq-83894_section_4.pdf,10,false,0,,true,no extractable text found on this page,no text layer; OCR required
65_hs1-834228961_62-hq-83894_section_4.pdf,11,false,0,,true,no extractable text found on this page,no text layer; OCR required
65_hs1-834228961_62-hq-83894_section_4.pdf,12,false,0,,true,no extractable text found on this page,no text layer; OCR required
65_hs1-834228961_62-hq-83894_section_4.pdf,13,false,0,,true,no extractable text found on this page,no text layer; OCR required
65_hs1-834228961_62-hq-83894_section_4.pdf,14,false,0,,true,no extractable text found on this page,no text layer; OCR required
65_hs1-834228961_62-hq-83894_section_4.pdf,15,false,0,,true,no extractable text found on this page,no text layer; OCR required
65_hs1-834228961_62-hq-83894_section_4.pdf,16,false,0,,true,no extractable text found on this page,no text layer; OCR required
65_hs1-834228961_62-hq-83894_section_4.pdf,17,false,0,,true,no extractable text found on this page,no text layer; OCR required
65_hs1-834228961_62-hq-83894_section_4.pdf,18,false,0,,true,no extractable text found on this page,no text layer; OCR required
65_hs1-834228961_62-hq-83894_section_4.pdf,19,false,0,,true,no extractable text found on this page,no text layer; OCR required
65_hs1-834228961_62-hq-83894_section_4.pdf,20,false,0,,true,no extractable text found on this page,no text layer; OCR required
65_hs1-834228961_62-hq-83894_section_4.pdf,21,false,0,,true,no extractable text found on this page,no text layer; OCR required
65_hs1-834228961_62-hq-83894_section_4.pdf,22,false,0,,true,no extractable text found on this page,no text layer; OCR required
65_hs1-834228961_62-hq-83894_section_4.pdf,23,false,0,,true,no extractable text found on this page,no text layer; OCR required
65_hs1-834228961_62-hq-83894_section_4.pdf,24,false,0,,true,no extractable text found on this page,no text layer; OCR required
65_hs1-834228961_62-hq-83894_section_4.pdf,25,false,0,,true,no extractable text found on this page,no text layer; OCR required
65_hs1-834228961_62-hq-83894_section_4.pdf,26,false,0,,true,no extractable text found on this page,no text layer; OCR required
65_hs1-834228961_62-hq-83894_section_4.pdf,27,false,0,,true,no extractable text found on this page,no text layer; OCR required
65_hs1-834228961_62-hq-83894_section_4.pdf,28,false,0,,true,no extractable text found on this page,no text layer; OCR required
65_hs1-834228961_62-hq-83894_section_4.pdf,29,false,0,,true,no extractable text found on this page,no text layer; OCR required
65_hs1-834228961_62-hq-83894_section_4.pdf,30,false,0,,true,no extractable text found on this page,no text layer; OCR required
65_hs1-834228961_62-hq-83894_section_4.pdf,31,false,0,,true,no extractable text found on this page,no text layer; OCR required
65_hs1-834228961_62-hq-83894_section_4.pdf,32,false,0,,true,no extractable text found on this page,no text layer; OCR required
65_hs1-834228961_62-hq-83894_section_4.pdf,33,false,0,,true,no extractable text found on this page,no text layer; OCR required
65_hs1-834228961_62-hq-83894_section_4.pdf,34,false,0,,true,no extractable text found on this page,no text layer; OCR required
65_hs1-834228961_62-hq-83894_section_4.pdf,35,false,0,,true,no extractable text found on this page,no text layer; OCR required
65_hs1-834228961_62-hq-83894_section_4.pdf,36,false,0,,true,no extractable text found on this page,no text layer; OCR required
65_hs1-834228961_62-hq-83894_section_4.pdf,37,false,0,,true,no extractable text found on this page,no text layer; OCR required
65_hs1-834228961_62-hq-83894_section_4.pdf,38,false,0,,true,no extractable text found on this page,no text layer; OCR required
65_hs1-834228961_62-hq-83894_section_4.pdf,39,false,0,,true,no extractable text found on this page,no text layer; OCR required
65_hs1-834228961_62-hq-83894_section_4.pdf,40,false,0,,true,no extractable text found on this page,no text layer; OCR required
65_hs1-834228961_62-hq-83894_section_4.pdf,41,false,0,,true,no extractable text found on this page,no text layer; OCR required
65_hs1-834228961_62-hq-83894_section_4.pdf,42,false,0,,true,no extractable text found on this page,no text layer; OCR required
65_hs1-834228961_62-hq-83894_section_4.pdf,43,false,0,,true,no extractable text found on this page,no text layer; OCR required
65_hs1-834228961_62-hq-83894_section_4.pdf,44,false,0,,true,no extractable text found on this page,no text layer; OCR required
65_hs1-834228961_62-hq-83894_section_4.pdf,45,false,0,,true,no extractable text found on this page,no text layer; OCR required
65_hs1-834228961_62-hq-83894_section_4.pdf,46,false,0,,true,no extractable text found on this page,no text layer; OCR required
65_hs1-834228961_62-hq-83894_section_4.pdf,47,false,0,,true,no extractable text found on this page,no text layer; OCR required
65_hs1-834228961_62-hq-83894_section_4.pdf,48,false,0,,true,no extractable text found on this page,no text layer; OCR required
65_hs1-834228961_62-hq-83894_section_4.pdf,49,false,0,,true,no extractable text found on this page,no text layer; OCR required
65_hs1-834228961_62-hq-83894_section_4.pdf,50,false,0,,true,no extractable text found on this page,no text layer; OCR required
65_hs1-834228961_62-hq-83894_section_4.pdf,51,false,0,,true,no extractable text found on this page,no text layer; OCR required
65_hs1-834228961_62-hq-83894_section_4.pdf,52,false,0,,true,no extractable text found on this page,no text layer; OCR required
65_hs1-834228961_62-hq-83894_section_4.pdf,53,false,0,,true,no extractable text found on this page,no text layer; OCR required
65_hs1-834228961_62-hq-83894_section_4.pdf,54,false,0,,true,no extractable text found on this page,no text layer; OCR required
65_hs1-834228961_62-hq-83894_section_4.pdf,55,false,0,,true,no extractable text found on this page,no text layer; OCR required
65_hs1-834228961_62-hq-83894_section_4.pdf,56,false,0,,true,no extractable text found on this page,no text layer; OCR required
65_hs1-834228961_62-hq-83894_section_4.pdf,57,false,0,,true,no extractable text found on this page,no text layer; OCR required
65_hs1-834228961_62-hq-83894_section_4.pdf,58,false,0,,true,no extractable text found on this page,no text layer; OCR required
65_hs1-834228961_62-hq-83894_section_4.pdf,59,false,0,,true,no extractable text found on this page,no text layer; OCR required
65_hs1-834228961_62-hq-83894_section_4.pdf,60,false,0,,true,no extractable text found on this page,no text layer; OCR required
65_hs1-834228961_62-hq-83894_section_4.pdf,61,false,0,,true,no extractable text found on this page,no text layer; OCR required
65_hs1-834228961_62-hq-83894_section_4.pdf,62,false,0,,true,no extractable text found on this page,no text layer; OCR required
65_hs1-834228961_62-hq-83894_section_4.pdf,63,false,0,,true,no extractable text found on this page,no text layer; OCR required
65_hs1-834228961_62-hq-83894_section_4.pdf,64,false,0,,true,no extractable text found on this page,no text layer; OCR required
65_hs1-834228961_62-hq-83894_section_4.pdf,65,false,0,,true,no extractable text found on this page,no text layer; OCR required
65_hs1-834228961_62-hq-83894_section_4.pdf,66,false,0,,true,no extractable text found on this page,no text layer; OCR required
65_hs1-834228961_62-hq-83894_section_4.pdf,67,false,0,,true,no extractable text found on this page,no text layer; OCR required
65_hs1-834228961_62-hq-83894_section_4.pdf,68,false,0,,true,no extractable text found on this page,no text layer; OCR required
65_hs1-834228961_62-hq-83894_section_4.pdf,69,false,0,,true,no extractable text found on this page,no text layer; OCR required
65_hs1-834228961_62-hq-83894_section_4.pdf,70,false,0,,true,no extractable text found on this page,no text layer; OCR required
65_hs1-834228961_62-hq-83894_section_4.pdf,71,false,0,,true,no extractable text found on this page,no text layer; OCR required
65_hs1-834228961_62-hq-83894_section_4.pdf,72,false,0,,true,no extractable text found on this page,no text layer; OCR required
65_hs1-834228961_62-hq-83894_section_4.pdf,73,false,0,,true,no extractable text found on this page,no text layer; OCR required
65_hs1-834228961_62-hq-83894_section_4.pdf,74,false,0,,true,no extractable text found on this page,no text layer; OCR required
65_hs1-834228961_62-hq-83894_section_4.pdf,75,false,0,,true,no extractable text found on this page,no text layer; OCR required
65_hs1-834228961_62-hq-83894_section_4.pdf,76,false,0,,true,no extractable text found on this page,no text layer; OCR required
65_hs1-834228961_62-hq-83894_section_4.pdf,77,false,0,,true,no extractable text found on this page,no text layer; OCR required
65_hs1-834228961_62-hq-83894_section_4.pdf,78,false,0,,true,no extractable text found on this page,no text layer; OCR required
65_hs1-834228961_62-hq-83894_section_4.pdf,79,false,0,,true,no extractable text found on this page,no text layer; OCR required
65_hs1-834228961_62-hq-83894_section_4.pdf,80,false,0,,true,no extractable text found on this page,no text layer; OCR required
65_hs1-834228961_62-hq-83894_section_4.pdf,81,false,0,,true,no extractable text found on this page,no text layer; OCR required
65_hs1-834228961_62-hq-83894_section_4.pdf,82,false,0,,true,no extractable text found on this page,no text layer; OCR required
65_hs1-834228961_62-hq-83894_section_4.pdf,83,false,0,,true,no extractable text found on this page,no text layer; OCR required
65_hs1-834228961_62-hq-83894_section_4.pdf,84,false,0,,true,no extractable text found on this page,no text layer; OCR required
65_hs1-834228961_62-hq-83894_section_4.pdf,85,false,0,,true,no extractable text found on this page,no text layer; OCR required
65_hs1-834228961_62-hq-83894_section_4.pdf,86,false,0,,true,no extractable text found on this page,no text layer; OCR required
65_hs1-834228961_62-hq-83894_section_4.pdf,87,false,0,,true,no extractable text found on this page,no text layer; OCR required
65_hs1-834228961_62-hq-83894_section_4.pdf,88,false,0,,true,no extractable text found on this page,no text layer; OCR required
65_hs1-834228961_62-hq-83894_section_4.pdf,89,false,0,,true,no extractable text found on this page,no text layer; OCR required
65_hs1-834228961_62-hq-83894_section_4.pdf,90,false,0,,true,no extractable text found on this page,no text layer; OCR required
65_hs1-834228961_62-hq-83894_section_4.pdf,91,false,0,,true,no extractable text found on this page,no text layer; OCR required
65_hs1-834228961_62-hq-83894_section_4.pdf,92,false,0,,true,no extractable text found on this page,no text layer; OCR required
65_hs1-834228961_62-hq-83894_section_4.pdf,93,false,0,,true,no extractable text found on this page,no text layer; OCR required
65_hs1-834228961_62-hq-83894_section_4.pdf,94,false,0,,true,no extractable text found on this page,no text layer; OCR required
65_hs1-834228961_62-hq-83894_section_4.pdf,95,false,0,,true,no extractable text found on this page,no text layer; OCR required
65_hs1-834228961_62-hq-83894_section_4.pdf,96,false,0,,true,no extractable text found on this page,no text layer; OCR required
65_hs1-834228961_62-hq-83894_section_4.pdf,97,false,0,,true,no extractable text found on this page,no text layer; OCR required
65_hs1-834228961_62-hq-83894_section_4.pdf,98,false,0,,true,no extractable text found on this page,no text layer; OCR required
65_hs1-834228961_62-hq-83894_section_4.pdf,99,false,0,,true,no extractable text found on this page,no text layer; OCR required
65_hs1-834228961_62-hq-83894_section_4.pdf,100,false,0,,true,no extractable text found on this page,no text layer; OCR required
65_hs1-834228961_62-hq-83894_section_4.pdf,101,false,0,,true,no extractable text found on this page,no text layer; OCR required
65_hs1-834228961_62-hq-83894_section_4.pdf,102,false,0,,true,no extractable text found on this page,no text layer; OCR required
65_hs1-834228961_62-hq-83894_section_4.pdf,103,false,0,,true,no extractable text found on this page,no text layer; OCR required
65_hs1-834228961_62-hq-83894_section_4.pdf,104,false,0,,true,no extractable text found on this page,no text layer; OCR required
65_hs1-834228961_62-hq-83894_section_4.pdf,105,false,0,,true,no extractable text found on this page,no text layer; OCR required
65_hs1-834228961_62-hq-83894_section_4.pdf,106,false,0,,true,no extractable text found on this page,no text layer; OCR required
65_hs1-834228961_62-hq-83894_section_4.pdf,107,false,0,,true,no extractable text found on this page,no text layer; OCR required
65_hs1-834228961_62-hq-83894_section_4.pdf,108,false,0,,true,no extractable text found on this page,no text layer; OCR required
65_hs1-834228961_62-hq-83894_section_4.pdf,109,false,0,,true,no extractable text found on this page,no text layer; OCR required
65_hs1-834228961_62-hq-83894_section_4.pdf,110,false,0,,true,no extractable text found on this page,no text layer; OCR required
65_hs1-834228961_62-hq-83894_section_4.pdf,111,false,0,,true,no extractable text found on this page,no text layer; OCR required
65_hs1-834228961_62-hq-83894_section_4.pdf,112,false,0,,true,no extractable text found on this page,no text layer; OCR required
65_hs1-834228961_62-hq-83894_section_4.pdf,113,false,0,,true,no extractable text found on this page,no text layer; OCR required
65_hs1-834228961_62-hq-83894_section_4.pdf,114,false,0,,true,no extractable text found on this page,no text layer; OCR required
65_hs1-834228961_62-hq-83894_section_4.pdf,115,false,0,,true,no extractable text found on this page,no text layer; OCR required
65_hs1-834228961_62-hq-83894_section_4.pdf,116,false,0,,true,no extractable text found on this page,no text layer; OCR required
65_hs1-834228961_62-hq-83894_section_4.pdf,117,false,0,,true,no extractable text found on this page,no text layer; OCR required
65_hs1-834228961_62-hq-83894_section_4.pdf,118,false,0,,true,no extractable text found on this page,no text layer; OCR required
65_hs1-834228961_62-hq-83894_section_4.pdf,119,false,0,,true,no extractable text found on this page,no text layer; OCR required
65_hs1-834228961_62-hq-83894_section_4.pdf,120,false,0,,true,no extractable text found on this page,no text layer; OCR required
65_hs1-834228961_62-hq-83894_section_4.pdf,121,false,0,,true,no extractable text found on this page,no text layer; OCR required
65_hs1-834228961_62-hq-83894_section_4.pdf,122,false,0,,true,no extractable text found on this page,no text layer; OCR required
65_hs1-834228961_62-hq-83894_section_4.pdf,123,false,0,,true,no extractable text found on this page,no text layer; OCR required
65_hs1-834228961_62-hq-83894_section_4.pdf,124,false,0,,true,no extractable text found on this page,no text layer; OCR required
65_hs1-834228961_62-hq-83894_section_4.pdf,125,false,0,,true,no extractable text found on this page,no text layer; OCR required
65_hs1-834228961_62-hq-83894_section_4.pdf,126,false,0,,true,no extractable text found on this page,no text layer; OCR required
65_hs1-834228961_62-hq-83894_section_4.pdf,127,false,0,,true,no extractable text found on this page,no text layer; OCR required
65_hs1-834228961_62-hq-83894_section_4.pdf,128,false,0,,true,no extractable text found on this page,no text layer; OCR required
65_hs1-834228961_62-hq-83894_section_4.pdf,129,false,0,,true,no extractable text found on this page,no text layer; OCR required
65_hs1-834228961_62-hq-83894_section_4.pdf,130,false,0,,true,no extractable text found on this page,no text layer; OCR required
65_hs1-834228961_62-hq-83894_section_4.pdf,131,false,0,,true,no extractable text found on this page,no text layer; OCR required
65_hs1-834228961_62-hq-83894_section_4.pdf,132,false,0,,true,no extractable text found on this page,no text layer; OCR required
65_hs1-834228961_62-hq-83894_section_4.pdf,133,false,0,,true,no extractable text found on this page,no text layer; OCR required
65_hs1-834228961_62-hq-83894_section_4.pdf,134,false,0,,true,no extractable text found on this page,no text layer; OCR required
65_hs1-834228961_62-hq-83894_section_4.pdf,135,false,0,,true,no extractable text found on this page,no text layer; OCR required
65_hs1-834228961_62-hq-83894_section_4.pdf,136,false,0,,true,no extractable text found on this page,no text layer; OCR required
65_hs1-834228961_62-hq-83894_section_4.pdf,137,false,0,,true,no extractable text found on this page,no text layer; OCR required
65_hs1-834228961_62-hq-83894_section_4.pdf,138,false,0,,true,no extractable text found on this page,no text layer; OCR required
65_hs1-834228961_62-hq-83894_section_4.pdf,139,false,0,,true,no extractable text found on this page,no text layer; OCR required
65_hs1-834228961_62-hq-83894_section_4.pdf,140,false,0,,true,no extractable text found on this page,no text layer; OCR required
65_hs1-834228961_62-hq-83894_section_4.pdf,141,false,0,,true,no extractable text found on this page,no text layer; OCR required
65_hs1-834228961_62-hq-83894_section_4.pdf,142,false,0,,true,no extractable text found on this page,no text layer; OCR required
65_hs1-834228961_62-hq-83894_section_4.pdf,143,false,0,,true,no extractable text found on this page,no text layer; OCR required
65_hs1-834228961_62-hq-83894_section_4.pdf,144,false,0,,true,no extractable text found on this page,no text layer; OCR required
65_hs1-834228961_62-hq-83894_section_4.pdf,145,false,0,,true,no extractable text found on this page,no text layer; OCR required
65_hs1-834228961_62-hq-83894_section_4.pdf,146,false,0,,true,no extractable text found on this page,no text layer; OCR required
65_hs1-834228961_62-hq-83894_section_4.pdf,147,false,0,,true,no extractable text found on this page,no text layer; OCR required
65_hs1-834228961_62-hq-83894_section_4.pdf,148,false,0,,true,no extractable text found on this page,no text layer; OCR required
65_hs1-834228961_62-hq-83894_section_4.pdf,149,false,0,,true,no extractable text found on this page,no text layer; OCR required
65_hs1-834228961_62-hq-83894_section_4.pdf,150,false,0,,true,no extractable text found on this page,no text layer; OCR required
65_hs1-834228961_62-hq-83894_section_4.pdf,151,false,0,,true,no extractable text found on this page,no text layer; OCR required
65_hs1-834228961_62-hq-83894_section_4.pdf,152,false,0,,true,no extractable text found on this page,no text layer; OCR required
65_hs1-834228961_62-hq-83894_section_4.pdf,153,false,0,,true,no extractable text found on this page,no text layer; OCR required
65_hs1-834228961_62-hq-83894_section_4.pdf,154,false,0,,true,no extractable text found on this page,no text layer; OCR required
65_hs1-834228961_62-hq-83894_section_4.pdf,155,false,0,,true,no extractable text found on this page,no text layer; OCR required
65_hs1-834228961_62-hq-83894_section_4.pdf,156,false,0,,true,no extractable text found on this page,no text layer; OCR required
65_hs1-834228961_62-hq-83894_section_4.pdf,157,false,0,,true,no extractable text found on this page,no text layer; OCR required
65_hs1-834228961_62-hq-83894_section_4.pdf,158,false,0,,true,no extractable text found on this page,no text layer; OCR required
65_hs1-834228961_62-hq-83894_section_4.pdf,159,false,0,,true,no extractable text found on this page,no text layer; OCR required
65_hs1-834228961_62-hq-83894_section_4.pdf,160,false,0,,true,no extractable text found on this page,no text layer; OCR required
65_hs1-834228961_62-hq-83894_section_4.pdf,161,false,0,,true,no extractable text found on this page,no text layer; OCR required
65_hs1-834228961_62-hq-83894_section_4.pdf,162,false,0,,true,no extractable text found on this page,no text layer; OCR required
65_hs1-834228961_62-hq-83894_section_4.pdf,163,false,0,,true,no extractable text found on this page,no text layer; OCR required
65_hs1-834228961_62-hq-83894_section_4.pdf,164,false,0,,true,no extractable text found on this page,no text layer; OCR required
65_hs1-834228961_62-hq-83894_section_4.pdf,165,false,0,,true,no extractable text found on this page,no text layer; OCR required
65_hs1-834228961_62-hq-83894_section_4.pdf,166,false,0,,true,no extractable text found on this page,no text layer; OCR required
65_hs1-834228961_62-hq-83894_section_4.pdf,167,false,0,,true,no extractable text found on this page,no text layer; OCR required
65_hs1-834228961_62-hq-83894_section_4.pdf,168,false,0,,true,no extractable text found on this page,no text layer; OCR required
65_hs1-834228961_62-hq-83894_section_4.pdf,169,false,0,,true,no extractable text found on this page,no text layer; OCR required
65_hs1-834228961_62-hq-83894_section_4.pdf,170,false,0,,true,no extractable text found on this page,no text layer; OCR required
65_hs1-834228961_62-hq-83894_section_4.pdf,171,false,0,,true,no extractable text found on this page,no text layer; OCR required
65_hs1-834228961_62-hq-83894_section_4.pdf,172,false,0,,true,no extractable text found on this page,no text layer; OCR required
65_hs1-834228961_62-hq-83894_section_4.pdf,173,false,0,,true,no extractable text found on this page,no text layer; OCR required
65_hs1-834228961_62-hq-83894_section_4.pdf,174,false,0,,true,no extractable text found on this page,no text layer; OCR required
65_hs1-834228961_62-hq-83894_section_4.pdf,175,false,0,,true,no extractable text found on this page,no text layer; OCR required
65_hs1-834228961_62-hq-83894_section_4.pdf,176,false,0,,true,no extractable text found on this page,no text layer; OCR required
65_hs1-834228961_62-hq-83894_section_4.pdf,177,false,0,,true,no extractable text found on this page,no text layer; OCR required
65_hs1-834228961_62-hq-83894_section_4.pdf,178,false,0,,true,no extractable text found on this page,no text layer; OCR required
65_hs1-834228961_62-hq-83894_section_4.pdf,179,false,0,,true,no extractable text found on this page,no text layer; OCR required
65_hs1-834228961_62-hq-83894_section_4.pdf,180,false,0,,true,no extractable text found on this page,no text layer; OCR required
65_hs1-834228961_62-hq-83894_section_4.pdf,181,false,0,,true,no extractable text found on this page,no text layer; OCR required
65_hs1-834228961_62-hq-83894_section_4.pdf,182,false,0,,true,no extractable text found on this page,no text layer; OCR required
65_hs1-834228961_62-hq-83894_section_4.pdf,183,false,0,,true,no extractable text found on this page,no text layer; OCR required
65_hs1-834228961_62-hq-83894_section_4.pdf,184,false,0,,true,no extractable text found on this page,no text layer; OCR required
65_hs1-834228961_62-hq-83894_section_4.pdf,185,false,0,,true,no extractable text found on this page,no text layer; OCR required
65_hs1-834228961_62-hq-83894_section_4.pdf,186,false,0,,true,no extractable text found on this page,no text layer; OCR required
65_hs1-834228961_62-hq-83894_section_4.pdf,187,false,0,,true,no extractable text found on this page,no text layer; OCR required
65_hs1-834228961_62-hq-83894_section_4.pdf,188,false,0,,true,no extractable text found on this page,no text layer; OCR required
65_hs1-834228961_62-hq-83894_section_4.pdf,189,false,0,,true,no extractable text found on this page,no text layer; OCR required
65_hs1-834228961_62-hq-83894_section_4.pdf,190,false,0,,true,no extractable text found on this page,no text layer; OCR required
65_hs1-834228961_62-hq-83894_section_4.pdf,191,false,0,,true,no extractable text found on this page,no text layer; OCR required
65_hs1-834228961_62-hq-83894_section_4.pdf,192,false,0,,true,no extractable text found on this page,no text layer; OCR required
65_hs1-834228961_62-hq-83894_section_4.pdf,193,false,0,,true,no extractable text found on this page,no text layer; OCR required
65_hs1-834228961_62-hq-83894_section_4.pdf,194,false,0,,true,no extractable text found on this page,no text layer; OCR required
65_hs1-834228961_62-hq-83894_section_4.pdf,195,false,0,,true,no extractable text found on this page,no text layer; OCR required
65_hs1-834228961_62-hq-83894_section_4.pdf,196,false,0,,true,no extractable text found on this page,no text layer; OCR required
65_hs1-834228961_62-hq-83894_section_4.pdf,197,false,0,,true,no extractable text found on this page,no text layer; OCR required
65_hs1-834228961_62-hq-83894_section_4.pdf,198,false,0,,true,no extractable text found on this page,no text layer; OCR required
65_hs1-834228961_62-hq-83894_section_4.pdf,199,false,0,,true,no extractable text found on this page,no text layer; OCR required
65_hs1-834228961_62-hq-83894_section_4.pdf,200,false,0,,true,no extractable text found on this page,no text layer; OCR required
65_hs1-834228961_62-hq-83894_section_4.pdf,201,false,0,,true,no extractable text found on this page,no text layer; OCR required
65_hs1-834228961_62-hq-83894_section_4.pdf,202,false,0,,true,no extractable text found on this page,no text layer; OCR required
65_hs1-834228961_62-hq-83894_section_4.pdf,203,false,0,,true,no extractable text found on this page,no text layer; OCR required
65_hs1-834228961_62-hq-83894_section_4.pdf,204,false,0,,true,no extractable text found on this page,no text layer; OCR required
65_hs1-834228961_62-hq-83894_section_4.pdf,205,false,0,,true,no extractable text found on this page,no text layer; OCR required
65_hs1-834228961_62-hq-83894_section_4.pdf,206,false,0,,true,no extractable text found on this page,no text layer; OCR required
65_hs1-834228961_62-hq-83894_section_4.pdf,207,false,0,,true,no extractable text found on this page,no text layer; OCR required
65_hs1-834228961_62-hq-83894_section_4.pdf,208,false,0,,true,no extractable text found on this page,no text layer; OCR required
65_hs1-834228961_62-hq-83894_section_4.pdf,209,false,0,,true,no extractable text found on this page,no text layer; OCR required
65_hs1-834228961_62-hq-83894_section_4.pdf,210,false,0,,true,no extractable text found on this page,no text layer; OCR required
65_hs1-834228961_62-hq-83894_section_4.pdf,211,false,0,,true,no extractable text found on this page,no text layer; OCR required
65_hs1-834228961_62-hq-83894_section_4.pdf,212,false,0,,true,no extractable text found on this page,no text layer; OCR required
65_hs1-834228961_62-hq-83894_section_4.pdf,213,false,0,,true,no extractable text found on this page,no text layer; OCR required
65_hs1-834228961_62-hq-83894_section_4.pdf,214,false,0,,true,no extractable text found on this page,no text layer; OCR required
65_hs1-834228961_62-hq-83894_section_5.pdf,1,false,0,,true,no extractable text found on this page,no text layer; OCR required
65_hs1-834228961_62-hq-83894_section_5.pdf,2,false,0,,true,no extractable text found on this page,no text layer; OCR required
65_hs1-834228961_62-hq-83894_section_5.pdf,3,false,0,,true,no extractable text found on this page,no text layer; OCR required
65_hs1-834228961_62-hq-83894_section_5.pdf,4,false,0,,true,no extractable text found on this page,no text layer; OCR required
65_hs1-834228961_62-hq-83894_section_5.pdf,5,false,0,,true,no extractable text found on this page,no text layer; OCR required
65_hs1-834228961_62-hq-83894_section_5.pdf,6,false,0,,true,no extractable text found on this page,no text layer; OCR required
65_hs1-834228961_62-hq-83894_section_5.pdf,7,false,0,,true,no extractable text found on this page,no text layer; OCR required
65_hs1-834228961_62-hq-83894_section_5.pdf,8,false,0,,true,no extractable text found on this page,no text layer; OCR required
65_hs1-834228961_62-hq-83894_section_5.pdf,9,false,0,,true,no extractable text found on this page,no text layer; OCR required
65_hs1-834228961_62-hq-83894_section_5.pdf,10,false,0,,true,no extractable text found on this page,no text layer; OCR required
65_hs1-834228961_62-hq-83894_section_5.pdf,11,false,0,,true,no extractable text found on this page,no text layer; OCR required
65_hs1-834228961_62-hq-83894_section_5.pdf,12,false,0,,true,no extractable text found on this page,no text layer; OCR required
65_hs1-834228961_62-hq-83894_section_5.pdf,13,false,0,,true,no extractable text found on this page,no text layer; OCR required
65_hs1-834228961_62-hq-83894_section_5.pdf,14,false,0,,true,no extractable text found on this page,no text layer; OCR required
65_hs1-834228961_62-hq-83894_section_5.pdf,15,false,0,,true,no extractable text found on this page,no text layer; OCR required
65_hs1-834228961_62-hq-83894_section_5.pdf,16,false,0,,true,no extractable text found on this page,no text layer; OCR required
65_hs1-834228961_62-hq-83894_section_5.pdf,17,false,0,,true,no extractable text found on this page,no text layer; OCR required
65_hs1-834228961_62-hq-83894_section_5.pdf,18,false,0,,true,no extractable text found on this page,no text layer; OCR required
65_hs1-834228961_62-hq-83894_section_5.pdf,19,false,0,,true,no extractable text found on this page,no text layer; OCR required
65_hs1-834228961_62-hq-83894_section_5.pdf,20,false,0,,true,no extractable text found on this page,no text layer; OCR required
65_hs1-834228961_62-hq-83894_section_5.pdf,21,false,0,,true,no extractable text found on this page,no text layer; OCR required
65_hs1-834228961_62-hq-83894_section_5.pdf,22,false,0,,true,no extractable text found on this page,no text layer; OCR required
65_hs1-834228961_62-hq-83894_section_5.pdf,23,false,0,,true,no extractable text found on this page,no text layer; OCR required
65_hs1-834228961_62-hq-83894_section_5.pdf,24,false,0,,true,no extractable text found on this page,no text layer; OCR required
65_hs1-834228961_62-hq-83894_section_5.pdf,25,false,0,,true,no extractable text found on this page,no text layer; OCR required
65_hs1-834228961_62-hq-83894_section_5.pdf,26,false,0,,true,no extractable text found on this page,no text layer; OCR required
65_hs1-834228961_62-hq-83894_section_5.pdf,27,false,0,,true,no extractable text found on this page,no text layer; OCR required
65_hs1-834228961_62-hq-83894_section_5.pdf,28,false,0,,true,no extractable text found on this page,no text layer; OCR required
65_hs1-834228961_62-hq-83894_section_5.pdf,29,false,0,,true,no extractable text found on this page,no text layer; OCR required
65_hs1-834228961_62-hq-83894_section_5.pdf,30,false,0,,true,no extractable text found on this page,no text layer; OCR required
65_hs1-834228961_62-hq-83894_section_5.pdf,31,false,0,,true,no extractable text found on this page,no text layer; OCR required
65_hs1-834228961_62-hq-83894_section_5.pdf,32,false,0,,true,no extractable text found on this page,no text layer; OCR required
65_hs1-834228961_62-hq-83894_section_5.pdf,33,false,0,,true,no extractable text found on this page,no text layer; OCR required
65_hs1-834228961_62-hq-83894_section_5.pdf,34,false,0,,true,no extractable text found on this page,no text layer; OCR required
65_hs1-834228961_62-hq-83894_section_5.pdf,35,false,0,,true,no extractable text found on this page,no text layer; OCR required
65_hs1-834228961_62-hq-83894_section_5.pdf,36,false,0,,true,no extractable text found on this page,no text layer; OCR required
65_hs1-834228961_62-hq-83894_section_5.pdf,37,false,0,,true,no extractable text found on this page,no text layer; OCR required
65_hs1-834228961_62-hq-83894_section_5.pdf,38,false,0,,true,no extractable text found on this page,no text layer; OCR required
65_hs1-834228961_62-hq-83894_section_5.pdf,39,false,0,,true,no extractable text found on this page,no text layer; OCR required
65_hs1-834228961_62-hq-83894_section_5.pdf,40,false,0,,true,no extractable text found on this page,no text layer; OCR required
65_hs1-834228961_62-hq-83894_section_5.pdf,41,false,0,,true,no extractable text found on this page,no text layer; OCR required
65_hs1-834228961_62-hq-83894_section_5.pdf,42,false,0,,true,no extractable text found on this page,no text layer; OCR required
65_hs1-834228961_62-hq-83894_section_5.pdf,43,false,0,,true,no extractable text found on this page,no text layer; OCR required
65_hs1-834228961_62-hq-83894_section_5.pdf,44,false,0,,true,no extractable text found on this page,no text layer; OCR required
65_hs1-834228961_62-hq-83894_section_5.pdf,45,false,0,,true,no extractable text found on this page,no text layer; OCR required
65_hs1-834228961_62-hq-83894_section_5.pdf,46,false,0,,true,no extractable text found on this page,no text layer; OCR required
65_hs1-834228961_62-hq-83894_section_5.pdf,47,false,0,,true,no extractable text found on this page,no text layer; OCR required
65_hs1-834228961_62-hq-83894_section_5.pdf,48,false,0,,true,no extractable text found on this page,no text layer; OCR required
65_hs1-834228961_62-hq-83894_section_5.pdf,49,false,0,,true,no extractable text found on this page,no text layer; OCR required
65_hs1-834228961_62-hq-83894_section_5.pdf,50,false,0,,true,no extractable text found on this page,no text layer; OCR required
65_hs1-834228961_62-hq-83894_section_5.pdf,51,false,0,,true,no extractable text found on this page,no text layer; OCR required
65_hs1-834228961_62-hq-83894_section_5.pdf,52,false,0,,true,no extractable text found on this page,no text layer; OCR required
65_hs1-834228961_62-hq-83894_section_5.pdf,53,false,0,,true,no extractable text found on this page,no text layer; OCR required
65_hs1-834228961_62-hq-83894_section_5.pdf,54,false,0,,true,no extractable text found on this page,no text layer; OCR required
65_hs1-834228961_62-hq-83894_section_5.pdf,55,false,0,,true,no extractable text found on this page,no text layer; OCR required
65_hs1-834228961_62-hq-83894_section_5.pdf,56,false,0,,true,no extractable text found on this page,no text layer; OCR required
65_hs1-834228961_62-hq-83894_section_5.pdf,57,false,0,,true,no extractable text found on this page,no text layer; OCR required
65_hs1-834228961_62-hq-83894_section_5.pdf,58,false,0,,true,no extractable text found on this page,no text layer; OCR required
65_hs1-834228961_62-hq-83894_section_5.pdf,59,false,0,,true,no extractable text found on this page,no text layer; OCR required
65_hs1-834228961_62-hq-83894_section_5.pdf,60,false,0,,true,no extractable text found on this page,no text layer; OCR required
65_hs1-834228961_62-hq-83894_section_5.pdf,61,false,0,,true,no extractable text found on this page,no text layer; OCR required
65_hs1-834228961_62-hq-83894_section_5.pdf,62,false,0,,true,no extractable text found on this page,no text layer; OCR required
65_hs1-834228961_62-hq-83894_section_5.pdf,63,false,0,,true,no extractable text found on this page,no text layer; OCR required
65_hs1-834228961_62-hq-83894_section_5.pdf,64,false,0,,true,no extractable text found on this page,no text layer; OCR required
65_hs1-834228961_62-hq-83894_section_5.pdf,65,false,0,,true,no extractable text found on this page,no text layer; OCR required
65_hs1-834228961_62-hq-83894_section_5.pdf,66,false,0,,true,no extractable text found on this page,no text layer; OCR required
65_hs1-834228961_62-hq-83894_section_5.pdf,67,false,0,,true,no extractable text found on this page,no text layer; OCR required
65_hs1-834228961_62-hq-83894_section_5.pdf,68,false,0,,true,no extractable text found on this page,no text layer; OCR required
65_hs1-834228961_62-hq-83894_section_5.pdf,69,false,0,,true,no extractable text found on this page,no text layer; OCR required
65_hs1-834228961_62-hq-83894_section_5.pdf,70,false,0,,true,no extractable text found on this page,no text layer; OCR required
65_hs1-834228961_62-hq-83894_section_5.pdf,71,false,0,,true,no extractable text found on this page,no text layer; OCR required
65_hs1-834228961_62-hq-83894_section_5.pdf,72,false,0,,true,no extractable text found on this page,no text layer; OCR required
65_hs1-834228961_62-hq-83894_section_5.pdf,73,false,0,,true,no extractable text found on this page,no text layer; OCR required
65_hs1-834228961_62-hq-83894_section_5.pdf,74,false,0,,true,no extractable text found on this page,no text layer; OCR required
65_hs1-834228961_62-hq-83894_section_5.pdf,75,false,0,,true,no extractable text found on this page,no text layer; OCR required
65_hs1-834228961_62-hq-83894_section_5.pdf,76,false,0,,true,no extractable text found on this page,no text layer; OCR required
65_hs1-834228961_62-hq-83894_section_5.pdf,77,false,0,,true,no extractable text found on this page,no text layer; OCR required
65_hs1-834228961_62-hq-83894_section_5.pdf,78,false,0,,true,no extractable text found on this page,no text layer; OCR required
65_hs1-834228961_62-hq-83894_section_5.pdf,79,false,0,,true,no extractable text found on this page,no text layer; OCR required
65_hs1-834228961_62-hq-83894_section_5.pdf,80,false,0,,true,no extractable text found on this page,no text layer; OCR required
65_hs1-834228961_62-hq-83894_section_5.pdf,81,false,0,,true,no extractable text found on this page,no text layer; OCR required
65_hs1-834228961_62-hq-83894_section_5.pdf,82,false,0,,true,no extractable text found on this page,no text layer; OCR required
65_hs1-834228961_62-hq-83894_section_5.pdf,83,false,0,,true,no extractable text found on this page,no text layer; OCR required
65_hs1-834228961_62-hq-83894_section_5.pdf,84,false,0,,true,no extractable text found on this page,no text layer; OCR required
65_hs1-834228961_62-hq-83894_section_5.pdf,85,false,0,,true,no extractable text found on this page,no text layer; OCR required
65_hs1-834228961_62-hq-83894_section_5.pdf,86,false,0,,true,no extractable text found on this page,no text layer; OCR required
65_hs1-834228961_62-hq-83894_section_5.pdf,87,false,0,,true,no extractable text found on this page,no text layer; OCR required
65_hs1-834228961_62-hq-83894_section_5.pdf,88,false,0,,true,no extractable text found on this page,no text layer; OCR required
65_hs1-834228961_62-hq-83894_section_5.pdf,89,false,0,,true,no extractable text found on this page,no text layer; OCR required
65_hs1-834228961_62-hq-83894_section_5.pdf,90,false,0,,true,no extractable text found on this page,no text layer; OCR required
65_hs1-834228961_62-hq-83894_section_5.pdf,91,false,0,,true,no extractable text found on this page,no text layer; OCR required
65_hs1-834228961_62-hq-83894_section_5.pdf,92,false,0,,true,no extractable text found on this page,no text layer; OCR required
65_hs1-834228961_62-hq-83894_section_5.pdf,93,false,0,,true,no extractable text found on this page,no text layer; OCR required
65_hs1-834228961_62-hq-83894_section_5.pdf,94,false,0,,true,no extractable text found on this page,no text layer; OCR required
65_hs1-834228961_62-hq-83894_section_5.pdf,95,false,0,,true,no extractable text found on this page,no text layer; OCR required
65_hs1-834228961_62-hq-83894_section_5.pdf,96,false,0,,true,no extractable text found on this page,no text layer; OCR required
65_hs1-834228961_62-hq-83894_section_5.pdf,97,false,0,,true,no extractable text found on this page,no text layer; OCR required
65_hs1-834228961_62-hq-83894_section_5.pdf,98,false,0,,true,no extractable text found on this page,no text layer; OCR required
65_hs1-834228961_62-hq-83894_section_5.pdf,99,false,0,,true,no extractable text found on this page,no text layer; OCR required
65_hs1-834228961_62-hq-83894_section_5.pdf,100,false,0,,true,no extractable text found on this page,no text layer; OCR required
65_hs1-834228961_62-hq-83894_section_5.pdf,101,false,0,,true,no extractable text found on this page,no text layer; OCR required
65_hs1-834228961_62-hq-83894_section_5.pdf,102,false,0,,true,no extractable text found on this page,no text layer; OCR required
65_hs1-834228961_62-hq-83894_section_5.pdf,103,false,0,,true,no extractable text found on this page,no text layer; OCR required
65_hs1-834228961_62-hq-83894_section_5.pdf,104,false,0,,true,no extractable text found on this page,no text layer; OCR required
65_hs1-834228961_62-hq-83894_section_5.pdf,105,false,0,,true,no extractable text found on this page,no text layer; OCR required
65_hs1-834228961_62-hq-83894_section_5.pdf,106,false,0,,true,no extractable text found on this page,no text layer; OCR required
65_hs1-834228961_62-hq-83894_section_5.pdf,107,false,0,,true,no extractable text found on this page,no text layer; OCR required
65_hs1-834228961_62-hq-83894_section_5.pdf,108,false,0,,true,no extractable text found on this page,no text layer; OCR required
65_hs1-834228961_62-hq-83894_section_5.pdf,109,false,0,,true,no extractable text found on this page,no text layer; OCR required
65_hs1-834228961_62-hq-83894_section_5.pdf,110,false,0,,true,no extractable text found on this page,no text layer; OCR required
65_hs1-834228961_62-hq-83894_section_5.pdf,111,false,0,,true,no extractable text found on this page,no text layer; OCR required
65_hs1-834228961_62-hq-83894_section_5.pdf,112,false,0,,true,no extractable text found on this page,no text layer; OCR required
65_hs1-834228961_62-hq-83894_section_5.pdf,113,false,0,,true,no extractable text found on this page,no text layer; OCR required
65_hs1-834228961_62-hq-83894_section_5.pdf,114,false,0,,true,no extractable text found on this page,no text layer; OCR required
65_hs1-834228961_62-hq-83894_section_5.pdf,115,false,0,,true,no extractable text found on this page,no text layer; OCR required
65_hs1-834228961_62-hq-83894_section_5.pdf,116,false,0,,true,no extractable text found on this page,no text layer; OCR required
65_hs1-834228961_62-hq-83894_section_5.pdf,117,false,0,,true,no extractable text found on this page,no text layer; OCR required
65_hs1-834228961_62-hq-83894_section_5.pdf,118,false,0,,true,no extractable text found on this page,no text layer; OCR required
65_hs1-834228961_62-hq-83894_section_5.pdf,119,false,0,,true,no extractable text found on this page,no text layer; OCR required
65_hs1-834228961_62-hq-83894_section_5.pdf,120,false,0,,true,no extractable text found on this page,no text layer; OCR required
65_hs1-834228961_62-hq-83894_section_5.pdf,121,false,0,,true,no extractable text found on this page,no text layer; OCR required
65_hs1-834228961_62-hq-83894_section_5.pdf,122,false,0,,true,no extractable text found on this page,no text layer; OCR required
65_hs1-834228961_62-hq-83894_section_5.pdf,123,false,0,,true,no extractable text found on this page,no text layer; OCR required
65_hs1-834228961_62-hq-83894_section_5.pdf,124,false,0,,true,no extractable text found on this page,no text layer; OCR required
65_hs1-834228961_62-hq-83894_section_5.pdf,125,false,0,,true,no extractable text found on this page,no text layer; OCR required
65_hs1-834228961_62-hq-83894_section_5.pdf,126,false,0,,true,no extractable text found on this page,no text layer; OCR required
65_hs1-834228961_62-hq-83894_section_5.pdf,127,false,0,,true,no extractable text found on this page,no text layer; OCR required
65_hs1-834228961_62-hq-83894_section_5.pdf,128,false,0,,true,no extractable text found on this page,no text layer; OCR required
65_hs1-834228961_62-hq-83894_section_5.pdf,129,false,0,,true,no extractable text found on this page,no text layer; OCR required
65_hs1-834228961_62-hq-83894_section_5.pdf,130,false,0,,true,no extractable text found on this page,no text layer; OCR required
65_hs1-834228961_62-hq-83894_section_5.pdf,131,false,0,,true,no extractable text found on this page,no text layer; OCR required
65_hs1-834228961_62-hq-83894_section_5.pdf,132,false,0,,true,no extractable text found on this page,no text layer; OCR required
65_hs1-834228961_62-hq-83894_section_5.pdf,133,false,0,,true,no extractable text found on this page,no text layer; OCR required
65_hs1-834228961_62-hq-83894_section_5.pdf,134,false,0,,true,no extractable text found on this page,no text layer; OCR required
65_hs1-834228961_62-hq-83894_section_5.pdf,135,false,0,,true,no extractable text found on this page,no text layer; OCR required
65_hs1-834228961_62-hq-83894_section_5.pdf,136,false,0,,true,no extractable text found on this page,no text layer; OCR required
65_hs1-834228961_62-hq-83894_section_5.pdf,137,false,0,,true,no extractable text found on this page,no text layer; OCR required
65_hs1-834228961_62-hq-83894_section_5.pdf,138,false,0,,true,no extractable text found on this page,no text layer; OCR required
65_hs1-834228961_62-hq-83894_section_5.pdf,139,false,0,,true,no extractable text found on this page,no text layer; OCR required
65_hs1-834228961_62-hq-83894_section_5.pdf,140,false,0,,true,no extractable text found on this page,no text layer; OCR required
65_hs1-834228961_62-hq-83894_section_5.pdf,141,false,0,,true,no extractable text found on this page,no text layer; OCR required
65_hs1-834228961_62-hq-83894_section_5.pdf,142,false,0,,true,no extractable text found on this page,no text layer; OCR required
65_hs1-834228961_62-hq-83894_section_5.pdf,143,false,0,,true,no extractable text found on this page,no text layer; OCR required
65_hs1-834228961_62-hq-83894_section_5.pdf,144,false,0,,true,no extractable text found on this page,no text layer; OCR required
65_hs1-834228961_62-hq-83894_section_5.pdf,145,false,0,,true,no extractable text found on this page,no text layer; OCR required
65_hs1-834228961_62-hq-83894_section_5.pdf,146,false,0,,true,no extractable text found on this page,no text layer; OCR required
65_hs1-834228961_62-hq-83894_section_5.pdf,147,false,0,,true,no extractable text found on this page,no text layer; OCR required
65_hs1-834228961_62-hq-83894_section_5.pdf,148,false,0,,true,no extractable text found on this page,no text layer; OCR required
65_hs1-834228961_62-hq-83894_section_5.pdf,149,false,0,,true,no extractable text found on this page,no text layer; OCR required
65_hs1-834228961_62-hq-83894_section_5.pdf,150,false,0,,true,no extractable text found on this page,no text layer; OCR required
65_hs1-834228961_62-hq-83894_section_5.pdf,151,false,0,,true,no extractable text found on this page,no text layer; OCR required
65_hs1-834228961_62-hq-83894_section_5.pdf,152,false,0,,true,no extractable text found on this page,no text layer; OCR required
65_hs1-834228961_62-hq-83894_section_5.pdf,153,false,0,,true,no extractable text found on this page,no text layer; OCR required
65_hs1-834228961_62-hq-83894_section_5.pdf,154,false,0,,true,no extractable text found on this page,no text layer; OCR required
65_hs1-834228961_62-hq-83894_section_5.pdf,155,false,0,,true,no extractable text found on this page,no text layer; OCR required
65_hs1-834228961_62-hq-83894_section_5.pdf,156,false,0,,true,no extractable text found on this page,no text layer; OCR required
65_hs1-834228961_62-hq-83894_section_5.pdf,157,false,0,,true,no extractable text found on this page,no text layer; OCR required
65_hs1-834228961_62-hq-83894_section_5.pdf,158,false,0,,true,no extractable text found on this page,no text layer; OCR required
65_hs1-834228961_62-hq-83894_section_5.pdf,159,false,0,,true,no extractable text found on this page,no text layer; OCR required
65_hs1-834228961_62-hq-83894_section_5.pdf,160,false,0,,true,no extractable text found on this page,no text layer; OCR required
65_hs1-834228961_62-hq-83894_section_5.pdf,161,false,0,,true,no extractable text found on this page,no text layer; OCR required
65_hs1-834228961_62-hq-83894_section_5.pdf,162,false,0,,true,no extractable text found on this page,no text layer; OCR required
65_hs1-834228961_62-hq-83894_section_5.pdf,163,false,0,,true,no extractable text found on this page,no text layer; OCR required
65_hs1-834228961_62-hq-83894_section_5.pdf,164,false,0,,true,no extractable text found on this page,no text layer; OCR required
65_hs1-834228961_62-hq-83894_section_5.pdf,165,false,0,,true,no extractable text found on this page,no text layer; OCR required
65_hs1-834228961_62-hq-83894_section_5.pdf,166,false,0,,true,no extractable text found on this page,no text layer; OCR required
65_hs1-834228961_62-hq-83894_section_5.pdf,167,false,0,,true,no extractable text found on this page,no text layer; OCR required
65_hs1-834228961_62-hq-83894_section_5.pdf,168,false,0,,true,no extractable text found on this page,no text layer; OCR required
65_hs1-834228961_62-hq-83894_section_5.pdf,169,false,0,,true,no extractable text found on this page,no text layer; OCR required
65_hs1-834228961_62-hq-83894_section_5.pdf,170,false,0,,true,no extractable text found on this page,no text layer; OCR required
65_hs1-834228961_62-hq-83894_section_5.pdf,171,false,0,,true,no extractable text found on this page,no text layer; OCR required
65_hs1-834228961_62-hq-83894_section_5.pdf,172,false,0,,true,no extractable text found on this page,no text layer; OCR required
65_hs1-834228961_62-hq-83894_section_5.pdf,173,false,0,,true,no extractable text found on this page,no text layer; OCR required
65_hs1-834228961_62-hq-83894_section_5.pdf,174,false,0,,true,no extractable text found on this page,no text layer; OCR required
65_hs1-834228961_62-hq-83894_section_5.pdf,175,false,0,,true,no extractable text found on this page,no text layer; OCR required
65_hs1-834228961_62-hq-83894_section_5.pdf,176,false,0,,true,no extractable text found on this page,no text layer; OCR required
65_hs1-834228961_62-hq-83894_section_5.pdf,177,false,0,,true,no extractable text found on this page,no text layer; OCR required
65_hs1-834228961_62-hq-83894_section_5.pdf,178,false,0,,true,no extractable text found on this page,no text layer; OCR required
65_hs1-834228961_62-hq-83894_section_5.pdf,179,false,0,,true,no extractable text found on this page,no text layer; OCR required
65_hs1-834228961_62-hq-83894_section_5.pdf,180,false,0,,true,no extractable text found on this page,no text layer; OCR required
65_hs1-834228961_62-hq-83894_section_5.pdf,181,false,0,,true,no extractable text found on this page,no text layer; OCR required
65_hs1-834228961_62-hq-83894_section_5.pdf,182,false,0,,true,no extractable text found on this page,no text layer; OCR required
65_hs1-834228961_62-hq-83894_section_5.pdf,183,false,0,,true,no extractable text found on this page,no text layer; OCR required
65_hs1-834228961_62-hq-83894_section_5.pdf,184,false,0,,true,no extractable text found on this page,no text layer; OCR required
65_hs1-834228961_62-hq-83894_section_5.pdf,185,false,0,,true,no extractable text found on this page,no text layer; OCR required
65_hs1-834228961_62-hq-83894_section_5.pdf,186,false,0,,true,no extractable text found on this page,no text layer; OCR required
65_hs1-834228961_62-hq-83894_section_5.pdf,187,false,0,,true,no extractable text found on this page,no text layer; OCR required
65_hs1-834228961_62-hq-83894_section_5.pdf,188,false,0,,true,no extractable text found on this page,no text layer; OCR required
65_hs1-834228961_62-hq-83894_section_5.pdf,189,false,0,,true,no extractable text found on this page,no text layer; OCR required
65_hs1-834228961_62-hq-83894_section_5.pdf,190,false,0,,true,no extractable text found on this page,no text layer; OCR required
65_hs1-834228961_62-hq-83894_section_5.pdf,191,false,0,,true,no extractable text found on this page,no text layer; OCR required
65_hs1-834228961_62-hq-83894_section_5.pdf,192,false,0,,true,no extractable text found on this page,no text layer; OCR required
65_hs1-834228961_62-hq-83894_section_5.pdf,193,false,0,,true,no extractable text found on this page,no text layer; OCR required
65_hs1-834228961_62-hq-83894_section_5.pdf,194,false,0,,true,no extractable text found on this page,no text layer; OCR required
65_hs1-834228961_62-hq-83894_section_5.pdf,195,false,0,,true,no extractable text found on this page,no text layer; OCR required
65_hs1-834228961_62-hq-83894_section_5.pdf,196,false,0,,true,no extractable text found on this page,no text layer; OCR required
65_hs1-834228961_62-hq-83894_section_5.pdf,197,false,0,,true,no extractable text found on this page,no text layer; OCR required
65_hs1-834228961_62-hq-83894_section_5.pdf,198,false,0,,true,no extractable text found on this page,no text layer; OCR required
65_hs1-834228961_62-hq-83894_section_5.pdf,199,false,0,,true,no extractable text found on this page,no text layer; OCR required
65_hs1-834228961_62-hq-83894_section_5.pdf,200,false,0,,true,no extractable text found on this page,no text layer; OCR required
65_hs1-834228961_62-hq-83894_section_5.pdf,201,false,0,,true,no extractable text found on this page,no text layer; OCR required
65_hs1-834228961_62-hq-83894_section_5.pdf,202,false,0,,true,no extractable text found on this page,no text layer; OCR required
65_hs1-834228961_62-hq-83894_section_5.pdf,203,false,0,,true,no extractable text found on this page,no text layer; OCR required
65_hs1-834228961_62-hq-83894_section_5.pdf,204,false,0,,true,no extractable text found on this page,no text layer; OCR required
65_hs1-834228961_62-hq-83894_section_5.pdf,205,false,0,,true,no extractable text found on this page,no text layer; OCR required
65_hs1-834228961_62-hq-83894_section_5.pdf,206,false,0,,true,no extractable text found on this page,no text layer; OCR required
65_hs1-834228961_62-hq-83894_section_5.pdf,207,false,0,,true,no extractable text found on this page,no text layer; OCR required
65_hs1-834228961_62-hq-83894_section_5.pdf,208,false,0,,true,no extractable text found on this page,no text layer; OCR required
65_hs1-834228961_62-hq-83894_section_5.pdf,209,false,0,,true,no extractable text found on this page,no text layer; OCR required
65_hs1-834228961_62-hq-83894_section_6.pdf,1,false,0,,true,no extractable text found on this page,no text layer; OCR required
65_hs1-834228961_62-hq-83894_section_6.pdf,2,false,0,,true,no extractable text found on this page,no text layer; OCR required
65_hs1-834228961_62-hq-83894_section_6.pdf,3,false,0,,true,no extractable text found on this page,no text layer; OCR required
65_hs1-834228961_62-hq-83894_section_6.pdf,4,false,0,,true,no extractable text found on this page,no text layer; OCR required
65_hs1-834228961_62-hq-83894_section_6.pdf,5,false,0,,true,no extractable text found on this page,no text layer; OCR required
65_hs1-834228961_62-hq-83894_section_6.pdf,6,false,0,,true,no extractable text found on this page,no text layer; OCR required
65_hs1-834228961_62-hq-83894_section_6.pdf,7,false,0,,true,no extractable text found on this page,no text layer; OCR required
65_hs1-834228961_62-hq-83894_section_6.pdf,8,false,0,,true,no extractable text found on this page,no text layer; OCR required
65_hs1-834228961_62-hq-83894_section_6.pdf,9,false,0,,true,no extractable text found on this page,no text layer; OCR required
65_hs1-834228961_62-hq-83894_section_6.pdf,10,false,0,,true,no extractable text found on this page,no text layer; OCR required
65_hs1-834228961_62-hq-83894_section_6.pdf,11,false,0,,true,no extractable text found on this page,no text layer; OCR required
65_hs1-834228961_62-hq-83894_section_6.pdf,12,false,0,,true,no extractable text found on this page,no text layer; OCR required
65_hs1-834228961_62-hq-83894_section_6.pdf,13,false,0,,true,no extractable text found on this page,no text layer; OCR required
65_hs1-834228961_62-hq-83894_section_6.pdf,14,false,0,,true,no extractable text found on this page,no text layer; OCR required
65_hs1-834228961_62-hq-83894_section_6.pdf,15,false,0,,true,no extractable text found on this page,no text layer; OCR required
65_hs1-834228961_62-hq-83894_section_6.pdf,16,false,0,,true,no extractable text found on this page,no text layer; OCR required
65_hs1-834228961_62-hq-83894_section_6.pdf,17,false,0,,true,no extractable text found on this page,no text layer; OCR required
65_hs1-834228961_62-hq-83894_section_6.pdf,18,false,0,,true,no extractable text found on this page,no text layer; OCR required
65_hs1-834228961_62-hq-83894_section_6.pdf,19,false,0,,true,no extractable text found on this page,no text layer; OCR required
65_hs1-834228961_62-hq-83894_section_6.pdf,20,false,0,,true,no extractable text found on this page,no text layer; OCR required
65_hs1-834228961_62-hq-83894_section_6.pdf,21,false,0,,true,no extractable text found on this page,no text layer; OCR required
65_hs1-834228961_62-hq-83894_section_6.pdf,22,false,0,,true,no extractable text found on this page,no text layer; OCR required
65_hs1-834228961_62-hq-83894_section_6.pdf,23,false,0,,true,no extractable text found on this page,no text layer; OCR required
65_hs1-834228961_62-hq-83894_section_6.pdf,24,false,0,,true,no extractable text found on this page,no text layer; OCR required
65_hs1-834228961_62-hq-83894_section_6.pdf,25,false,0,,true,no extractable text found on this page,no text layer; OCR required
65_hs1-834228961_62-hq-83894_section_6.pdf,26,false,0,,true,no extractable text found on this page,no text layer; OCR required
65_hs1-834228961_62-hq-83894_section_6.pdf,27,false,0,,true,no extractable text found on this page,no text layer; OCR required
65_hs1-834228961_62-hq-83894_section_6.pdf,28,false,0,,true,no extractable text found on this page,no text layer; OCR required
65_hs1-834228961_62-hq-83894_section_6.pdf,29,false,0,,true,no extractable text found on this page,no text layer; OCR required
65_hs1-834228961_62-hq-83894_section_6.pdf,30,false,0,,true,no extractable text found on this page,no text layer; OCR required
65_hs1-834228961_62-hq-83894_section_6.pdf,31,false,0,,true,no extractable text found on this page,no text layer; OCR required
65_hs1-834228961_62-hq-83894_section_6.pdf,32,false,0,,true,no extractable text found on this page,no text layer; OCR required
65_hs1-834228961_62-hq-83894_section_6.pdf,33,false,0,,true,no extractable text found on this page,no text layer; OCR required
65_hs1-834228961_62-hq-83894_section_6.pdf,34,false,0,,true,no extractable text found on this page,no text layer; OCR required
65_hs1-834228961_62-hq-83894_section_6.pdf,35,false,0,,true,no extractable text found on this page,no text layer; OCR required
65_hs1-834228961_62-hq-83894_section_6.pdf,36,false,0,,true,no extractable text found on this page,no text layer; OCR required
65_hs1-834228961_62-hq-83894_section_6.pdf,37,false,0,,true,no extractable text found on this page,no text layer; OCR required
65_hs1-834228961_62-hq-83894_section_6.pdf,38,false,0,,true,no extractable text found on this page,no text layer; OCR required
65_hs1-834228961_62-hq-83894_section_6.pdf,39,false,0,,true,no extractable text found on this page,no text layer; OCR required
65_hs1-834228961_62-hq-83894_section_6.pdf,40,false,0,,true,no extractable text found on this page,no text layer; OCR required
65_hs1-834228961_62-hq-83894_section_6.pdf,41,false,0,,true,no extractable text found on this page,no text layer; OCR required
65_hs1-834228961_62-hq-83894_section_6.pdf,42,false,0,,true,no extractable text found on this page,no text layer; OCR required
65_hs1-834228961_62-hq-83894_section_6.pdf,43,false,0,,true,no extractable text found on this page,no text layer; OCR required
65_hs1-834228961_62-hq-83894_section_6.pdf,44,false,0,,true,no extractable text found on this page,no text layer; OCR required
65_hs1-834228961_62-hq-83894_section_6.pdf,45,false,0,,true,no extractable text found on this page,no text layer; OCR required
65_hs1-834228961_62-hq-83894_section_6.pdf,46,false,0,,true,no extractable text found on this page,no text layer; OCR required
65_hs1-834228961_62-hq-83894_section_6.pdf,47,false,0,,true,no extractable text found on this page,no text layer; OCR required
65_hs1-834228961_62-hq-83894_section_6.pdf,48,false,0,,true,no extractable text found on this page,no text layer; OCR required
65_hs1-834228961_62-hq-83894_section_6.pdf,49,false,0,,true,no extractable text found on this page,no text layer; OCR required
65_hs1-834228961_62-hq-83894_section_6.pdf,50,false,0,,true,no extractable text found on this page,no text layer; OCR required
65_hs1-834228961_62-hq-83894_section_6.pdf,51,false,0,,true,no extractable text found on this page,no text layer; OCR required
65_hs1-834228961_62-hq-83894_section_6.pdf,52,false,0,,true,no extractable text found on this page,no text layer; OCR required
65_hs1-834228961_62-hq-83894_section_6.pdf,53,false,0,,true,no extractable text found on this page,no text layer; OCR required
65_hs1-834228961_62-hq-83894_section_6.pdf,54,false,0,,true,no extractable text found on this page,no text layer; OCR required
65_hs1-834228961_62-hq-83894_section_6.pdf,55,false,0,,true,no extractable text found on this page,no text layer; OCR required
65_hs1-834228961_62-hq-83894_section_6.pdf,56,false,0,,true,no extractable text found on this page,no text layer; OCR required
65_hs1-834228961_62-hq-83894_section_6.pdf,57,false,0,,true,no extractable text found on this page,no text layer; OCR required
65_hs1-834228961_62-hq-83894_section_6.pdf,58,false,0,,true,no extractable text found on this page,no text layer; OCR required
65_hs1-834228961_62-hq-83894_section_6.pdf,59,false,0,,true,no extractable text found on this page,no text layer; OCR required
65_hs1-834228961_62-hq-83894_section_6.pdf,60,false,0,,true,no extractable text found on this page,no text layer; OCR required
65_hs1-834228961_62-hq-83894_section_6.pdf,61,false,0,,true,no extractable text found on this page,no text layer; OCR required
65_hs1-834228961_62-hq-83894_section_6.pdf,62,false,0,,true,no extractable text found on this page,no text layer; OCR required
65_hs1-834228961_62-hq-83894_section_6.pdf,63,false,0,,true,no extractable text found on this page,no text layer; OCR required
65_hs1-834228961_62-hq-83894_section_6.pdf,64,false,0,,true,no extractable text found on this page,no text layer; OCR required
65_hs1-834228961_62-hq-83894_section_6.pdf,65,false,0,,true,no extractable text found on this page,no text layer; OCR required
65_hs1-834228961_62-hq-83894_section_6.pdf,66,false,0,,true,no extractable text found on this page,no text layer; OCR required
65_hs1-834228961_62-hq-83894_section_6.pdf,67,false,0,,true,no extractable text found on this page,no text layer; OCR required
65_hs1-834228961_62-hq-83894_section_6.pdf,68,false,0,,true,no extractable text found on this page,no text layer; OCR required
65_hs1-834228961_62-hq-83894_section_6.pdf,69,false,0,,true,no extractable text found on this page,no text layer; OCR required
65_hs1-834228961_62-hq-83894_section_6.pdf,70,false,0,,true,no extractable text found on this page,no text layer; OCR required
65_hs1-834228961_62-hq-83894_section_6.pdf,71,false,0,,true,no extractable text found on this page,no text layer; OCR required
65_hs1-834228961_62-hq-83894_section_6.pdf,72,false,0,,true,no extractable text found on this page,no text layer; OCR required
65_hs1-834228961_62-hq-83894_section_6.pdf,73,false,0,,true,no extractable text found on this page,no text layer; OCR required
65_hs1-834228961_62-hq-83894_section_6.pdf,74,false,0,,true,no extractable text found on this page,no text layer; OCR required
65_hs1-834228961_62-hq-83894_section_6.pdf,75,false,0,,true,no extractable text found on this page,no text layer; OCR required
65_hs1-834228961_62-hq-83894_section_6.pdf,76,false,0,,true,no extractable text found on this page,no text layer; OCR required
65_hs1-834228961_62-hq-83894_section_6.pdf,77,false,0,,true,no extractable text found on this page,no text layer; OCR required
65_hs1-834228961_62-hq-83894_section_6.pdf,78,false,0,,true,no extractable text found on this page,no text layer; OCR required
65_hs1-834228961_62-hq-83894_section_6.pdf,79,false,0,,true,no extractable text found on this page,no text layer; OCR required
65_hs1-834228961_62-hq-83894_section_6.pdf,80,false,0,,true,no extractable text found on this page,no text layer; OCR required
65_hs1-834228961_62-hq-83894_section_6.pdf,81,false,0,,true,no extractable text found on this page,no text layer; OCR required
65_hs1-834228961_62-hq-83894_section_6.pdf,82,false,0,,true,no extractable text found on this page,no text layer; OCR required
65_hs1-834228961_62-hq-83894_section_6.pdf,83,false,0,,true,no extractable text found on this page,no text layer; OCR required
65_hs1-834228961_62-hq-83894_section_6.pdf,84,false,0,,true,no extractable text found on this page,no text layer; OCR required
65_hs1-834228961_62-hq-83894_section_6.pdf,85,false,0,,true,no extractable text found on this page,no text layer; OCR required
65_hs1-834228961_62-hq-83894_section_6.pdf,86,false,0,,true,no extractable text found on this page,no text layer; OCR required
65_hs1-834228961_62-hq-83894_section_6.pdf,87,false,0,,true,no extractable text found on this page,no text layer; OCR required
65_hs1-834228961_62-hq-83894_section_6.pdf,88,false,0,,true,no extractable text found on this page,no text layer; OCR required
65_hs1-834228961_62-hq-83894_section_6.pdf,89,false,0,,true,no extractable text found on this page,no text layer; OCR required
65_hs1-834228961_62-hq-83894_section_6.pdf,90,false,0,,true,no extractable text found on this page,no text layer; OCR required
65_hs1-834228961_62-hq-83894_section_6.pdf,91,false,0,,true,no extractable text found on this page,no text layer; OCR required
65_hs1-834228961_62-hq-83894_section_6.pdf,92,false,0,,true,no extractable text found on this page,no text layer; OCR required
65_hs1-834228961_62-hq-83894_section_6.pdf,93,false,0,,true,no extractable text found on this page,no text layer; OCR required
65_hs1-834228961_62-hq-83894_section_6.pdf,94,false,0,,true,no extractable text found on this page,no text layer; OCR required
65_hs1-834228961_62-hq-83894_section_6.pdf,95,false,0,,true,no extractable text found on this page,no text layer; OCR required
65_hs1-834228961_62-hq-83894_section_6.pdf,96,false,0,,true,no extractable text found on this page,no text layer; OCR required
65_hs1-834228961_62-hq-83894_section_6.pdf,97,false,0,,true,no extractable text found on this page,no text layer; OCR required
65_hs1-834228961_62-hq-83894_section_6.pdf,98,false,0,,true,no extractable text found on this page,no text layer; OCR required
65_hs1-834228961_62-hq-83894_section_6.pdf,99,false,0,,true,no extractable text found on this page,no text layer; OCR required
65_hs1-834228961_62-hq-83894_section_6.pdf,100,false,0,,true,no extractable text found on this page,no text layer; OCR required
65_hs1-834228961_62-hq-83894_section_6.pdf,101,false,0,,true,no extractable text found on this page,no text layer; OCR required
65_hs1-834228961_62-hq-83894_section_6.pdf,102,false,0,,true,no extractable text found on this page,no text layer; OCR required
65_hs1-834228961_62-hq-83894_section_6.pdf,103,false,0,,true,no extractable text found on this page,no text layer; OCR required
65_hs1-834228961_62-hq-83894_section_6.pdf,104,false,0,,true,no extractable text found on this page,no text layer; OCR required
65_hs1-834228961_62-hq-83894_section_6.pdf,105,false,0,,true,no extractable text found on this page,no text layer; OCR required
65_hs1-834228961_62-hq-83894_section_6.pdf,106,false,0,,true,no extractable text found on this page,no text layer; OCR required
65_hs1-834228961_62-hq-83894_section_6.pdf,107,false,0,,true,no extractable text found on this page,no text layer; OCR required
65_hs1-834228961_62-hq-83894_section_6.pdf,108,false,0,,true,no extractable text found on this page,no text layer; OCR required
65_hs1-834228961_62-hq-83894_section_6.pdf,109,false,0,,true,no extractable text found on this page,no text layer; OCR required
65_hs1-834228961_62-hq-83894_section_6.pdf,110,false,0,,true,no extractable text found on this page,no text layer; OCR required
65_hs1-834228961_62-hq-83894_section_6.pdf,111,false,0,,true,no extractable text found on this page,no text layer; OCR required
65_hs1-834228961_62-hq-83894_section_6.pdf,112,false,0,,true,no extractable text found on this page,no text layer; OCR required
65_hs1-834228961_62-hq-83894_section_6.pdf,113,false,0,,true,no extractable text found on this page,no text layer; OCR required
65_hs1-834228961_62-hq-83894_section_6.pdf,114,false,0,,true,no extractable text found on this page,no text layer; OCR required
65_hs1-834228961_62-hq-83894_section_6.pdf,115,false,0,,true,no extractable text found on this page,no text layer; OCR required
65_hs1-834228961_62-hq-83894_section_6.pdf,116,false,0,,true,no extractable text found on this page,no text layer; OCR required
65_hs1-834228961_62-hq-83894_section_6.pdf,117,false,0,,true,no extractable text found on this page,no text layer; OCR required
65_hs1-834228961_62-hq-83894_section_6.pdf,118,false,0,,true,no extractable text found on this page,no text layer; OCR required
65_hs1-834228961_62-hq-83894_section_6.pdf,119,false,0,,true,no extractable text found on this page,no text layer; OCR required
65_hs1-834228961_62-hq-83894_section_6.pdf,120,false,0,,true,no extractable text found on this page,no text layer; OCR required
65_hs1-834228961_62-hq-83894_section_6.pdf,121,false,0,,true,no extractable text found on this page,no text layer; OCR required
65_hs1-834228961_62-hq-83894_section_6.pdf,122,false,0,,true,no extractable text found on this page,no text layer; OCR required
65_hs1-834228961_62-hq-83894_section_6.pdf,123,false,0,,true,no extractable text found on this page,no text layer; OCR required
65_hs1-834228961_62-hq-83894_section_6.pdf,124,false,0,,true,no extractable text found on this page,no text layer; OCR required
65_hs1-834228961_62-hq-83894_section_6.pdf,125,false,0,,true,no extractable text found on this page,no text layer; OCR required
65_hs1-834228961_62-hq-83894_section_6.pdf,126,false,0,,true,no extractable text found on this page,no text layer; OCR required
65_hs1-834228961_62-hq-83894_section_6.pdf,127,false,0,,true,no extractable text found on this page,no text layer; OCR required
65_hs1-834228961_62-hq-83894_section_6.pdf,128,false,0,,true,no extractable text found on this page,no text layer; OCR required
65_hs1-834228961_62-hq-83894_section_6.pdf,129,false,0,,true,no extractable text found on this page,no text layer; OCR required
65_hs1-834228961_62-hq-83894_section_6.pdf,130,false,0,,true,no extractable text found on this page,no text layer; OCR required
65_hs1-834228961_62-hq-83894_section_6.pdf,131,false,0,,true,no extractable text found on this page,no text layer; OCR required
65_hs1-834228961_62-hq-83894_section_6.pdf,132,false,0,,true,no extractable text found on this page,no text layer; OCR required
65_hs1-834228961_62-hq-83894_section_6.pdf,133,false,0,,true,no extractable text found on this page,no text layer; OCR required
65_hs1-834228961_62-hq-83894_section_6.pdf,134,false,0,,true,no extractable text found on this page,no text layer; OCR required
65_hs1-834228961_62-hq-83894_section_6.pdf,135,false,0,,true,no extractable text found on this page,no text layer; OCR required
65_hs1-834228961_62-hq-83894_section_6.pdf,136,false,0,,true,no extractable text found on this page,no text layer; OCR required
65_hs1-834228961_62-hq-83894_section_6.pdf,137,false,0,,true,no extractable text found on this page,no text layer; OCR required
65_hs1-834228961_62-hq-83894_section_6.pdf,138,false,0,,true,no extractable text found on this page,no text layer; OCR required
65_hs1-834228961_62-hq-83894_section_6.pdf,139,false,0,,true,no extractable text found on this page,no text layer; OCR required
65_hs1-834228961_62-hq-83894_section_6.pdf,140,false,0,,true,no extractable text found on this page,no text layer; OCR required
65_hs1-834228961_62-hq-83894_section_6.pdf,141,false,0,,true,no extractable text found on this page,no text layer; OCR required
65_hs1-834228961_62-hq-83894_section_6.pdf,142,false,0,,true,no extractable text found on this page,no text layer; OCR required
65_hs1-834228961_62-hq-83894_section_6.pdf,143,false,0,,true,no extractable text found on this page,no text layer; OCR required
65_hs1-834228961_62-hq-83894_section_6.pdf,144,false,0,,true,no extractable text found on this page,no text layer; OCR required
65_hs1-834228961_62-hq-83894_section_6.pdf,145,false,0,,true,no extractable text found on this page,no text layer; OCR required
65_hs1-834228961_62-hq-83894_section_6.pdf,146,false,0,,true,no extractable text found on this page,no text layer; OCR required
65_hs1-834228961_62-hq-83894_section_6.pdf,147,false,0,,true,no extractable text found on this page,no text layer; OCR required
65_hs1-834228961_62-hq-83894_section_6.pdf,148,false,0,,true,no extractable text found on this page,no text layer; OCR required
65_hs1-834228961_62-hq-83894_section_6.pdf,149,false,0,,true,no extractable text found on this page,no text layer; OCR required
65_hs1-834228961_62-hq-83894_section_6.pdf,150,false,0,,true,no extractable text found on this page,no text layer; OCR required
65_hs1-834228961_62-hq-83894_section_6.pdf,151,false,0,,true,no extractable text found on this page,no text layer; OCR required
65_hs1-834228961_62-hq-83894_section_6.pdf,152,false,0,,true,no extractable text found on this page,no text layer; OCR required
65_hs1-834228961_62-hq-83894_section_6.pdf,153,false,0,,true,no extractable text found on this page,no text layer; OCR required
65_hs1-834228961_62-hq-83894_section_6.pdf,154,false,0,,true,no extractable text found on this page,no text layer; OCR required
65_hs1-834228961_62-hq-83894_section_6.pdf,155,false,0,,true,no extractable text found on this page,no text layer; OCR required
65_hs1-834228961_62-hq-83894_section_6.pdf,156,false,0,,true,no extractable text found on this page,no text layer; OCR required
65_hs1-834228961_62-hq-83894_section_6.pdf,157,false,0,,true,no extractable text found on this page,no text layer; OCR required
65_hs1-834228961_62-hq-83894_section_6.pdf,158,false,0,,true,no extractable text found on this page,no text layer; OCR required
65_hs1-834228961_62-hq-83894_section_6.pdf,159,false,0,,true,no extractable text found on this page,no text layer; OCR required
65_hs1-834228961_62-hq-83894_section_6.pdf,160,false,0,,true,no extractable text found on this page,no text layer; OCR required
65_hs1-834228961_62-hq-83894_section_6.pdf,161,false,0,,true,no extractable text found on this page,no text layer; OCR required
65_hs1-834228961_62-hq-83894_section_6.pdf,162,false,0,,true,no extractable text found on this page,no text layer; OCR required
65_hs1-834228961_62-hq-83894_section_6.pdf,163,false,0,,true,no extractable text found on this page,no text layer; OCR required
65_hs1-834228961_62-hq-83894_section_6.pdf,164,false,0,,true,no extractable text found on this page,no text layer; OCR required
65_hs1-834228961_62-hq-83894_section_6.pdf,165,false,0,,true,no extractable text found on this page,no text layer; OCR required
65_hs1-834228961_62-hq-83894_section_6.pdf,166,false,0,,true,no extractable text found on this page,no text layer; OCR required
65_hs1-834228961_62-hq-83894_section_6.pdf,167,false,0,,true,no extractable text found on this page,no text layer; OCR required
65_hs1-834228961_62-hq-83894_section_6.pdf,168,false,0,,true,no extractable text found on this page,no text layer; OCR required
65_hs1-834228961_62-hq-83894_section_6.pdf,169,false,0,,true,no extractable text found on this page,no text layer; OCR required
65_hs1-834228961_62-hq-83894_section_6.pdf,170,false,0,,true,no extractable text found on this page,no text layer; OCR required
65_hs1-834228961_62-hq-83894_section_6.pdf,171,false,0,,true,no extractable text found on this page,no text layer; OCR required
65_hs1-834228961_62-hq-83894_section_6.pdf,172,false,0,,true,no extractable text found on this page,no text layer; OCR required
65_hs1-834228961_62-hq-83894_section_6.pdf,173,false,0,,true,no extractable text found on this page,no text layer; OCR required
65_hs1-834228961_62-hq-83894_section_6.pdf,174,false,0,,true,no extractable text found on this page,no text layer; OCR required
65_hs1-834228961_62-hq-83894_section_6.pdf,175,false,0,,true,no extractable text found on this page,no text layer; OCR required
65_hs1-834228961_62-hq-83894_section_6.pdf,176,false,0,,true,no extractable text found on this page,no text layer; OCR required
65_hs1-834228961_62-hq-83894_section_6.pdf,177,false,0,,true,no extractable text found on this page,no text layer; OCR required
65_hs1-834228961_62-hq-83894_section_6.pdf,178,false,0,,true,no extractable text found on this page,no text layer; OCR required
65_hs1-834228961_62-hq-83894_section_6.pdf,179,false,0,,true,no extractable text found on this page,no text layer; OCR required
65_hs1-834228961_62-hq-83894_section_6.pdf,180,false,0,,true,no extractable text found on this page,no text layer; OCR required
65_hs1-834228961_62-hq-83894_section_6.pdf,181,false,0,,true,no extractable text found on this page,no text layer; OCR required
65_hs1-834228961_62-hq-83894_section_6.pdf,182,false,0,,true,no extractable text found on this page,no text layer; OCR required
65_hs1-834228961_62-hq-83894_section_6.pdf,183,false,0,,true,no extractable text found on this page,no text layer; OCR required
65_hs1-834228961_62-hq-83894_section_6.pdf,184,false,0,,true,no extractable text found on this page,no text layer; OCR required
65_hs1-834228961_62-hq-83894_section_6.pdf,185,false,0,,true,no extractable text found on this page,no text layer; OCR required
65_hs1-834228961_62-hq-83894_section_6.pdf,186,false,0,,true,no extractable text found on this page,no text layer; OCR required
65_hs1-834228961_62-hq-83894_section_6.pdf,187,false,0,,true,no extractable text found on this page,no text layer; OCR required
65_hs1-834228961_62-hq-83894_section_6.pdf,188,false,0,,true,no extractable text found on this page,no text layer; OCR required
65_hs1-834228961_62-hq-83894_section_6.pdf,189,false,0,,true,no extractable text found on this page,no text layer; OCR required
65_hs1-834228961_62-hq-83894_section_6.pdf,190,false,0,,true,no extractable text found on this page,no text layer; OCR required
65_hs1-834228961_62-hq-83894_section_6.pdf,191,false,0,,true,no extractable text found on this page,no text layer; OCR required
65_hs1-834228961_62-hq-83894_section_6.pdf,192,false,0,,true,no extractable text found on this page,no text layer; OCR required
65_hs1-834228961_62-hq-83894_section_6.pdf,193,false,0,,true,no extractable text found on this page,no text layer; OCR required
65_hs1-834228961_62-hq-83894_section_6.pdf,194,false,0,,true,no extractable text found on this page,no text layer; OCR required
65_hs1-834228961_62-hq-83894_section_6.pdf,195,false,0,,true,no extractable text found on this page,no text layer; OCR required
65_hs1-834228961_62-hq-83894_section_6.pdf,196,false,0,,true,no extractable text found on this page,no text layer; OCR required
65_hs1-834228961_62-hq-83894_section_6.pdf,197,false,0,,true,no extractable text found on this page,no text layer; OCR required
65_hs1-834228961_62-hq-83894_section_6.pdf,198,false,0,,true,no extractable text found on this page,no text layer; OCR required
65_hs1-834228961_62-hq-83894_section_6.pdf,199,false,0,,true,no extractable text found on this page,no text layer; OCR required
65_hs1-834228961_62-hq-83894_section_6.pdf,200,false,0,,true,no extractable text found on this page,no text layer; OCR required
65_hs1-834228961_62-hq-83894_section_6.pdf,201,false,0,,true,no extractable text found on this page,no text layer; OCR required
65_hs1-834228961_62-hq-83894_section_6.pdf,202,false,0,,true,no extractable text found on this page,no text layer; OCR required
65_hs1-834228961_62-hq-83894_section_6.pdf,203,false,0,,true,no extractable text found on this page,no text layer; OCR required
65_hs1-834228961_62-hq-83894_section_6.pdf,204,false,0,,true,no extractable text found on this page,no text layer; OCR required
65_hs1-834228961_62-hq-83894_section_6.pdf,205,false,0,,true,no extractable text found on this page,no text layer; OCR required
65_hs1-834228961_62-hq-83894_section_6.pdf,206,false,0,,true,no extractable text found on this page,no text layer; OCR required
65_hs1-834228961_62-hq-83894_section_6.pdf,207,false,0,,true,no extractable text found on this page,no text layer; OCR required
65_hs1-834228961_62-hq-83894_section_6.pdf,208,false,0,,true,no extractable text found on this page,no text layer; OCR required
65_hs1-834228961_62-hq-83894_section_6.pdf,209,false,0,,true,no extractable text found on this page,no text layer; OCR required
65_hs1-834228961_62-hq-83894_section_6.pdf,210,false,0,,true,no extractable text found on this page,no text layer; OCR required
65_hs1-834228961_62-hq-83894_section_6.pdf,211,false,0,,true,no extractable text found on this page,no text layer; OCR required
65_hs1-834228961_62-hq-83894_section_6.pdf,212,false,0,,true,no extractable text found on this page,no text layer; OCR required
65_hs1-834228961_62-hq-83894_section_6.pdf,213,false,0,,true,no extractable text found on this page,no text layer; OCR required
65_hs1-834228961_62-hq-83894_section_6.pdf,214,false,0,,true,no extractable text found on this page,no text layer; OCR required
65_hs1-834228961_62-hq-83894_section_6.pdf,215,false,0,,true,no extractable text found on this page,no text layer; OCR required
65_hs1-834228961_62-hq-83894_section_6.pdf,216,false,0,,true,no extractable text found on this page,no text layer; OCR required
65_hs1-834228961_62-hq-83894_section_6.pdf,217,false,0,,true,no extractable text found on this page,no text layer; OCR required
65_hs1-834228961_62-hq-83894_section_6.pdf,218,false,0,,true,no extractable text found on this page,no text layer; OCR required
65_hs1-834228961_62-hq-83894_section_6.pdf,219,false,0,,true,no extractable text found on this page,no text layer; OCR required
65_hs1-834228961_62-hq-83894_section_6.pdf,220,false,0,,true,no extractable text found on this page,no text layer; OCR required
65_hs1-834228961_62-hq-83894_section_6.pdf,221,false,0,,true,no extractable text found on this page,no text layer; OCR required
65_hs1-834228961_62-hq-83894_section_6.pdf,222,false,0,,true,no extractable text found on this page,no text layer; OCR required
65_hs1-834228961_62-hq-83894_section_6.pdf,223,false,0,,true,no extractable text found on this page,no text layer; OCR required
65_hs1-834228961_62-hq-83894_section_6.pdf,224,false,0,,true,no extractable text found on this page,no text layer; OCR required
65_hs1-834228961_62-hq-83894_section_6.pdf,225,false,0,,true,no extractable text found on this page,no text layer; OCR required
65_hs1-834228961_62-hq-83894_section_6.pdf,226,false,0,,true,no extractable text found on this page,no text layer; OCR required
65_hs1-834228961_62-hq-83894_section_6.pdf,227,false,0,,true,no extractable text found on this page,no text layer; OCR required
65_hs1-834228961_62-hq-83894_section_6.pdf,228,false,0,,true,no extractable text found on this page,no text layer; OCR required
65_hs1-834228961_62-hq-83894_section_6.pdf,229,false,0,,true,no extractable text found on this page,no text layer; OCR required
65_hs1-834228961_62-hq-83894_section_6.pdf,230,false,0,,true,no extractable text found on this page,no text layer; OCR required
65_hs1-834228961_62-hq-83894_section_6.pdf,231,false,0,,true,no extractable text found on this page,no text layer; OCR required
65_hs1-834228961_62-hq-83894_section_6.pdf,232,false,0,,true,no extractable text found on this page,no text layer; OCR required
65_hs1-834228961_62-hq-83894_section_6.pdf,233,false,0,,true,no extractable text found on this page,no text layer; OCR required
65_hs1-834228961_62-hq-83894_section_6.pdf,234,false,0,,true,no extractable text found on this page,no text layer; OCR required
65_hs1-834228961_62-hq-83894_section_6.pdf,235,false,0,,true,no extractable text found on this page,no text layer; OCR required
65_hs1-834228961_62-hq-83894_section_6.pdf,236,false,0,,true,no extractable text found on this page,no text layer; OCR required
65_hs1-834228961_62-hq-83894_section_6.pdf,237,false,0,,true,no extractable text found on this page,no text layer; OCR required
65_hs1-834228961_62-hq-83894_section_6.pdf,238,false,0,,true,no extractable text found on this page,no text layer; OCR required
65_hs1-834228961_62-hq-83894_section_6.pdf,239,false,0,,true,no extractable text found on this page,no text layer; OCR required
65_hs1-834228961_62-hq-83894_section_6.pdf,240,false,0,,true,no extractable text found on this page,no text layer; OCR required
65_hs1-834228961_62-hq-83894_section_6.pdf,241,false,0,,true,no extractable text found on this page,no text layer; OCR required
65_hs1-834228961_62-hq-83894_section_6.pdf,242,false,0,,true,no extractable text found on this page,no text layer; OCR required
65_hs1-834228961_62-hq-83894_section_6.pdf,243,false,0,,true,no extractable text found on this page,no text layer; OCR required
65_hs1-834228961_62-hq-83894_section_6.pdf,244,false,0,,true,no extractable text found on this page,no text layer; OCR required
65_hs1-834228961_62-hq-83894_section_6.pdf,245,false,0,,true,no extractable text found on this page,no text layer; OCR required
65_hs1-834228961_62-hq-83894_section_6.pdf,246,false,0,,true,no extractable text found on this page,no text layer; OCR required
65_hs1-834228961_62-hq-83894_section_6.pdf,247,false,0,,true,no extractable text found on this page,no text layer; OCR required
65_hs1-834228961_62-hq-83894_section_6.pdf,248,false,0,,true,no extractable text found on this page,no text layer; OCR required
65_hs1-834228961_62-hq-83894_section_6.pdf,249,false,0,,true,no extractable text found on this page,no text layer; OCR required
65_hs1-834228961_62-hq-83894_section_6.pdf,250,false,0,,true,no extractable text found on this page,no text layer; OCR required
65_hs1-834228961_62-hq-83894_section_6.pdf,251,false,0,,true,no extractable text found on this page,no text layer; OCR required
65_hs1-834228961_62-hq-83894_section_6.pdf,252,false,0,,true,no extractable text found on this page,no text layer; OCR required
65_hs1-834228961_62-hq-83894_section_6.pdf,253,false,0,,true,no extractable text found on this page,no text layer; OCR required
65_hs1-834228961_62-hq-83894_section_6.pdf,254,false,0,,true,no extractable text found on this page,no text layer; OCR required
65_hs1-834228961_62-hq-83894_section_6.pdf,255,false,0,,true,no extractable text found on this page,no text layer; OCR required
65_hs1-834228961_62-hq-83894_section_6.pdf,256,false,0,,true,no extractable text found on this page,no text layer; OCR required
65_hs1-834228961_62-hq-83894_section_6.pdf,257,false,0,,true,no extractable text found on this page,no text layer; OCR required
65_hs1-834228961_62-hq-83894_section_6.pdf,258,false,0,,true,no extractable text found on this page,no text layer; OCR required
65_hs1-834228961_62-hq-83894_section_6.pdf,259,false,0,,true,no extractable text found on this page,no text layer; OCR required
65_hs1-834228961_62-hq-83894_section_6.pdf,260,false,0,,true,no extractable text found on this page,no text layer; OCR required
65_hs1-834228961_62-hq-83894_section_6.pdf,261,false,0,,true,no extractable text found on this page,no text layer; OCR required
65_hs1-834228961_62-hq-83894_section_6.pdf,262,false,0,,true,no extractable text found on this page,no text layer; OCR required
65_hs1-834228961_62-hq-83894_section_6.pdf,263,false,0,,true,no extractable text found on this page,no text layer; OCR required
65_hs1-834228961_62-hq-83894_section_6.pdf,264,false,0,,true,no extractable text found on this page,no text layer; OCR required
65_hs1-834228961_62-hq-83894_section_6.pdf,265,false,0,,true,no extractable text found on this page,no text layer; OCR required
65_hs1-834228961_62-hq-83894_section_6.pdf,266,false,0,,true,no extractable text found on this page,no text layer; OCR required
65_hs1-834228961_62-hq-83894_section_6.pdf,267,false,0,,true,no extractable text found on this page,no text layer; OCR required
65_hs1-834228961_62-hq-83894_section_6.pdf,268,false,0,,true,no extractable text found on this page,no text layer; OCR required
65_hs1-834228961_62-hq-83894_section_6.pdf,269,false,0,,true,no extractable text found on this page,no text layer; OCR required
65_hs1-834228961_62-hq-83894_section_6.pdf,270,false,0,,true,no extractable text found on this page,no text layer; OCR required
65_hs1-834228961_62-hq-83894_section_6.pdf,271,false,0,,true,no extractable text found on this page,no text layer; OCR required
65_hs1-834228961_62-hq-83894_section_7.pdf,1,false,0,,true,no extractable text found on this page,no text layer; OCR required
65_hs1-834228961_62-hq-83894_section_7.pdf,2,false,0,,true,no extractable text found on this page,no text layer; OCR required
65_hs1-834228961_62-hq-83894_section_7.pdf,3,false,0,,true,no extractable text found on this page,no text layer; OCR required
65_hs1-834228961_62-hq-83894_section_7.pdf,4,false,0,,true,no extractable text found on this page,no text layer; OCR required
65_hs1-834228961_62-hq-83894_section_7.pdf,5,false,0,,true,no extractable text found on this page,no text layer; OCR required
65_hs1-834228961_62-hq-83894_section_7.pdf,6,false,0,,true,no extractable text found on this page,no text layer; OCR required
65_hs1-834228961_62-hq-83894_section_7.pdf,7,false,0,,true,no extractable text found on this page,no text layer; OCR required
65_hs1-834228961_62-hq-83894_section_7.pdf,8,false,0,,true,no extractable text found on this page,no text layer; OCR required
65_hs1-834228961_62-hq-83894_section_7.pdf,9,false,0,,true,no extractable text found on this page,no text layer; OCR required
65_hs1-834228961_62-hq-83894_section_7.pdf,10,false,0,,true,no extractable text found on this page,no text layer; OCR required
65_hs1-834228961_62-hq-83894_section_7.pdf,11,false,0,,true,no extractable text found on this page,no text layer; OCR required
65_hs1-834228961_62-hq-83894_section_7.pdf,12,false,0,,true,no extractable text found on this page,no text layer; OCR required
65_hs1-834228961_62-hq-83894_section_7.pdf,13,false,0,,true,no extractable text found on this page,no text layer; OCR required
65_hs1-834228961_62-hq-83894_section_7.pdf,14,false,0,,true,no extractable text found on this page,no text layer; OCR required
65_hs1-834228961_62-hq-83894_section_7.pdf,15,false,0,,true,no extractable text found on this page,no text layer; OCR required
65_hs1-834228961_62-hq-83894_section_7.pdf,16,false,0,,true,no extractable text found on this page,no text layer; OCR required
65_hs1-834228961_62-hq-83894_section_7.pdf,17,false,0,,true,no extractable text found on this page,no text layer; OCR required
65_hs1-834228961_62-hq-83894_section_7.pdf,18,false,0,,true,no extractable text found on this page,no text layer; OCR required
65_hs1-834228961_62-hq-83894_section_7.pdf,19,false,0,,true,no extractable text found on this page,no text layer; OCR required
65_hs1-834228961_62-hq-83894_section_7.pdf,20,false,0,,true,no extractable text found on this page,no text layer; OCR required
65_hs1-834228961_62-hq-83894_section_7.pdf,21,false,0,,true,no extractable text found on this page,no text layer; OCR required
65_hs1-834228961_62-hq-83894_section_7.pdf,22,false,0,,true,no extractable text found on this page,no text layer; OCR required
65_hs1-834228961_62-hq-83894_section_7.pdf,23,false,0,,true,no extractable text found on this page,no text layer; OCR required
65_hs1-834228961_62-hq-83894_section_7.pdf,24,false,0,,true,no extractable text found on this page,no text layer; OCR required
65_hs1-834228961_62-hq-83894_section_7.pdf,25,false,0,,true,no extractable text found on this page,no text layer; OCR required
65_hs1-834228961_62-hq-83894_section_7.pdf,26,false,0,,true,no extractable text found on this page,no text layer; OCR required
65_hs1-834228961_62-hq-83894_section_7.pdf,27,false,0,,true,no extractable text found on this page,no text layer; OCR required
65_hs1-834228961_62-hq-83894_section_7.pdf,28,false,0,,true,no extractable text found on this page,no text layer; OCR required
65_hs1-834228961_62-hq-83894_section_7.pdf,29,false,0,,true,no extractable text found on this page,no text layer; OCR required
65_hs1-834228961_62-hq-83894_section_7.pdf,30,false,0,,true,no extractable text found on this page,no text layer; OCR required
65_hs1-834228961_62-hq-83894_section_7.pdf,31,false,0,,true,no extractable text found on this page,no text layer; OCR required
65_hs1-834228961_62-hq-83894_section_7.pdf,32,false,0,,true,no extractable text found on this page,no text layer; OCR required
65_hs1-834228961_62-hq-83894_section_7.pdf,33,false,0,,true,no extractable text found on this page,no text layer; OCR required
65_hs1-834228961_62-hq-83894_section_7.pdf,34,false,0,,true,no extractable text found on this page,no text layer; OCR required
65_hs1-834228961_62-hq-83894_section_7.pdf,35,false,0,,true,no extractable text found on this page,no text layer; OCR required
65_hs1-834228961_62-hq-83894_section_7.pdf,36,false,0,,true,no extractable text found on this page,no text layer; OCR required
65_hs1-834228961_62-hq-83894_section_7.pdf,37,false,0,,true,no extractable text found on this page,no text layer; OCR required
65_hs1-834228961_62-hq-83894_section_7.pdf,38,false,0,,true,no extractable text found on this page,no text layer; OCR required
65_hs1-834228961_62-hq-83894_section_7.pdf,39,false,0,,true,no extractable text found on this page,no text layer; OCR required
65_hs1-834228961_62-hq-83894_section_7.pdf,40,false,0,,true,no extractable text found on this page,no text layer; OCR required
65_hs1-834228961_62-hq-83894_section_7.pdf,41,false,0,,true,no extractable text found on this page,no text layer; OCR required
65_hs1-834228961_62-hq-83894_section_7.pdf,42,false,0,,true,no extractable text found on this page,no text layer; OCR required
65_hs1-834228961_62-hq-83894_section_7.pdf,43,false,0,,true,no extractable text found on this page,no text layer; OCR required
65_hs1-834228961_62-hq-83894_section_7.pdf,44,false,0,,true,no extractable text found on this page,no text layer; OCR required
65_hs1-834228961_62-hq-83894_section_7.pdf,45,false,0,,true,no extractable text found on this page,no text layer; OCR required
65_hs1-834228961_62-hq-83894_section_7.pdf,46,false,0,,true,no extractable text found on this page,no text layer; OCR required
65_hs1-834228961_62-hq-83894_section_7.pdf,47,false,0,,true,no extractable text found on this page,no text layer; OCR required
65_hs1-834228961_62-hq-83894_section_7.pdf,48,false,0,,true,no extractable text found on this page,no text layer; OCR required
65_hs1-834228961_62-hq-83894_section_7.pdf,49,false,0,,true,no extractable text found on this page,no text layer; OCR required
65_hs1-834228961_62-hq-83894_section_7.pdf,50,false,0,,true,no extractable text found on this page,no text layer; OCR required
65_hs1-834228961_62-hq-83894_section_7.pdf,51,false,0,,true,no extractable text found on this page,no text layer; OCR required
65_hs1-834228961_62-hq-83894_section_7.pdf,52,false,0,,true,no extractable text found on this page,no text layer; OCR required
65_hs1-834228961_62-hq-83894_section_7.pdf,53,false,0,,true,no extractable text found on this page,no text layer; OCR required
65_hs1-834228961_62-hq-83894_section_7.pdf,54,false,0,,true,no extractable text found on this page,no text layer; OCR required
65_hs1-834228961_62-hq-83894_section_7.pdf,55,false,0,,true,no extractable text found on this page,no text layer; OCR required
65_hs1-834228961_62-hq-83894_section_7.pdf,56,false,0,,true,no extractable text found on this page,no text layer; OCR required
65_hs1-834228961_62-hq-83894_section_7.pdf,57,false,0,,true,no extractable text found on this page,no text layer; OCR required
65_hs1-834228961_62-hq-83894_section_7.pdf,58,false,0,,true,no extractable text found on this page,no text layer; OCR required
65_hs1-834228961_62-hq-83894_section_7.pdf,59,false,0,,true,no extractable text found on this page,no text layer; OCR required
65_hs1-834228961_62-hq-83894_section_7.pdf,60,false,0,,true,no extractable text found on this page,no text layer; OCR required
65_hs1-834228961_62-hq-83894_section_7.pdf,61,false,0,,true,no extractable text found on this page,no text layer; OCR required
65_hs1-834228961_62-hq-83894_section_7.pdf,62,false,0,,true,no extractable text found on this page,no text layer; OCR required
65_hs1-834228961_62-hq-83894_section_7.pdf,63,false,0,,true,no extractable text found on this page,no text layer; OCR required
65_hs1-834228961_62-hq-83894_section_7.pdf,64,false,0,,true,no extractable text found on this page,no text layer; OCR required
65_hs1-834228961_62-hq-83894_section_7.pdf,65,false,0,,true,no extractable text found on this page,no text layer; OCR required
65_hs1-834228961_62-hq-83894_section_7.pdf,66,false,0,,true,no extractable text found on this page,no text layer; OCR required
65_hs1-834228961_62-hq-83894_section_7.pdf,67,false,0,,true,no extractable text found on this page,no text layer; OCR required
65_hs1-834228961_62-hq-83894_section_7.pdf,68,false,0,,true,no extractable text found on this page,no text layer; OCR required
65_hs1-834228961_62-hq-83894_section_7.pdf,69,false,0,,true,no extractable text found on this page,no text layer; OCR required
65_hs1-834228961_62-hq-83894_section_7.pdf,70,false,0,,true,no extractable text found on this page,no text layer; OCR required
65_hs1-834228961_62-hq-83894_section_7.pdf,71,false,0,,true,no extractable text found on this page,no text layer; OCR required
65_hs1-834228961_62-hq-83894_section_7.pdf,72,false,0,,true,no extractable text found on this page,no text layer; OCR required
65_hs1-834228961_62-hq-83894_section_7.pdf,73,false,0,,true,no extractable text found on this page,no text layer; OCR required
65_hs1-834228961_62-hq-83894_section_7.pdf,74,false,0,,true,no extractable text found on this page,no text layer; OCR required
65_hs1-834228961_62-hq-83894_section_7.pdf,75,false,0,,true,no extractable text found on this page,no text layer; OCR required
65_hs1-834228961_62-hq-83894_section_7.pdf,76,false,0,,true,no extractable text found on this page,no text layer; OCR required
65_hs1-834228961_62-hq-83894_section_7.pdf,77,false,0,,true,no extractable text found on this page,no text layer; OCR required
65_hs1-834228961_62-hq-83894_section_7.pdf,78,false,0,,true,no extractable text found on this page,no text layer; OCR required
65_hs1-834228961_62-hq-83894_section_7.pdf,79,false,0,,true,no extractable text found on this page,no text layer; OCR required
65_hs1-834228961_62-hq-83894_section_7.pdf,80,false,0,,true,no extractable text found on this page,no text layer; OCR required
65_hs1-834228961_62-hq-83894_section_7.pdf,81,false,0,,true,no extractable text found on this page,no text layer; OCR required
65_hs1-834228961_62-hq-83894_section_7.pdf,82,false,0,,true,no extractable text found on this page,no text layer; OCR required
65_hs1-834228961_62-hq-83894_section_7.pdf,83,false,0,,true,no extractable text found on this page,no text layer; OCR required
65_hs1-834228961_62-hq-83894_section_7.pdf,84,false,0,,true,no extractable text found on this page,no text layer; OCR required
65_hs1-834228961_62-hq-83894_section_7.pdf,85,false,0,,true,no extractable text found on this page,no text layer; OCR required
65_hs1-834228961_62-hq-83894_section_7.pdf,86,false,0,,true,no extractable text found on this page,no text layer; OCR required
65_hs1-834228961_62-hq-83894_section_7.pdf,87,false,0,,true,no extractable text found on this page,no text layer; OCR required
65_hs1-834228961_62-hq-83894_section_7.pdf,88,false,0,,true,no extractable text found on this page,no text layer; OCR required
65_hs1-834228961_62-hq-83894_section_7.pdf,89,false,0,,true,no extractable text found on this page,no text layer; OCR required
65_hs1-834228961_62-hq-83894_section_7.pdf,90,false,0,,true,no extractable text found on this page,no text layer; OCR required
65_hs1-834228961_62-hq-83894_section_7.pdf,91,false,0,,true,no extractable text found on this page,no text layer; OCR required
65_hs1-834228961_62-hq-83894_section_7.pdf,92,false,0,,true,no extractable text found on this page,no text layer; OCR required
65_hs1-834228961_62-hq-83894_section_7.pdf,93,false,0,,true,no extractable text found on this page,no text layer; OCR required
65_hs1-834228961_62-hq-83894_section_7.pdf,94,false,0,,true,no extractable text found on this page,no text layer; OCR required
65_hs1-834228961_62-hq-83894_section_7.pdf,95,false,0,,true,no extractable text found on this page,no text layer; OCR required
65_hs1-834228961_62-hq-83894_section_7.pdf,96,false,0,,true,no extractable text found on this page,no text layer; OCR required
65_hs1-834228961_62-hq-83894_section_7.pdf,97,false,0,,true,no extractable text found on this page,no text layer; OCR required
65_hs1-834228961_62-hq-83894_section_7.pdf,98,false,0,,true,no extractable text found on this page,no text layer; OCR required
65_hs1-834228961_62-hq-83894_section_7.pdf,99,false,0,,true,no extractable text found on this page,no text layer; OCR required
65_hs1-834228961_62-hq-83894_section_7.pdf,100,false,0,,true,no extractable text found on this page,no text layer; OCR required
65_hs1-834228961_62-hq-83894_section_7.pdf,101,false,0,,true,no extractable text found on this page,no text layer; OCR required
65_hs1-834228961_62-hq-83894_section_7.pdf,102,false,0,,true,no extractable text found on this page,no text layer; OCR required
65_hs1-834228961_62-hq-83894_section_7.pdf,103,false,0,,true,no extractable text found on this page,no text layer; OCR required
65_hs1-834228961_62-hq-83894_section_7.pdf,104,false,0,,true,no extractable text found on this page,no text layer; OCR required
65_hs1-834228961_62-hq-83894_section_7.pdf,105,false,0,,true,no extractable text found on this page,no text layer; OCR required
65_hs1-834228961_62-hq-83894_section_7.pdf,106,false,0,,true,no extractable text found on this page,no text layer; OCR required
65_hs1-834228961_62-hq-83894_section_7.pdf,107,false,0,,true,no extractable text found on this page,no text layer; OCR required
65_hs1-834228961_62-hq-83894_section_7.pdf,108,false,0,,true,no extractable text found on this page,no text layer; OCR required
65_hs1-834228961_62-hq-83894_section_7.pdf,109,false,0,,true,no extractable text found on this page,no text layer; OCR required
65_hs1-834228961_62-hq-83894_section_7.pdf,110,false,0,,true,no extractable text found on this page,no text layer; OCR required
65_hs1-834228961_62-hq-83894_section_7.pdf,111,false,0,,true,no extractable text found on this page,no text layer; OCR required
65_hs1-834228961_62-hq-83894_section_7.pdf,112,false,0,,true,no extractable text found on this page,no text layer; OCR required
65_hs1-834228961_62-hq-83894_section_7.pdf,113,false,0,,true,no extractable text found on this page,no text layer; OCR required
65_hs1-834228961_62-hq-83894_section_7.pdf,114,false,0,,true,no extractable text found on this page,no text layer; OCR required
65_hs1-834228961_62-hq-83894_section_7.pdf,115,false,0,,true,no extractable text found on this page,no text layer; OCR required
65_hs1-834228961_62-hq-83894_section_7.pdf,116,false,0,,true,no extractable text found on this page,no text layer; OCR required
65_hs1-834228961_62-hq-83894_section_7.pdf,117,false,0,,true,no extractable text found on this page,no text layer; OCR required
65_hs1-834228961_62-hq-83894_section_7.pdf,118,false,0,,true,no extractable text found on this page,no text layer; OCR required
65_hs1-834228961_62-hq-83894_section_7.pdf,119,false,0,,true,no extractable text found on this page,no text layer; OCR required
65_hs1-834228961_62-hq-83894_section_7.pdf,120,false,0,,true,no extractable text found on this page,no text layer; OCR required
65_hs1-834228961_62-hq-83894_section_7.pdf,121,false,0,,true,no extractable text found on this page,no text layer; OCR required
65_hs1-834228961_62-hq-83894_section_7.pdf,122,false,0,,true,no extractable text found on this page,no text layer; OCR required
65_hs1-834228961_62-hq-83894_section_7.pdf,123,false,0,,true,no extractable text found on this page,no text layer; OCR required
65_hs1-834228961_62-hq-83894_section_7.pdf,124,false,0,,true,no extractable text found on this page,no text layer; OCR required
65_hs1-834228961_62-hq-83894_section_7.pdf,125,false,0,,true,no extractable text found on this page,no text layer; OCR required
65_hs1-834228961_62-hq-83894_section_7.pdf,126,false,0,,true,no extractable text found on this page,no text layer; OCR required
65_hs1-834228961_62-hq-83894_section_7.pdf,127,false,0,,true,no extractable text found on this page,no text layer; OCR required
65_hs1-834228961_62-hq-83894_section_7.pdf,128,false,0,,true,no extractable text found on this page,no text layer; OCR required
65_hs1-834228961_62-hq-83894_section_7.pdf,129,false,0,,true,no extractable text found on this page,no text layer; OCR required
65_hs1-834228961_62-hq-83894_section_7.pdf,130,false,0,,true,no extractable text found on this page,no text layer; OCR required
65_hs1-834228961_62-hq-83894_section_7.pdf,131,false,0,,true,no extractable text found on this page,no text layer; OCR required
65_hs1-834228961_62-hq-83894_section_7.pdf,132,false,0,,true,no extractable text found on this page,no text layer; OCR required
65_hs1-834228961_62-hq-83894_section_7.pdf,133,false,0,,true,no extractable text found on this page,no text layer; OCR required
65_hs1-834228961_62-hq-83894_section_7.pdf,134,false,0,,true,no extractable text found on this page,no text layer; OCR required
65_hs1-834228961_62-hq-83894_section_7.pdf,135,false,0,,true,no extractable text found on this page,no text layer; OCR required
65_hs1-834228961_62-hq-83894_section_7.pdf,136,false,0,,true,no extractable text found on this page,no text layer; OCR required
65_hs1-834228961_62-hq-83894_section_7.pdf,137,false,0,,true,no extractable text found on this page,no text layer; OCR required
65_hs1-834228961_62-hq-83894_section_7.pdf,138,false,0,,true,no extractable text found on this page,no text layer; OCR required
65_hs1-834228961_62-hq-83894_section_7.pdf,139,false,0,,true,no extractable text found on this page,no text layer; OCR required
65_hs1-834228961_62-hq-83894_section_7.pdf,140,false,0,,true,no extractable text found on this page,no text layer; OCR required
65_hs1-834228961_62-hq-83894_section_7.pdf,141,false,0,,true,no extractable text found on this page,no text layer; OCR required
65_hs1-834228961_62-hq-83894_section_7.pdf,142,false,0,,true,no extractable text found on this page,no text layer; OCR required
65_hs1-834228961_62-hq-83894_section_7.pdf,143,false,0,,true,no extractable text found on this page,no text layer; OCR required
65_hs1-834228961_62-hq-83894_section_7.pdf,144,false,0,,true,no extractable text found on this page,no text layer; OCR required
65_hs1-834228961_62-hq-83894_section_7.pdf,145,false,0,,true,no extractable text found on this page,no text layer; OCR required
65_hs1-834228961_62-hq-83894_section_7.pdf,146,false,0,,true,no extractable text found on this page,no text layer; OCR required
65_hs1-834228961_62-hq-83894_section_7.pdf,147,false,0,,true,no extractable text found on this page,no text layer; OCR required
65_hs1-834228961_62-hq-83894_section_7.pdf,148,false,0,,true,no extractable text found on this page,no text layer; OCR required
65_hs1-834228961_62-hq-83894_section_7.pdf,149,false,0,,true,no extractable text found on this page,no text layer; OCR required
65_hs1-834228961_62-hq-83894_section_7.pdf,150,false,0,,true,no extractable text found on this page,no text layer; OCR required
65_hs1-834228961_62-hq-83894_section_7.pdf,151,false,0,,true,no extractable text found on this page,no text layer; OCR required
65_hs1-834228961_62-hq-83894_section_7.pdf,152,false,0,,true,no extractable text found on this page,no text layer; OCR required
65_hs1-834228961_62-hq-83894_section_7.pdf,153,false,0,,true,no extractable text found on this page,no text layer; OCR required
65_hs1-834228961_62-hq-83894_section_7.pdf,154,false,0,,true,no extractable text found on this page,no text layer; OCR required
65_hs1-834228961_62-hq-83894_section_7.pdf,155,false,0,,true,no extractable text found on this page,no text layer; OCR required
65_hs1-834228961_62-hq-83894_section_7.pdf,156,false,0,,true,no extractable text found on this page,no text layer; OCR required
65_hs1-834228961_62-hq-83894_section_7.pdf,157,false,0,,true,no extractable text found on this page,no text layer; OCR required
65_hs1-834228961_62-hq-83894_section_7.pdf,158,false,0,,true,no extractable text found on this page,no text layer; OCR required
65_hs1-834228961_62-hq-83894_section_7.pdf,159,false,0,,true,no extractable text found on this page,no text layer; OCR required
65_hs1-834228961_62-hq-83894_section_7.pdf,160,false,0,,true,no extractable text found on this page,no text layer; OCR required
65_hs1-834228961_62-hq-83894_section_7.pdf,161,false,0,,true,no extractable text found on this page,no text layer; OCR required
65_hs1-834228961_62-hq-83894_section_7.pdf,162,false,0,,true,no extractable text found on this page,no text layer; OCR required
65_hs1-834228961_62-hq-83894_section_7.pdf,163,false,0,,true,no extractable text found on this page,no text layer; OCR required
65_hs1-834228961_62-hq-83894_section_7.pdf,164,false,0,,true,no extractable text found on this page,no text layer; OCR required
65_hs1-834228961_62-hq-83894_section_7.pdf,165,false,0,,true,no extractable text found on this page,no text layer; OCR required
65_hs1-834228961_62-hq-83894_section_7.pdf,166,false,0,,true,no extractable text found on this page,no text layer; OCR required
65_hs1-834228961_62-hq-83894_section_7.pdf,167,false,0,,true,no extractable text found on this page,no text layer; OCR required
65_hs1-834228961_62-hq-83894_section_7.pdf,168,false,0,,true,no extractable text found on this page,no text layer; OCR required
65_hs1-834228961_62-hq-83894_section_7.pdf,169,false,0,,true,no extractable text found on this page,no text layer; OCR required
65_hs1-834228961_62-hq-83894_section_7.pdf,170,false,0,,true,no extractable text found on this page,no text layer; OCR required
65_hs1-834228961_62-hq-83894_section_7.pdf,171,false,0,,true,no extractable text found on this page,no text layer; OCR required
65_hs1-834228961_62-hq-83894_section_7.pdf,172,false,0,,true,no extractable text found on this page,no text layer; OCR required
65_hs1-834228961_62-hq-83894_section_7.pdf,173,false,0,,true,no extractable text found on this page,no text layer; OCR required
65_hs1-834228961_62-hq-83894_section_7.pdf,174,false,0,,true,no extractable text found on this page,no text layer; OCR required
65_hs1-834228961_62-hq-83894_section_7.pdf,175,false,0,,true,no extractable text found on this page,no text layer; OCR required
65_hs1-834228961_62-hq-83894_section_7.pdf,176,false,0,,true,no extractable text found on this page,no text layer; OCR required
65_hs1-834228961_62-hq-83894_section_7.pdf,177,false,0,,true,no extractable text found on this page,no text layer; OCR required
65_hs1-834228961_62-hq-83894_section_7.pdf,178,false,0,,true,no extractable text found on this page,no text layer; OCR required
65_hs1-834228961_62-hq-83894_section_7.pdf,179,false,0,,true,no extractable text found on this page,no text layer; OCR required
65_hs1-834228961_62-hq-83894_section_7.pdf,180,false,0,,true,no extractable text found on this page,no text layer; OCR required
65_hs1-834228961_62-hq-83894_section_7.pdf,181,false,0,,true,no extractable text found on this page,no text layer; OCR required
65_hs1-834228961_62-hq-83894_section_7.pdf,182,false,0,,true,no extractable text found on this page,no text layer; OCR required
65_hs1-834228961_62-hq-83894_section_7.pdf,183,false,0,,true,no extractable text found on this page,no text layer; OCR required
65_hs1-834228961_62-hq-83894_section_7.pdf,184,false,0,,true,no extractable text found on this page,no text layer; OCR required
65_hs1-834228961_62-hq-83894_section_7.pdf,185,false,0,,true,no extractable text found on this page,no text layer; OCR required
65_hs1-834228961_62-hq-83894_section_7.pdf,186,false,0,,true,no extractable text found on this page,no text layer; OCR required
65_hs1-834228961_62-hq-83894_section_7.pdf,187,false,0,,true,no extractable text found on this page,no text layer; OCR required
65_hs1-834228961_62-hq-83894_section_7.pdf,188,false,0,,true,no extractable text found on this page,no text layer; OCR required
65_hs1-834228961_62-hq-83894_section_7.pdf,189,false,0,,true,no extractable text found on this page,no text layer; OCR required
65_hs1-834228961_62-hq-83894_section_7.pdf,190,false,0,,true,no extractable text found on this page,no text layer; OCR required
65_hs1-834228961_62-hq-83894_section_7.pdf,191,false,0,,true,no extractable text found on this page,no text layer; OCR required
65_hs1-834228961_62-hq-83894_section_7.pdf,192,false,0,,true,no extractable text found on this page,no text layer; OCR required
65_hs1-834228961_62-hq-83894_section_7.pdf,193,false,0,,true,no extractable text found on this page,no text layer; OCR required
65_hs1-834228961_62-hq-83894_section_7.pdf,194,false,0,,true,no extractable text found on this page,no text layer; OCR required
65_hs1-834228961_62-hq-83894_section_7.pdf,195,false,0,,true,no extractable text found on this page,no text layer; OCR required
65_hs1-834228961_62-hq-83894_section_7.pdf,196,false,0,,true,no extractable text found on this page,no text layer; OCR required
65_hs1-834228961_62-hq-83894_section_7.pdf,197,false,0,,true,no extractable text found on this page,no text layer; OCR required
65_hs1-834228961_62-hq-83894_section_7.pdf,198,false,0,,true,no extractable text found on this page,no text layer; OCR required
65_hs1-834228961_62-hq-83894_section_7.pdf,199,false,0,,true,no extractable text found on this page,no text layer; OCR required
65_hs1-834228961_62-hq-83894_section_7.pdf,200,false,0,,true,no extractable text found on this page,no text layer; OCR required
65_hs1-834228961_62-hq-83894_section_7.pdf,201,false,0,,true,no extractable text found on this page,no text layer; OCR required
65_hs1-834228961_62-hq-83894_section_7.pdf,202,false,0,,true,no extractable text found on this page,no text layer; OCR required
65_hs1-834228961_62-hq-83894_section_7.pdf,203,false,0,,true,no extractable text found on this page,no text layer; OCR required
65_hs1-834228961_62-hq-83894_section_7.pdf,204,false,0,,true,no extractable text found on this page,no text layer; OCR required
65_hs1-834228961_62-hq-83894_section_7.pdf,205,false,0,,true,no extractable text found on this page,no text layer; OCR required
65_hs1-834228961_62-hq-83894_section_8.pdf,1,false,0,,true,no extractable text found on this page,no text layer; OCR required
65_hs1-834228961_62-hq-83894_section_8.pdf,2,false,0,,true,no extractable text found on this page,no text layer; OCR required
65_hs1-834228961_62-hq-83894_section_8.pdf,3,false,0,,true,no extractable text found on this page,no text layer; OCR required
65_hs1-834228961_62-hq-83894_section_8.pdf,4,false,0,,true,no extractable text found on this page,no text layer; OCR required
65_hs1-834228961_62-hq-83894_section_8.pdf,5,false,0,,true,no extractable text found on this page,no text layer; OCR required
65_hs1-834228961_62-hq-83894_section_8.pdf,6,false,0,,true,no extractable text found on this page,no text layer; OCR required
65_hs1-834228961_62-hq-83894_section_8.pdf,7,false,0,,true,no extractable text found on this page,no text layer; OCR required
65_hs1-834228961_62-hq-83894_section_8.pdf,8,false,0,,true,no extractable text found on this page,no text layer; OCR required
65_hs1-834228961_62-hq-83894_section_8.pdf,9,false,0,,true,no extractable text found on this page,no text layer; OCR required
65_hs1-834228961_62-hq-83894_section_8.pdf,10,false,0,,true,no extractable text found on this page,no text layer; OCR required
65_hs1-834228961_62-hq-83894_section_8.pdf,11,false,0,,true,no extractable text found on this page,no text layer; OCR required
65_hs1-834228961_62-hq-83894_section_8.pdf,12,false,0,,true,no extractable text found on this page,no text layer; OCR required
65_hs1-834228961_62-hq-83894_section_8.pdf,13,false,0,,true,no extractable text found on this page,no text layer; OCR required
65_hs1-834228961_62-hq-83894_section_8.pdf,14,false,0,,true,no extractable text found on this page,no text layer; OCR required
65_hs1-834228961_62-hq-83894_section_8.pdf,15,false,0,,true,no extractable text found on this page,no text layer; OCR required
65_hs1-834228961_62-hq-83894_section_8.pdf,16,false,0,,true,no extractable text found on this page,no text layer; OCR required
65_hs1-834228961_62-hq-83894_section_8.pdf,17,false,0,,true,no extractable text found on this page,no text layer; OCR required
65_hs1-834228961_62-hq-83894_section_8.pdf,18,false,0,,true,no extractable text found on this page,no text layer; OCR required
65_hs1-834228961_62-hq-83894_section_8.pdf,19,false,0,,true,no extractable text found on this page,no text layer; OCR required
65_hs1-834228961_62-hq-83894_section_8.pdf,20,false,0,,true,no extractable text found on this page,no text layer; OCR required
65_hs1-834228961_62-hq-83894_section_8.pdf,21,false,0,,true,no extractable text found on this page,no text layer; OCR required
65_hs1-834228961_62-hq-83894_section_8.pdf,22,false,0,,true,no extractable text found on this page,no text layer; OCR required
65_hs1-834228961_62-hq-83894_section_8.pdf,23,false,0,,true,no extractable text found on this page,no text layer; OCR required
65_hs1-834228961_62-hq-83894_section_8.pdf,24,false,0,,true,no extractable text found on this page,no text layer; OCR required
65_hs1-834228961_62-hq-83894_section_8.pdf,25,false,0,,true,no extractable text found on this page,no text layer; OCR required
65_hs1-834228961_62-hq-83894_section_8.pdf,26,false,0,,true,no extractable text found on this page,no text layer; OCR required
65_hs1-834228961_62-hq-83894_section_8.pdf,27,false,0,,true,no extractable text found on this page,no text layer; OCR required
65_hs1-834228961_62-hq-83894_section_8.pdf,28,false,0,,true,no extractable text found on this page,no text layer; OCR required
65_hs1-834228961_62-hq-83894_section_8.pdf,29,false,0,,true,no extractable text found on this page,no text layer; OCR required
65_hs1-834228961_62-hq-83894_section_8.pdf,30,false,0,,true,no extractable text found on this page,no text layer; OCR required
65_hs1-834228961_62-hq-83894_section_8.pdf,31,false,0,,true,no extractable text found on this page,no text layer; OCR required
65_hs1-834228961_62-hq-83894_section_8.pdf,32,false,0,,true,no extractable text found on this page,no text layer; OCR required
65_hs1-834228961_62-hq-83894_section_8.pdf,33,false,0,,true,no extractable text found on this page,no text layer; OCR required
65_hs1-834228961_62-hq-83894_section_8.pdf,34,false,0,,true,no extractable text found on this page,no text layer; OCR required
65_hs1-834228961_62-hq-83894_section_8.pdf,35,false,0,,true,no extractable text found on this page,no text layer; OCR required
65_hs1-834228961_62-hq-83894_section_8.pdf,36,false,0,,true,no extractable text found on this page,no text layer; OCR required
65_hs1-834228961_62-hq-83894_section_8.pdf,37,false,0,,true,no extractable text found on this page,no text layer; OCR required
65_hs1-834228961_62-hq-83894_section_8.pdf,38,false,0,,true,no extractable text found on this page,no text layer; OCR required
65_hs1-834228961_62-hq-83894_section_8.pdf,39,false,0,,true,no extractable text found on this page,no text layer; OCR required
65_hs1-834228961_62-hq-83894_section_8.pdf,40,false,0,,true,no extractable text found on this page,no text layer; OCR required
65_hs1-834228961_62-hq-83894_section_8.pdf,41,false,0,,true,no extractable text found on this page,no text layer; OCR required
65_hs1-834228961_62-hq-83894_section_8.pdf,42,false,0,,true,no extractable text found on this page,no text layer; OCR required
65_hs1-834228961_62-hq-83894_section_8.pdf,43,false,0,,true,no extractable text found on this page,no text layer; OCR required
65_hs1-834228961_62-hq-83894_section_8.pdf,44,false,0,,true,no extractable text found on this page,no text layer; OCR required
65_hs1-834228961_62-hq-83894_section_8.pdf,45,false,0,,true,no extractable text found on this page,no text layer; OCR required
65_hs1-834228961_62-hq-83894_section_8.pdf,46,false,0,,true,no extractable text found on this page,no text layer; OCR required
65_hs1-834228961_62-hq-83894_section_8.pdf,47,false,0,,true,no extractable text found on this page,no text layer; OCR required
65_hs1-834228961_62-hq-83894_section_8.pdf,48,false,0,,true,no extractable text found on this page,no text layer; OCR required
65_hs1-834228961_62-hq-83894_section_8.pdf,49,false,0,,true,no extractable text found on this page,no text layer; OCR required
65_hs1-834228961_62-hq-83894_section_8.pdf,50,false,0,,true,no extractable text found on this page,no text layer; OCR required
65_hs1-834228961_62-hq-83894_section_8.pdf,51,false,0,,true,no extractable text found on this page,no text layer; OCR required
65_hs1-834228961_62-hq-83894_section_8.pdf,52,false,0,,true,no extractable text found on this page,no text layer; OCR required
65_hs1-834228961_62-hq-83894_section_8.pdf,53,false,0,,true,no extractable text found on this page,no text layer; OCR required
65_hs1-834228961_62-hq-83894_section_8.pdf,54,false,0,,true,no extractable text found on this page,no text layer; OCR required
65_hs1-834228961_62-hq-83894_section_8.pdf,55,false,0,,true,no extractable text found on this page,no text layer; OCR required
65_hs1-834228961_62-hq-83894_section_8.pdf,56,false,0,,true,no extractable text found on this page,no text layer; OCR required
65_hs1-834228961_62-hq-83894_section_8.pdf,57,false,0,,true,no extractable text found on this page,no text layer; OCR required
65_hs1-834228961_62-hq-83894_section_8.pdf,58,false,0,,true,no extractable text found on this page,no text layer; OCR required
65_hs1-834228961_62-hq-83894_section_8.pdf,59,false,0,,true,no extractable text found on this page,no text layer; OCR required
65_hs1-834228961_62-hq-83894_section_8.pdf,60,false,0,,true,no extractable text found on this page,no text layer; OCR required
65_hs1-834228961_62-hq-83894_section_8.pdf,61,false,0,,true,no extractable text found on this page,no text layer; OCR required
65_hs1-834228961_62-hq-83894_section_8.pdf,62,false,0,,true,no extractable text found on this page,no text layer; OCR required
65_hs1-834228961_62-hq-83894_section_8.pdf,63,false,0,,true,no extractable text found on this page,no text layer; OCR required
65_hs1-834228961_62-hq-83894_section_8.pdf,64,false,0,,true,no extractable text found on this page,no text layer; OCR required
65_hs1-834228961_62-hq-83894_section_8.pdf,65,false,0,,true,no extractable text found on this page,no text layer; OCR required
65_hs1-834228961_62-hq-83894_section_8.pdf,66,false,0,,true,no extractable text found on this page,no text layer; OCR required
65_hs1-834228961_62-hq-83894_section_8.pdf,67,false,0,,true,no extractable text found on this page,no text layer; OCR required
65_hs1-834228961_62-hq-83894_section_8.pdf,68,false,0,,true,no extractable text found on this page,no text layer; OCR required
65_hs1-834228961_62-hq-83894_section_8.pdf,69,false,0,,true,no extractable text found on this page,no text layer; OCR required
65_hs1-834228961_62-hq-83894_section_8.pdf,70,false,0,,true,no extractable text found on this page,no text layer; OCR required
65_hs1-834228961_62-hq-83894_section_8.pdf,71,false,0,,true,no extractable text found on this page,no text layer; OCR required
65_hs1-834228961_62-hq-83894_section_8.pdf,72,false,0,,true,no extractable text found on this page,no text layer; OCR required
65_hs1-834228961_62-hq-83894_section_8.pdf,73,false,0,,true,no extractable text found on this page,no text layer; OCR required
65_hs1-834228961_62-hq-83894_section_8.pdf,74,false,0,,true,no extractable text found on this page,no text layer; OCR required
65_hs1-834228961_62-hq-83894_section_8.pdf,75,false,0,,true,no extractable text found on this page,no text layer; OCR required
65_hs1-834228961_62-hq-83894_section_8.pdf,76,false,0,,true,no extractable text found on this page,no text layer; OCR required
65_hs1-834228961_62-hq-83894_section_8.pdf,77,false,0,,true,no extractable text found on this page,no text layer; OCR required
65_hs1-834228961_62-hq-83894_section_8.pdf,78,false,0,,true,no extractable text found on this page,no text layer; OCR required
65_hs1-834228961_62-hq-83894_section_8.pdf,79,false,0,,true,no extractable text found on this page,no text layer; OCR required
65_hs1-834228961_62-hq-83894_section_8.pdf,80,false,0,,true,no extractable text found on this page,no text layer; OCR required
65_hs1-834228961_62-hq-83894_section_8.pdf,81,false,0,,true,no extractable text found on this page,no text layer; OCR required
65_hs1-834228961_62-hq-83894_section_8.pdf,82,false,0,,true,no extractable text found on this page,no text layer; OCR required
65_hs1-834228961_62-hq-83894_section_8.pdf,83,false,0,,true,no extractable text found on this page,no text layer; OCR required
65_hs1-834228961_62-hq-83894_section_8.pdf,84,false,0,,true,no extractable text found on this page,no text layer; OCR required
65_hs1-834228961_62-hq-83894_section_8.pdf,85,false,0,,true,no extractable text found on this page,no text layer; OCR required
65_hs1-834228961_62-hq-83894_section_8.pdf,86,false,0,,true,no extractable text found on this page,no text layer; OCR required
65_hs1-834228961_62-hq-83894_section_8.pdf,87,false,0,,true,no extractable text found on this page,no text layer; OCR required
65_hs1-834228961_62-hq-83894_section_8.pdf,88,false,0,,true,no extractable text found on this page,no text layer; OCR required
65_hs1-834228961_62-hq-83894_section_8.pdf,89,false,0,,true,no extractable text found on this page,no text layer; OCR required
65_hs1-834228961_62-hq-83894_section_8.pdf,90,false,0,,true,no extractable text found on this page,no text layer; OCR required
65_hs1-834228961_62-hq-83894_section_8.pdf,91,false,0,,true,no extractable text found on this page,no text layer; OCR required
65_hs1-834228961_62-hq-83894_section_8.pdf,92,false,0,,true,no extractable text found on this page,no text layer; OCR required
65_hs1-834228961_62-hq-83894_section_8.pdf,93,false,0,,true,no extractable text found on this page,no text layer; OCR required
65_hs1-834228961_62-hq-83894_section_8.pdf,94,false,0,,true,no extractable text found on this page,no text layer; OCR required
65_hs1-834228961_62-hq-83894_section_8.pdf,95,false,0,,true,no extractable text found on this page,no text layer; OCR required
65_hs1-834228961_62-hq-83894_section_8.pdf,96,false,0,,true,no extractable text found on this page,no text layer; OCR required
65_hs1-834228961_62-hq-83894_section_8.pdf,97,false,0,,true,no extractable text found on this page,no text layer; OCR required
65_hs1-834228961_62-hq-83894_section_8.pdf,98,false,0,,true,no extractable text found on this page,no text layer; OCR required
65_hs1-834228961_62-hq-83894_section_8.pdf,99,false,0,,true,no extractable text found on this page,no text layer; OCR required
65_hs1-834228961_62-hq-83894_section_8.pdf,100,false,0,,true,no extractable text found on this page,no text layer; OCR required
65_hs1-834228961_62-hq-83894_section_8.pdf,101,false,0,,true,no extractable text found on this page,no text layer; OCR required
65_hs1-834228961_62-hq-83894_section_8.pdf,102,false,0,,true,no extractable text found on this page,no text layer; OCR required
65_hs1-834228961_62-hq-83894_section_8.pdf,103,false,0,,true,no extractable text found on this page,no text layer; OCR required
65_hs1-834228961_62-hq-83894_section_8.pdf,104,false,0,,true,no extractable text found on this page,no text layer; OCR required
65_hs1-834228961_62-hq-83894_section_8.pdf,105,false,0,,true,no extractable text found on this page,no text layer; OCR required
65_hs1-834228961_62-hq-83894_section_8.pdf,106,false,0,,true,no extractable text found on this page,no text layer; OCR required
65_hs1-834228961_62-hq-83894_section_8.pdf,107,false,0,,true,no extractable text found on this page,no text layer; OCR required
65_hs1-834228961_62-hq-83894_section_8.pdf,108,false,0,,true,no extractable text found on this page,no text layer; OCR required
65_hs1-834228961_62-hq-83894_section_8.pdf,109,false,0,,true,no extractable text found on this page,no text layer; OCR required
65_hs1-834228961_62-hq-83894_section_8.pdf,110,false,0,,true,no extractable text found on this page,no text layer; OCR required
65_hs1-834228961_62-hq-83894_section_8.pdf,111,false,0,,true,no extractable text found on this page,no text layer; OCR required
65_hs1-834228961_62-hq-83894_section_8.pdf,112,false,0,,true,no extractable text found on this page,no text layer; OCR required
65_hs1-834228961_62-hq-83894_section_8.pdf,113,false,0,,true,no extractable text found on this page,no text layer; OCR required
65_hs1-834228961_62-hq-83894_section_8.pdf,114,false,0,,true,no extractable text found on this page,no text layer; OCR required
65_hs1-834228961_62-hq-83894_section_8.pdf,115,false,0,,true,no extractable text found on this page,no text layer; OCR required
65_hs1-834228961_62-hq-83894_section_8.pdf,116,false,0,,true,no extractable text found on this page,no text layer; OCR required
65_hs1-834228961_62-hq-83894_section_8.pdf,117,false,0,,true,no extractable text found on this page,no text layer; OCR required
65_hs1-834228961_62-hq-83894_section_8.pdf,118,false,0,,true,no extractable text found on this page,no text layer; OCR required
65_hs1-834228961_62-hq-83894_section_8.pdf,119,false,0,,true,no extractable text found on this page,no text layer; OCR required
65_hs1-834228961_62-hq-83894_section_8.pdf,120,false,0,,true,no extractable text found on this page,no text layer; OCR required
65_hs1-834228961_62-hq-83894_section_8.pdf,121,false,0,,true,no extractable text found on this page,no text layer; OCR required
65_hs1-834228961_62-hq-83894_section_8.pdf,122,false,0,,true,no extractable text found on this page,no text layer; OCR required
65_hs1-834228961_62-hq-83894_section_8.pdf,123,false,0,,true,no extractable text found on this page,no text layer; OCR required
65_hs1-834228961_62-hq-83894_section_8.pdf,124,false,0,,true,no extractable text found on this page,no text layer; OCR required
65_hs1-834228961_62-hq-83894_section_8.pdf,125,false,0,,true,no extractable text found on this page,no text layer; OCR required
65_hs1-834228961_62-hq-83894_section_8.pdf,126,false,0,,true,no extractable text found on this page,no text layer; OCR required
65_hs1-834228961_62-hq-83894_section_8.pdf,127,false,0,,true,no extractable text found on this page,no text layer; OCR required
65_hs1-834228961_62-hq-83894_section_8.pdf,128,false,0,,true,no extractable text found on this page,no text layer; OCR required
65_hs1-834228961_62-hq-83894_section_8.pdf,129,false,0,,true,no extractable text found on this page,no text layer; OCR required
65_hs1-834228961_62-hq-83894_section_8.pdf,130,false,0,,true,no extractable text found on this page,no text layer; OCR required
65_hs1-834228961_62-hq-83894_section_8.pdf,131,false,0,,true,no extractable text found on this page,no text layer; OCR required
65_hs1-834228961_62-hq-83894_section_8.pdf,132,false,0,,true,no extractable text found on this page,no text layer; OCR required
65_hs1-834228961_62-hq-83894_section_8.pdf,133,false,0,,true,no extractable text found on this page,no text layer; OCR required
65_hs1-834228961_62-hq-83894_section_8.pdf,134,false,0,,true,no extractable text found on this page,no text layer; OCR required
65_hs1-834228961_62-hq-83894_section_8.pdf,135,false,0,,true,no extractable text found on this page,no text layer; OCR required
65_hs1-834228961_62-hq-83894_section_8.pdf,136,false,0,,true,no extractable text found on this page,no text layer; OCR required
65_hs1-834228961_62-hq-83894_section_8.pdf,137,false,0,,true,no extractable text found on this page,no text layer; OCR required
65_hs1-834228961_62-hq-83894_section_8.pdf,138,false,0,,true,no extractable text found on this page,no text layer; OCR required
65_hs1-834228961_62-hq-83894_section_8.pdf,139,false,0,,true,no extractable text found on this page,no text layer; OCR required
65_hs1-834228961_62-hq-83894_section_8.pdf,140,false,0,,true,no extractable text found on this page,no text layer; OCR required
65_hs1-834228961_62-hq-83894_section_8.pdf,141,false,0,,true,no extractable text found on this page,no text layer; OCR required
65_hs1-834228961_62-hq-83894_section_8.pdf,142,false,0,,true,no extractable text found on this page,no text layer; OCR required
65_hs1-834228961_62-hq-83894_section_8.pdf,143,false,0,,true,no extractable text found on this page,no text layer; OCR required
65_hs1-834228961_62-hq-83894_section_8.pdf,144,false,0,,true,no extractable text found on this page,no text layer; OCR required
65_hs1-834228961_62-hq-83894_section_8.pdf,145,false,0,,true,no extractable text found on this page,no text layer; OCR required
65_hs1-834228961_62-hq-83894_section_8.pdf,146,false,0,,true,no extractable text found on this page,no text layer; OCR required
65_hs1-834228961_62-hq-83894_section_8.pdf,147,false,0,,true,no extractable text found on this page,no text layer; OCR required
65_hs1-834228961_62-hq-83894_section_8.pdf,148,false,0,,true,no extractable text found on this page,no text layer; OCR required
65_hs1-834228961_62-hq-83894_section_8.pdf,149,false,0,,true,no extractable text found on this page,no text layer; OCR required
65_hs1-834228961_62-hq-83894_section_8.pdf,150,false,0,,true,no extractable text found on this page,no text layer; OCR required
65_hs1-834228961_62-hq-83894_section_8.pdf,151,false,0,,true,no extractable text found on this page,no text layer; OCR required
65_hs1-834228961_62-hq-83894_section_8.pdf,152,false,0,,true,no extractable text found on this page,no text layer; OCR required
65_hs1-834228961_62-hq-83894_section_8.pdf,153,false,0,,true,no extractable text found on this page,no text layer; OCR required
65_hs1-834228961_62-hq-83894_section_8.pdf,154,false,0,,true,no extractable text found on this page,no text layer; OCR required
65_hs1-834228961_62-hq-83894_section_8.pdf,155,false,0,,true,no extractable text found on this page,no text layer; OCR required
65_hs1-834228961_62-hq-83894_section_8.pdf,156,false,0,,true,no extractable text found on this page,no text layer; OCR required
65_hs1-834228961_62-hq-83894_section_8.pdf,157,false,0,,true,no extractable text found on this page,no text layer; OCR required
65_hs1-834228961_62-hq-83894_section_8.pdf,158,false,0,,true,no extractable text found on this page,no text layer; OCR required
65_hs1-834228961_62-hq-83894_section_8.pdf,159,false,0,,true,no extractable text found on this page,no text layer; OCR required
65_hs1-834228961_62-hq-83894_section_8.pdf,160,false,0,,true,no extractable text found on this page,no text layer; OCR required
65_hs1-834228961_62-hq-83894_section_8.pdf,161,false,0,,true,no extractable text found on this page,no text layer; OCR required
65_hs1-834228961_62-hq-83894_section_8.pdf,162,false,0,,true,no extractable text found on this page,no text layer; OCR required
65_hs1-834228961_62-hq-83894_section_8.pdf,163,false,0,,true,no extractable text found on this page,no text layer; OCR required
65_hs1-834228961_62-hq-83894_section_8.pdf,164,false,0,,true,no extractable text found on this page,no text layer; OCR required
65_hs1-834228961_62-hq-83894_section_8.pdf,165,false,0,,true,no extractable text found on this page,no text layer; OCR required
65_hs1-834228961_62-hq-83894_section_8.pdf,166,false,0,,true,no extractable text found on this page,no text layer; OCR required
65_hs1-834228961_62-hq-83894_section_8.pdf,167,false,0,,true,no extractable text found on this page,no text layer; OCR required
65_hs1-834228961_62-hq-83894_section_8.pdf,168,false,0,,true,no extractable text found on this page,no text layer; OCR required
65_hs1-834228961_62-hq-83894_section_8.pdf,169,false,0,,true,no extractable text found on this page,no text layer; OCR required
65_hs1-834228961_62-hq-83894_section_8.pdf,170,false,0,,true,no extractable text found on this page,no text layer; OCR required
65_hs1-834228961_62-hq-83894_section_8.pdf,171,false,0,,true,no extractable text found on this page,no text layer; OCR required
65_hs1-834228961_62-hq-83894_section_8.pdf,172,false,0,,true,no extractable text found on this page,no text layer; OCR required
65_hs1-834228961_62-hq-83894_section_8.pdf,173,false,0,,true,no extractable text found on this page,no text layer; OCR required
65_hs1-834228961_62-hq-83894_section_8.pdf,174,false,0,,true,no extractable text found on this page,no text layer; OCR required
65_hs1-834228961_62-hq-83894_section_8.pdf,175,false,0,,true,no extractable text found on this page,no text layer; OCR required
65_hs1-834228961_62-hq-83894_section_8.pdf,176,false,0,,true,no extractable text found on this page,no text layer; OCR required
65_hs1-834228961_62-hq-83894_section_8.pdf,177,false,0,,true,no extractable text found on this page,no text layer; OCR required
65_hs1-834228961_62-hq-83894_section_8.pdf,178,false,0,,true,no extractable text found on this page,no text layer; OCR required
65_hs1-834228961_62-hq-83894_section_8.pdf,179,false,0,,true,no extractable text found on this page,no text layer; OCR required
65_hs1-834228961_62-hq-83894_section_8.pdf,180,false,0,,true,no extractable text found on this page,no text layer; OCR required
65_hs1-834228961_62-hq-83894_section_8.pdf,181,false,0,,true,no extractable text found on this page,no text layer; OCR required
65_hs1-834228961_62-hq-83894_section_8.pdf,182,false,0,,true,no extractable text found on this page,no text layer; OCR required
65_hs1-834228961_62-hq-83894_section_8.pdf,183,false,0,,true,no extractable text found on this page,no text layer; OCR required
65_hs1-834228961_62-hq-83894_section_8.pdf,184,false,0,,true,no extractable text found on this page,no text layer; OCR required
65_hs1-834228961_62-hq-83894_section_8.pdf,185,false,0,,true,no extractable text found on this page,no text layer; OCR required
65_hs1-834228961_62-hq-83894_section_8.pdf,186,false,0,,true,no extractable text found on this page,no text layer; OCR required
65_hs1-834228961_62-hq-83894_section_8.pdf,187,false,0,,true,no extractable text found on this page,no text layer; OCR required
65_hs1-834228961_62-hq-83894_section_8.pdf,188,false,0,,true,no extractable text found on this page,no text layer; OCR required
65_hs1-834228961_62-hq-83894_section_8.pdf,189,false,0,,true,no extractable text found on this page,no text layer; OCR required
65_hs1-834228961_62-hq-83894_section_8.pdf,190,false,0,,true,no extractable text found on this page,no text layer; OCR required
65_hs1-834228961_62-hq-83894_section_8.pdf,191,false,0,,true,no extractable text found on this page,no text layer; OCR required
65_hs1-834228961_62-hq-83894_section_8.pdf,192,false,0,,true,no extractable text found on this page,no text layer; OCR required
65_hs1-834228961_62-hq-83894_section_8.pdf,193,false,0,,true,no extractable text found on this page,no text layer; OCR required
65_hs1-834228961_62-hq-83894_section_8.pdf,194,false,0,,true,no extractable text found on this page,no text layer; OCR required
65_hs1-834228961_62-hq-83894_section_8.pdf,195,false,0,,true,no extractable text found on this page,no text layer; OCR required
65_hs1-834228961_62-hq-83894_section_8.pdf,196,false,0,,true,no extractable text found on this page,no text layer; OCR required
65_hs1-834228961_62-hq-83894_section_8.pdf,197,false,0,,true,no extractable text found on this page,no text layer; OCR required
65_hs1-834228961_62-hq-83894_section_8.pdf,198,false,0,,true,no extractable text found on this page,no text layer; OCR required
65_hs1-834228961_62-hq-83894_section_8.pdf,199,false,0,,true,no extractable text found on this page,no text layer; OCR required
65_hs1-834228961_62-hq-83894_section_8.pdf,200,false,0,,true,no extractable text found on this page,no text layer; OCR required
65_hs1-834228961_62-hq-83894_section_8.pdf,201,false,0,,true,no extractable text found on this page,no text layer; OCR required
65_hs1-834228961_62-hq-83894_section_8.pdf,202,false,0,,true,no extractable text found on this page,no text layer; OCR required
65_hs1-834228961_62-hq-83894_section_8.pdf,203,false,0,,true,no extractable text found on this page,no text layer; OCR required
65_hs1-834228961_62-hq-83894_section_8.pdf,204,false,0,,true,no extractable text found on this page,no text layer; OCR required
65_hs1-834228961_62-hq-83894_section_8.pdf,205,false,0,,true,no extractable text found on this page,no text layer; OCR required
65_hs1-834228961_62-hq-83894_section_8.pdf,206,false,0,,true,no extractable text found on this page,no text layer; OCR required
65_hs1-834228961_62-hq-83894_section_8.pdf,207,false,0,,true,no extractable text found on this page,no text layer; OCR required
65_hs1-834228961_62-hq-83894_section_8.pdf,208,false,0,,true,no extractable text found on this page,no text layer; OCR required
65_hs1-834228961_62-hq-83894_section_8.pdf,209,false,0,,true,no extractable text found on this page,no text layer; OCR required
65_hs1-834228961_62-hq-83894_section_8.pdf,210,false,0,,true,no extractable text found on this page,no text layer; OCR required
65_hs1-834228961_62-hq-83894_section_8.pdf,211,false,0,,true,no extractable text found on this page,no text layer; OCR required
65_hs1-834228961_62-hq-83894_section_8.pdf,212,false,0,,true,no extractable text found on this page,no text layer; OCR required
65_hs1-834228961_62-hq-83894_section_8.pdf,213,false,0,,true,no extractable text found on this page,no text layer; OCR required
65_hs1-834228961_62-hq-83894_section_8.pdf,214,false,0,,true,no extractable text found on this page,no text layer; OCR required
65_hs1-834228961_62-hq-83894_section_8.pdf,215,false,0,,true,no extractable text found on this page,no text layer; OCR required
65_hs1-834228961_62-hq-83894_section_8.pdf,216,false,0,,true,no extractable text found on this page,no text layer; OCR required
65_hs1-834228961_62-hq-83894_section_8.pdf,217,false,0,,true,no extractable text found on this page,no text layer; OCR required
65_hs1-834228961_62-hq-83894_section_9.pdf,1,false,0,,true,no extractable text found on this page,no text layer; OCR required
65_hs1-834228961_62-hq-83894_section_9.pdf,2,false,0,,true,no extractable text found on this page,no text layer; OCR required
65_hs1-834228961_62-hq-83894_section_9.pdf,3,false,0,,true,no extractable text found on this page,no text layer; OCR required
65_hs1-834228961_62-hq-83894_section_9.pdf,4,false,0,,true,no extractable text found on this page,no text layer; OCR required
65_hs1-834228961_62-hq-83894_section_9.pdf,5,false,0,,true,no extractable text found on this page,no text layer; OCR required
65_hs1-834228961_62-hq-83894_section_9.pdf,6,false,0,,true,no extractable text found on this page,no text layer; OCR required
65_hs1-834228961_62-hq-83894_section_9.pdf,7,false,0,,true,no extractable text found on this page,no text layer; OCR required
65_hs1-834228961_62-hq-83894_section_9.pdf,8,false,0,,true,no extractable text found on this page,no text layer; OCR required
65_hs1-834228961_62-hq-83894_section_9.pdf,9,false,0,,true,no extractable text found on this page,no text layer; OCR required
65_hs1-834228961_62-hq-83894_section_9.pdf,10,false,0,,true,no extractable text found on this page,no text layer; OCR required
65_hs1-834228961_62-hq-83894_section_9.pdf,11,false,0,,true,no extractable text found on this page,no text layer; OCR required
65_hs1-834228961_62-hq-83894_section_9.pdf,12,false,0,,true,no extractable text found on this page,no text layer; OCR required
65_hs1-834228961_62-hq-83894_section_9.pdf,13,false,0,,true,no extractable text found on this page,no text layer; OCR required
65_hs1-834228961_62-hq-83894_section_9.pdf,14,false,0,,true,no extractable text found on this page,no text layer; OCR required
65_hs1-834228961_62-hq-83894_section_9.pdf,15,false,0,,true,no extractable text found on this page,no text layer; OCR required
65_hs1-834228961_62-hq-83894_section_9.pdf,16,false,0,,true,no extractable text found on this page,no text layer; OCR required
65_hs1-834228961_62-hq-83894_section_9.pdf,17,false,0,,true,no extractable text found on this page,no text layer; OCR required
65_hs1-834228961_62-hq-83894_section_9.pdf,18,false,0,,true,no extractable text found on this page,no text layer; OCR required
65_hs1-834228961_62-hq-83894_section_9.pdf,19,false,0,,true,no extractable text found on this page,no text layer; OCR required
65_hs1-834228961_62-hq-83894_section_9.pdf,20,false,0,,true,no extractable text found on this page,no text layer; OCR required
65_hs1-834228961_62-hq-83894_section_9.pdf,21,false,0,,true,no extractable text found on this page,no text layer; OCR required
65_hs1-834228961_62-hq-83894_section_9.pdf,22,false,0,,true,no extractable text found on this page,no text layer; OCR required
65_hs1-834228961_62-hq-83894_section_9.pdf,23,false,0,,true,no extractable text found on this page,no text layer; OCR required
65_hs1-834228961_62-hq-83894_section_9.pdf,24,false,0,,true,no extractable text found on this page,no text layer; OCR required
65_hs1-834228961_62-hq-83894_section_9.pdf,25,false,0,,true,no extractable text found on this page,no text layer; OCR required
65_hs1-834228961_62-hq-83894_section_9.pdf,26,false,0,,true,no extractable text found on this page,no text layer; OCR required
65_hs1-834228961_62-hq-83894_section_9.pdf,27,false,0,,true,no extractable text found on this page,no text layer; OCR required
65_hs1-834228961_62-hq-83894_section_9.pdf,28,false,0,,true,no extractable text found on this page,no text layer; OCR required
65_hs1-834228961_62-hq-83894_section_9.pdf,29,false,0,,true,no extractable text found on this page,no text layer; OCR required
65_hs1-834228961_62-hq-83894_section_9.pdf,30,false,0,,true,no extractable text found on this page,no text layer; OCR required
65_hs1-834228961_62-hq-83894_section_9.pdf,31,false,0,,true,no extractable text found on this page,no text layer; OCR required
65_hs1-834228961_62-hq-83894_section_9.pdf,32,false,0,,true,no extractable text found on this page,no text layer; OCR required
65_hs1-834228961_62-hq-83894_section_9.pdf,33,false,0,,true,no extractable text found on this page,no text layer; OCR required
65_hs1-834228961_62-hq-83894_section_9.pdf,34,false,0,,true,no extractable text found on this page,no text layer; OCR required
65_hs1-834228961_62-hq-83894_section_9.pdf,35,false,0,,true,no extractable text found on this page,no text layer; OCR required
65_hs1-834228961_62-hq-83894_section_9.pdf,36,false,0,,true,no extractable text found on this page,no text layer; OCR required
65_hs1-834228961_62-hq-83894_section_9.pdf,37,false,0,,true,no extractable text found on this page,no text layer; OCR required
65_hs1-834228961_62-hq-83894_section_9.pdf,38,false,0,,true,no extractable text found on this page,no text layer; OCR required
65_hs1-834228961_62-hq-83894_section_9.pdf,39,false,0,,true,no extractable text found on this page,no text layer; OCR required
65_hs1-834228961_62-hq-83894_section_9.pdf,40,false,0,,true,no extractable text found on this page,no text layer; OCR required
65_hs1-834228961_62-hq-83894_section_9.pdf,41,false,0,,true,no extractable text found on this page,no text layer; OCR required
65_hs1-834228961_62-hq-83894_section_9.pdf,42,false,0,,true,no extractable text found on this page,no text layer; OCR required
65_hs1-834228961_62-hq-83894_section_9.pdf,43,false,0,,true,no extractable text found on this page,no text layer; OCR required
65_hs1-834228961_62-hq-83894_section_9.pdf,44,false,0,,true,no extractable text found on this page,no text layer; OCR required
65_hs1-834228961_62-hq-83894_section_9.pdf,45,false,0,,true,no extractable text found on this page,no text layer; OCR required
65_hs1-834228961_62-hq-83894_section_9.pdf,46,false,0,,true,no extractable text found on this page,no text layer; OCR required
65_hs1-834228961_62-hq-83894_section_9.pdf,47,false,0,,true,no extractable text found on this page,no text layer; OCR required
65_hs1-834228961_62-hq-83894_section_9.pdf,48,false,0,,true,no extractable text found on this page,no text layer; OCR required
65_hs1-834228961_62-hq-83894_section_9.pdf,49,false,0,,true,no extractable text found on this page,no text layer; OCR required
65_hs1-834228961_62-hq-83894_section_9.pdf,50,false,0,,true,no extractable text found on this page,no text layer; OCR required
65_hs1-834228961_62-hq-83894_section_9.pdf,51,false,0,,true,no extractable text found on this page,no text layer; OCR required
65_hs1-834228961_62-hq-83894_section_9.pdf,52,false,0,,true,no extractable text found on this page,no text layer; OCR required
65_hs1-834228961_62-hq-83894_section_9.pdf,53,false,0,,true,no extractable text found on this page,no text layer; OCR required
65_hs1-834228961_62-hq-83894_section_9.pdf,54,false,0,,true,no extractable text found on this page,no text layer; OCR required
65_hs1-834228961_62-hq-83894_section_9.pdf,55,false,0,,true,no extractable text found on this page,no text layer; OCR required
65_hs1-834228961_62-hq-83894_section_9.pdf,56,false,0,,true,no extractable text found on this page,no text layer; OCR required
65_hs1-834228961_62-hq-83894_section_9.pdf,57,false,0,,true,no extractable text found on this page,no text layer; OCR required
65_hs1-834228961_62-hq-83894_section_9.pdf,58,false,0,,true,no extractable text found on this page,no text layer; OCR required
65_hs1-834228961_62-hq-83894_section_9.pdf,59,false,0,,true,no extractable text found on this page,no text layer; OCR required
65_hs1-834228961_62-hq-83894_section_9.pdf,60,false,0,,true,no extractable text found on this page,no text layer; OCR required
65_hs1-834228961_62-hq-83894_section_9.pdf,61,false,0,,true,no extractable text found on this page,no text layer; OCR required
65_hs1-834228961_62-hq-83894_section_9.pdf,62,false,0,,true,no extractable text found on this page,no text layer; OCR required
65_hs1-834228961_62-hq-83894_section_9.pdf,63,false,0,,true,no extractable text found on this page,no text layer; OCR required
65_hs1-834228961_62-hq-83894_section_9.pdf,64,false,0,,true,no extractable text found on this page,no text layer; OCR required
65_hs1-834228961_62-hq-83894_section_9.pdf,65,false,0,,true,no extractable text found on this page,no text layer; OCR required
65_hs1-834228961_62-hq-83894_section_9.pdf,66,false,0,,true,no extractable text found on this page,no text layer; OCR required
65_hs1-834228961_62-hq-83894_section_9.pdf,67,false,0,,true,no extractable text found on this page,no text layer; OCR required
65_hs1-834228961_62-hq-83894_section_9.pdf,68,false,0,,true,no extractable text found on this page,no text layer; OCR required
65_hs1-834228961_62-hq-83894_section_9.pdf,69,false,0,,true,no extractable text found on this page,no text layer; OCR required
65_hs1-834228961_62-hq-83894_section_9.pdf,70,false,0,,true,no extractable text found on this page,no text layer; OCR required
65_hs1-834228961_62-hq-83894_section_9.pdf,71,false,0,,true,no extractable text found on this page,no text layer; OCR required
65_hs1-834228961_62-hq-83894_section_9.pdf,72,false,0,,true,no extractable text found on this page,no text layer; OCR required
65_hs1-834228961_62-hq-83894_section_9.pdf,73,false,0,,true,no extractable text found on this page,no text layer; OCR required
65_hs1-834228961_62-hq-83894_section_9.pdf,74,false,0,,true,no extractable text found on this page,no text layer; OCR required
65_hs1-834228961_62-hq-83894_section_9.pdf,75,false,0,,true,no extractable text found on this page,no text layer; OCR required
65_hs1-834228961_62-hq-83894_section_9.pdf,76,false,0,,true,no extractable text found on this page,no text layer; OCR required
65_hs1-834228961_62-hq-83894_section_9.pdf,77,false,0,,true,no extractable text found on this page,no text layer; OCR required
65_hs1-834228961_62-hq-83894_section_9.pdf,78,false,0,,true,no extractable text found on this page,no text layer; OCR required
65_hs1-834228961_62-hq-83894_section_9.pdf,79,false,0,,true,no extractable text found on this page,no text layer; OCR required
65_hs1-834228961_62-hq-83894_section_9.pdf,80,false,0,,true,no extractable text found on this page,no text layer; OCR required
65_hs1-834228961_62-hq-83894_section_9.pdf,81,false,0,,true,no extractable text found on this page,no text layer; OCR required
65_hs1-834228961_62-hq-83894_section_9.pdf,82,false,0,,true,no extractable text found on this page,no text layer; OCR required
65_hs1-834228961_62-hq-83894_section_9.pdf,83,false,0,,true,no extractable text found on this page,no text layer; OCR required
65_hs1-834228961_62-hq-83894_section_9.pdf,84,false,0,,true,no extractable text found on this page,no text layer; OCR required
65_hs1-834228961_62-hq-83894_section_9.pdf,85,false,0,,true,no extractable text found on this page,no text layer; OCR required
65_hs1-834228961_62-hq-83894_section_9.pdf,86,false,0,,true,no extractable text found on this page,no text layer; OCR required
65_hs1-834228961_62-hq-83894_section_9.pdf,87,false,0,,true,no extractable text found on this page,no text layer; OCR required
65_hs1-834228961_62-hq-83894_section_9.pdf,88,false,0,,true,no extractable text found on this page,no text layer; OCR required
65_hs1-834228961_62-hq-83894_section_9.pdf,89,false,0,,true,no extractable text found on this page,no text layer; OCR required
65_hs1-834228961_62-hq-83894_section_9.pdf,90,false,0,,true,no extractable text found on this page,no text layer; OCR required
65_hs1-834228961_62-hq-83894_section_9.pdf,91,false,0,,true,no extractable text found on this page,no text layer; OCR required
65_hs1-834228961_62-hq-83894_section_9.pdf,92,false,0,,true,no extractable text found on this page,no text layer; OCR required
65_hs1-834228961_62-hq-83894_section_9.pdf,93,false,0,,true,no extractable text found on this page,no text layer; OCR required
65_hs1-834228961_62-hq-83894_section_9.pdf,94,false,0,,true,no extractable text found on this page,no text layer; OCR required
65_hs1-834228961_62-hq-83894_section_9.pdf,95,false,0,,true,no extractable text found on this page,no text layer; OCR required
65_hs1-834228961_62-hq-83894_section_9.pdf,96,false,0,,true,no extractable text found on this page,no text layer; OCR required
65_hs1-834228961_62-hq-83894_section_9.pdf,97,false,0,,true,no extractable text found on this page,no text layer; OCR required
65_hs1-834228961_62-hq-83894_section_9.pdf,98,false,0,,true,no extractable text found on this page,no text layer; OCR required
65_hs1-834228961_62-hq-83894_section_9.pdf,99,false,0,,true,no extractable text found on this page,no text layer; OCR required
65_hs1-834228961_62-hq-83894_section_9.pdf,100,false,0,,true,no extractable text found on this page,no text layer; OCR required
65_hs1-834228961_62-hq-83894_section_9.pdf,101,false,0,,true,no extractable text found on this page,no text layer; OCR required
65_hs1-834228961_62-hq-83894_section_9.pdf,102,false,0,,true,no extractable text found on this page,no text layer; OCR required
65_hs1-834228961_62-hq-83894_section_9.pdf,103,false,0,,true,no extractable text found on this page,no text layer; OCR required
65_hs1-834228961_62-hq-83894_section_9.pdf,104,false,0,,true,no extractable text found on this page,no text layer; OCR required
65_hs1-834228961_62-hq-83894_section_9.pdf,105,false,0,,true,no extractable text found on this page,no text layer; OCR required
65_hs1-834228961_62-hq-83894_section_9.pdf,106,false,0,,true,no extractable text found on this page,no text layer; OCR required
65_hs1-834228961_62-hq-83894_section_9.pdf,107,false,0,,true,no extractable text found on this page,no text layer; OCR required
65_hs1-834228961_62-hq-83894_section_9.pdf,108,false,0,,true,no extractable text found on this page,no text layer; OCR required
65_hs1-834228961_62-hq-83894_section_9.pdf,109,false,0,,true,no extractable text found on this page,no text layer; OCR required
65_hs1-834228961_62-hq-83894_section_9.pdf,110,false,0,,true,no extractable text found on this page,no text layer; OCR required
65_hs1-834228961_62-hq-83894_section_9.pdf,111,false,0,,true,no extractable text found on this page,no text layer; OCR required
65_hs1-834228961_62-hq-83894_section_9.pdf,112,false,0,,true,no extractable text found on this page,no text layer; OCR required
65_hs1-834228961_62-hq-83894_section_9.pdf,113,false,0,,true,no extractable text found on this page,no text layer; OCR required
65_hs1-834228961_62-hq-83894_section_9.pdf,114,false,0,,true,no extractable text found on this page,no text layer; OCR required
65_hs1-834228961_62-hq-83894_section_9.pdf,115,false,0,,true,no extractable text found on this page,no text layer; OCR required
65_hs1-834228961_62-hq-83894_section_9.pdf,116,false,0,,true,no extractable text found on this page,no text layer; OCR required
65_hs1-834228961_62-hq-83894_section_9.pdf,117,false,0,,true,no extractable text found on this page,no text layer; OCR required
65_hs1-834228961_62-hq-83894_section_9.pdf,118,false,0,,true,no extractable text found on this page,no text layer; OCR required
65_hs1-834228961_62-hq-83894_section_9.pdf,119,false,0,,true,no extractable text found on this page,no text layer; OCR required
65_hs1-834228961_62-hq-83894_section_9.pdf,120,false,0,,true,no extractable text found on this page,no text layer; OCR required
65_hs1-834228961_62-hq-83894_section_9.pdf,121,false,0,,true,no extractable text found on this page,no text layer; OCR required
65_hs1-834228961_62-hq-83894_section_9.pdf,122,false,0,,true,no extractable text found on this page,no text layer; OCR required
65_hs1-834228961_62-hq-83894_section_9.pdf,123,false,0,,true,no extractable text found on this page,no text layer; OCR required
65_hs1-834228961_62-hq-83894_section_9.pdf,124,false,0,,true,no extractable text found on this page,no text layer; OCR required
65_hs1-834228961_62-hq-83894_section_9.pdf,125,false,0,,true,no extractable text found on this page,no text layer; OCR required
65_hs1-834228961_62-hq-83894_section_9.pdf,126,false,0,,true,no extractable text found on this page,no text layer; OCR required
65_hs1-834228961_62-hq-83894_section_9.pdf,127,false,0,,true,no extractable text found on this page,no text layer; OCR required
65_hs1-834228961_62-hq-83894_section_9.pdf,128,false,0,,true,no extractable text found on this page,no text layer; OCR required
65_hs1-834228961_62-hq-83894_section_9.pdf,129,false,0,,true,no extractable text found on this page,no text layer; OCR required
65_hs1-834228961_62-hq-83894_section_9.pdf,130,false,0,,true,no extractable text found on this page,no text layer; OCR required
65_hs1-834228961_62-hq-83894_section_9.pdf,131,false,0,,true,no extractable text found on this page,no text layer; OCR required
65_hs1-834228961_62-hq-83894_section_9.pdf,132,false,0,,true,no extractable text found on this page,no text layer; OCR required
65_hs1-834228961_62-hq-83894_section_9.pdf,133,false,0,,true,no extractable text found on this page,no text layer; OCR required
65_hs1-834228961_62-hq-83894_section_9.pdf,134,false,0,,true,no extractable text found on this page,no text layer; OCR required
65_hs1-834228961_62-hq-83894_section_9.pdf,135,false,0,,true,no extractable text found on this page,no text layer; OCR required
65_hs1-834228961_62-hq-83894_section_9.pdf,136,false,0,,true,no extractable text found on this page,no text layer; OCR required
65_hs1-834228961_62-hq-83894_section_9.pdf,137,false,0,,true,no extractable text found on this page,no text layer; OCR required
65_hs1-834228961_62-hq-83894_section_9.pdf,138,false,0,,true,no extractable text found on this page,no text layer; OCR required
65_hs1-834228961_62-hq-83894_section_9.pdf,139,false,0,,true,no extractable text found on this page,no text layer; OCR required
65_hs1-834228961_62-hq-83894_section_9.pdf,140,false,0,,true,no extractable text found on this page,no text layer; OCR required
65_hs1-834228961_62-hq-83894_section_9.pdf,141,false,0,,true,no extractable text found on this page,no text layer; OCR required
65_hs1-834228961_62-hq-83894_section_9.pdf,142,false,0,,true,no extractable text found on this page,no text layer; OCR required
65_hs1-834228961_62-hq-83894_section_9.pdf,143,false,0,,true,no extractable text found on this page,no text layer; OCR required
65_hs1-834228961_62-hq-83894_section_9.pdf,144,false,0,,true,no extractable text found on this page,no text layer; OCR required
65_hs1-834228961_62-hq-83894_section_9.pdf,145,false,0,,true,no extractable text found on this page,no text layer; OCR required
65_hs1-834228961_62-hq-83894_section_9.pdf,146,false,0,,true,no extractable text found on this page,no text layer; OCR required
65_hs1-834228961_62-hq-83894_section_9.pdf,147,false,0,,true,no extractable text found on this page,no text layer; OCR required
65_hs1-834228961_62-hq-83894_section_9.pdf,148,false,0,,true,no extractable text found on this page,no text layer; OCR required
65_hs1-834228961_62-hq-83894_section_9.pdf,149,false,0,,true,no extractable text found on this page,no text layer; OCR required
65_hs1-834228961_62-hq-83894_section_9.pdf,150,false,0,,true,no extractable text found on this page,no text layer; OCR required
65_hs1-834228961_62-hq-83894_section_9.pdf,151,false,0,,true,no extractable text found on this page,no text layer; OCR required
65_hs1-834228961_62-hq-83894_section_9.pdf,152,false,0,,true,no extractable text found on this page,no text layer; OCR required
65_hs1-834228961_62-hq-83894_section_9.pdf,153,false,0,,true,no extractable text found on this page,no text layer; OCR required
65_hs1-834228961_62-hq-83894_section_9.pdf,154,false,0,,true,no extractable text found on this page,no text layer; OCR required
65_hs1-834228961_62-hq-83894_section_9.pdf,155,false,0,,true,no extractable text found on this page,no text layer; OCR required
65_hs1-834228961_62-hq-83894_section_9.pdf,156,false,0,,true,no extractable text found on this page,no text layer; OCR required
65_hs1-834228961_62-hq-83894_section_9.pdf,157,false,0,,true,no extractable text found on this page,no text layer; OCR required
65_hs1-834228961_62-hq-83894_section_9.pdf,158,false,0,,true,no extractable text found on this page,no text layer; OCR required
65_hs1-834228961_62-hq-83894_section_9.pdf,159,false,0,,true,no extractable text found on this page,no text layer; OCR required
65_hs1-834228961_62-hq-83894_section_9.pdf,160,false,0,,true,no extractable text found on this page,no text layer; OCR required
65_hs1-834228961_62-hq-83894_section_9.pdf,161,false,0,,true,no extractable text found on this page,no text layer; OCR required
65_hs1-834228961_62-hq-83894_section_9.pdf,162,false,0,,true,no extractable text found on this page,no text layer; OCR required
65_hs1-834228961_62-hq-83894_section_9.pdf,163,false,0,,true,no extractable text found on this page,no text layer; OCR required
65_hs1-834228961_62-hq-83894_section_9.pdf,164,false,0,,true,no extractable text found on this page,no text layer; OCR required
65_hs1-834228961_62-hq-83894_section_9.pdf,165,false,0,,true,no extractable text found on this page,no text layer; OCR required
65_hs1-834228961_62-hq-83894_section_9.pdf,166,false,0,,true,no extractable text found on this page,no text layer; OCR required
65_hs1-834228961_62-hq-83894_section_9.pdf,167,false,0,,true,no extractable text found on this page,no text layer; OCR required
65_hs1-834228961_62-hq-83894_section_9.pdf,168,false,0,,true,no extractable text found on this page,no text layer; OCR required
65_hs1-834228961_62-hq-83894_section_9.pdf,169,false,0,,true,no extractable text found on this page,no text layer; OCR required
65_hs1-834228961_62-hq-83894_section_9.pdf,170,false,0,,true,no extractable text found on this page,no text layer; OCR required
65_hs1-834228961_62-hq-83894_section_9.pdf,171,false,0,,true,no extractable text found on this page,no text layer; OCR required
65_hs1-834228961_62-hq-83894_section_9.pdf,172,false,0,,true,no extractable text found on this page,no text layer; OCR required
65_hs1-834228961_62-hq-83894_section_9.pdf,173,false,0,,true,no extractable text found on this page,no text layer; OCR required
65_hs1-834228961_62-hq-83894_section_9.pdf,174,false,0,,true,no extractable text found on this page,no text layer; OCR required
65_hs1-834228961_62-hq-83894_section_9.pdf,175,false,0,,true,no extractable text found on this page,no text layer; OCR required
65_hs1-834228961_62-hq-83894_section_9.pdf,176,false,0,,true,no extractable text found on this page,no text layer; OCR required
65_hs1-834228961_62-hq-83894_section_9.pdf,177,false,0,,true,no extractable text found on this page,no text layer; OCR required
65_hs1-834228961_62-hq-83894_section_9.pdf,178,false,0,,true,no extractable text found on this page,no text layer; OCR required
65_hs1-834228961_62-hq-83894_section_9.pdf,179,false,0,,true,no extractable text found on this page,no text layer; OCR required
65_hs1-834228961_62-hq-83894_section_9.pdf,180,false,0,,true,no extractable text found on this page,no text layer; OCR required
65_hs1-834228961_62-hq-83894_section_9.pdf,181,false,0,,true,no extractable text found on this page,no text layer; OCR required
65_hs1-834228961_62-hq-83894_section_9.pdf,182,false,0,,true,no extractable text found on this page,no text layer; OCR required
65_hs1-834228961_62-hq-83894_section_9.pdf,183,false,0,,true,no extractable text found on this page,no text layer; OCR required
65_hs1-834228961_62-hq-83894_section_9.pdf,184,false,0,,true,no extractable text found on this page,no text layer; OCR required
65_hs1-834228961_62-hq-83894_section_9.pdf,185,false,0,,true,no extractable text found on this page,no text layer; OCR required
65_hs1-834228961_62-hq-83894_section_9.pdf,186,false,0,,true,no extractable text found on this page,no text layer; OCR required
65_hs1-834228961_62-hq-83894_section_9.pdf,187,false,0,,true,no extractable text found on this page,no text layer; OCR required
65_hs1-834228961_62-hq-83894_section_9.pdf,188,false,0,,true,no extractable text found on this page,no text layer; OCR required
65_hs1-834228961_62-hq-83894_section_9.pdf,189,false,0,,true,no extractable text found on this page,no text layer; OCR required
65_hs1-834228961_62-hq-83894_section_9.pdf,190,false,0,,true,no extractable text found on this page,no text layer; OCR required
65_hs1-834228961_62-hq-83894_section_9.pdf,191,false,0,,true,no extractable text found on this page,no text layer; OCR required
65_hs1-834228961_62-hq-83894_section_9.pdf,192,false,0,,true,no extractable text found on this page,no text layer; OCR required
65_hs1-834228961_62-hq-83894_section_9.pdf,193,false,0,,true,no extractable text found on this page,no text layer; OCR required
65_hs1-834228961_62-hq-83894_section_9.pdf,194,false,0,,true,no extractable text found on this page,no text layer; OCR required
65_hs1-834228961_62-hq-83894_section_9.pdf,195,false,0,,true,no extractable text found on this page,no text layer; OCR required
65_hs1-834228961_62-hq-83894_section_9.pdf,196,false,0,,true,no extractable text found on this page,no text layer; OCR required
65_hs1-834228961_62-hq-83894_section_9.pdf,197,false,0,,true,no extractable text found on this page,no text layer; OCR required
65_hs1-834228961_62-hq-83894_section_9.pdf,198,false,0,,true,no extractable text found on this page,no text layer; OCR required
65_hs1-834228961_62-hq-83894_section_9.pdf,199,false,0,,true,no extractable text found on this page,no text layer; OCR required
65_hs1-834228961_62-hq-83894_section_9.pdf,200,false,0,,true,no extractable text found on this page,no text layer; OCR required
65_hs1-834228961_62-hq-83894_section_9.pdf,201,false,0,,true,no extractable text found on this page,no text layer; OCR required
65_hs1-834228961_62-hq-83894_section_9.pdf,202,false,0,,true,no extractable text found on this page,no text layer; OCR required
65_hs1-834228961_62-hq-83894_section_9.pdf,203,false,0,,true,no extractable text found on this page,no text layer; OCR required
65_hs1-834228961_62-hq-83894_section_9.pdf,204,false,0,,true,no extractable text found on this page,no text layer; OCR required
65_hs1-834228961_62-hq-83894_section_9.pdf,205,false,0,,true,no extractable text found on this page,no text layer; OCR required
65_hs1-834228961_62-hq-83894_section_9.pdf,206,false,0,,true,no extractable text found on this page,no text layer; OCR required
65_hs1-834228961_62-hq-83894_section_9.pdf,207,false,0,,true,no extractable text found on this page,no text layer; OCR required
65_hs1-834228961_62-hq-83894_section_9.pdf,208,false,0,,true,no extractable text found on this page,no text layer; OCR required
65_hs1-834228961_62-hq-83894_section_9.pdf,209,false,0,,true,no extractable text found on this page,no text layer; OCR required
65_hs1-834228961_62-hq-83894_section_9.pdf,210,false,0,,true,no extractable text found on this page,no text layer; OCR required
65_hs1-834228961_62-hq-83894_section_9.pdf,211,false,0,,true,no extractable text found on this page,no text layer; OCR required
65_hs1-834228961_62-hq-83894_section_9.pdf,212,false,0,,true,no extractable text found on this page,no text layer; OCR required
65_hs1-834228961_62-hq-83894_section_9.pdf,213,false,0,,true,no extractable text found on this page,no text layer; OCR required
65_hs1-834228961_62-hq-83894_section_9.pdf,214,false,0,,true,no extractable text found on this page,no text layer; OCR required
65_hs1-834228961_62-hq-83894_section_9.pdf,215,false,0,,true,no extractable text found on this page,no text layer; OCR required
65_hs1-834228961_62-hq-83894_section_9.pdf,216,false,0,,true,no extractable text found on this page,no text layer; OCR required
65_hs1-834228961_62-hq-83894_section_9.pdf,217,false,0,,true,no extractable text found on this page,no text layer; OCR required
65_hs1-834228961_62-hq-83894_section_9.pdf,218,false,0,,true,no extractable text found on this page,no text layer; OCR required
65_hs1-834228961_62-hq-83894_section_9.pdf,219,false,0,,true,no extractable text found on this page,no text layer; OCR required
65_hs1-834228961_62-hq-83894_section_9.pdf,220,false,0,,true,no extractable text found on this page,no text layer; OCR required
65_hs1-834228961_62-hq-83894_section_9.pdf,221,false,0,,true,no extractable text found on this page,no text layer; OCR required
65_hs1-834228961_62-hq-83894_section_9.pdf,222,false,0,,true,no extractable text found on this page,no text layer; OCR required
65_hs1-834228961_62-hq-83894_section_9.pdf,223,false,0,,true,no extractable text found on this page,no text layer; OCR required
65_hs1-834228961_62-hq-83894_section_9.pdf,224,false,0,,true,no extractable text found on this page,no text layer; OCR required
65_hs1-834228961_62-hq-83894_section_9.pdf,225,false,0,,true,no extractable text found on this page,no text layer; OCR required
65_hs1-834228961_62-hq-83894_section_9.pdf,226,false,0,,true,no extractable text found on this page,no text layer; OCR required
65_hs1-834228961_62-hq-83894_section_9.pdf,227,false,0,,true,no extractable text found on this page,no text layer; OCR required
65_hs1-834228961_62-hq-83894_section_9.pdf,228,false,0,,true,no extractable text found on this page,no text layer; OCR required
65_hs1-834228961_62-hq-83894_section_9.pdf,229,false,0,,true,no extractable text found on this page,no text layer; OCR required
65_hs1-834228961_62-hq-83894_section_9.pdf,230,false,0,,true,no extractable text found on this page,no text layer; OCR required
65_hs1-834228961_62-hq-83894_section_9.pdf,231,false,0,,true,no extractable text found on this page,no text layer; OCR required
65_hs1-834228961_62-hq-83894_section_9.pdf,232,false,0,,true,no extractable text found on this page,no text layer; OCR required
65_hs1-834228961_62-hq-83894_section_9.pdf,233,false,0,,true,no extractable text found on this page,no text layer; OCR required
65_hs1-834228961_62-hq-83894_section_9.pdf,234,false,0,,true,no extractable text found on this page,no text layer; OCR required
65_hs1-834228961_62-hq-83894_section_9.pdf,235,false,0,,true,no extractable text found on this page,no text layer; OCR required
65_hs1-834228961_62-hq-83894_section_9.pdf,236,false,0,,true,no extractable text found on this page,no text layer; OCR required
65_hs1-834228961_62-hq-83894_section_9.pdf,237,false,0,,true,no extractable text found on this page,no text layer; OCR required
65_hs1-834228961_62-hq-83894_section_9.pdf,238,false,0,,true,no extractable text found on this page,no text layer; OCR required
65_hs1-834228961_62-hq-83894_section_9.pdf,239,false,0,,true,no extractable text found on this page,no text layer; OCR required
65_hs1-834228961_62-hq-83894_section_9.pdf,240,false,0,,true,no extractable text found on this page,no text layer; OCR required
65_hs1-834228961_62-hq-83894_section_9.pdf,241,false,0,,true,no extractable text found on this page,no text layer; OCR required
65_hs1-834228961_62-hq-83894_section_9.pdf,242,false,0,,true,no extractable text found on this page,no text layer; OCR required
65_hs1-834228961_62-hq-83894_section_9.pdf,243,false,0,,true,no extractable text found on this page,no text layer; OCR required
65_hs1-834228961_62-hq-83894_section_9.pdf,244,false,0,,true,no extractable text found on this page,no text layer; OCR required
65_hs1-834228961_62-hq-83894_section_9.pdf,245,false,0,,true,no extractable text found on this page,no text layer; OCR required
65_hs1-834228961_62-hq-83894_section_9.pdf,246,false,0,,true,no extractable text found on this page,no text layer; OCR required
65_hs1-834228961_62-hq-83894_section_9.pdf,247,false,0,,true,no extractable text found on this page,no text layer; OCR required
65_hs1-834228961_62-hq-83894_section_9.pdf,248,false,0,,true,no extractable text found on this page,no text layer; OCR required
65_hs1-834228961_62-hq-83894_section_9.pdf,249,false,0,,true,no extractable text found on this page,no text layer; OCR required
65_hs1-834228961_62-hq-83894_section_9.pdf,250,false,0,,true,no extractable text found on this page,no text layer; OCR required
65_hs1-834228961_62-hq-83894_section_9.pdf,251,false,0,,true,no extractable text found on this page,no text layer; OCR required
65_hs1-834228961_62-hq-83894_section_9.pdf,252,false,0,,true,no extractable text found on this page,no text layer; OCR required
65_hs1-834228961_62-hq-83894_section_9.pdf,253,false,0,,true,no extractable text found on this page,no text layer; OCR required
65_hs1-834228961_62-hq-83894_section_9.pdf,254,false,0,,true,no extractable text found on this page,no text layer; OCR required
65_hs1-834228961_62-hq-83894_section_9.pdf,255,false,0,,true,no extractable text found on this page,no text layer; OCR required
65_hs1-834228961_62-hq-83894_section_9.pdf,256,false,0,,true,no extractable text found on this page,no text layer; OCR required
65_hs1-834228961_62-hq-83894_section_9.pdf,257,false,0,,true,no extractable text found on this page,no text layer; OCR required
65_hs1-834228961_62-hq-83894_section_9.pdf,258,false,0,,true,no extractable text found on this page,no text layer; OCR required
65_hs1-834228961_62-hq-83894_section_9.pdf,259,false,0,,true,no extractable text found on this page,no text layer; OCR required
65_hs1-834228961_62-hq-83894_section_9.pdf,260,false,0,,true,no extractable text found on this page,no text layer; OCR required
65_hs1-834228961_62-hq-83894_section_9.pdf,261,false,0,,true,no extractable text found on this page,no text layer; OCR required
65_hs1-834228961_62-hq-83894_section_9.pdf,262,false,0,,true,no extractable text found on this page,no text layer; OCR required
65_hs1-834228961_62-hq-83894_section_9.pdf,263,false,0,,true,no extractable text found on this page,no text layer; OCR required
65_hs1-834228961_62-hq-83894_section_9.pdf,264,false,0,,true,no extractable text found on this page,no text layer; OCR required
65_hs1-834228961_62-hq-83894_section_9.pdf,265,false,0,,true,no extractable text found on this page,no text layer; OCR required
65_hs1-834228961_62-hq-83894_section_9.pdf,266,false,0,,true,no extractable text found on this page,no text layer; OCR required
65_hs1-834228961_62-hq-83894_section_9.pdf,267,false,0,,true,no extractable text found on this page,no text layer; OCR required
65_hs1-834228961_62-hq-83894_section_9.pdf,268,false,0,,true,no extractable text found on this page,no text layer; OCR required
65_hs1-834228961_62-hq-83894_section_9.pdf,269,false,0,,true,no extractable text found on this page,no text layer; OCR required
65_hs1-834228961_62-hq-83894_section_9.pdf,270,false,0,,true,no extractable text found on this page,no text layer; OCR required
65_hs1-834228961_62-hq-83894_section_9.pdf,271,false,0,,true,no extractable text found on this page,no text layer; OCR required
65_hs1-834228961_62-hq-83894_section_9.pdf,272,false,0,,true,no extractable text found on this page,no text layer; OCR required
65_hs1-834228961_62-hq-83894_section_9.pdf,273,false,0,,true,no extractable text found on this page,no text layer; OCR required
65_hs1-834228961_62-hq-83894_section_9.pdf,274,false,0,,true,no extractable text found on this page,no text layer; OCR required
65_hs1-834228961_62-hq-83894_section_9.pdf,275,false,0,,true,no extractable text found on this page,no text layer; OCR required
65_hs1-834228961_62-hq-83894_section_9.pdf,276,false,0,,true,no extractable text found on this page,no text layer; OCR required
65_hs1-834228961_62-hq-83894_section_9.pdf,277,false,0,,true,no extractable text found on this page,no text layer; OCR required
65_hs1-834228961_62-hq-83894_section_9.pdf,278,false,0,,true,no extractable text found on this page,no text layer; OCR required
65_hs1-834228961_62-hq-83894_section_9.pdf,279,false,0,,true,no extractable text found on this page,no text layer; OCR required
65_hs1-834228961_62-hq-83894_section_9.pdf,280,false,0,,true,no extractable text found on this page,no text layer; OCR required
65_hs1-834228961_62-hq-83894_section_9.pdf,281,false,0,,true,no extractable text found on this page,no text layer; OCR required
65_hs1-834228961_62-hq-83894_section_9.pdf,282,false,0,,true,no extractable text found on this page,no text layer; OCR required
65_hs1-834228961_62-hq-83894_section_9.pdf,283,false,0,,true,no extractable text found on this page,no text layer; OCR required
65_hs1-834228961_62-hq-83894_section_9.pdf,284,false,0,,true,no extractable text found on this page,no text layer; OCR required
65_hs1-834228961_62-hq-83894_section_9.pdf,285,false,0,,true,no extractable text found on this page,no text layer; OCR required
65_hs1-834228961_62-hq-83894_section_9.pdf,286,false,0,,true,no extractable text found on this page,no text layer; OCR required
65_hs1-834228961_62-hq-83894_section_9.pdf,287,false,0,,true,no extractable text found on this page,no text layer; OCR required
65_hs1-834228961_62-hq-83894_section_9.pdf,288,false,0,,true,no extractable text found on this page,no text layer; OCR required
65_hs1-834228961_62-hq-83894_section_9.pdf,289,false,0,,true,no extractable text found on this page,no text layer; OCR required
65_hs1-834228961_62-hq-83894_section_9.pdf,290,false,0,,true,no extractable text found on this page,no text layer; OCR required
65_hs1-834228961_62-hq-83894_serial_130.pdf,1,false,0,,true,no extractable text found on this page,no text layer; OCR required
65_hs1-834228961_62-hq-83894_serial_130.pdf,2,false,0,,true,no extractable text found on this page,no text layer; OCR required
65_hs1-834228961_62-hq-83894_serial_130.pdf,3,false,0,,true,no extractable text found on this page,no text layer; OCR required
65_hs1-834228961_62-hq-83894_serial_130.pdf,4,false,0,,true,no extractable text found on this page,no text layer; OCR required
65_hs1-834228961_62-hq-83894_serial_130.pdf,5,false,0,,true,no extractable text found on this page,no text layer; OCR required
65_hs1-834228961_62-hq-83894_serial_130.pdf,6,false,0,,true,no extractable text found on this page,no text layer; OCR required
65_hs1-834228961_62-hq-83894_serial_130.pdf,7,false,0,,true,no extractable text found on this page,no text layer; OCR required
65_hs1-834228961_62-hq-83894_serial_130.pdf,8,false,0,,true,no extractable text found on this page,no text layer; OCR required
65_hs1-834228961_62-hq-83894_serial_130.pdf,9,false,0,,true,no extractable text found on this page,no text layer; OCR required
65_hs1-834228961_62-hq-83894_serial_130.pdf,10,false,0,,true,no extractable text found on this page,no text layer; OCR required
65_hs1-834228961_62-hq-83894_serial_130.pdf,11,false,0,,true,no extractable text found on this page,no text layer; OCR required
65_hs1-834228961_62-hq-83894_serial_130.pdf,12,false,0,,true,no extractable text found on this page,no text layer; OCR required
65_hs1-834228961_62-hq-83894_serial_130.pdf,13,false,0,,true,no extractable text found on this page,no text layer; OCR required
65_hs1-834228961_62-hq-83894_serial_130.pdf,14,false,0,,true,no extractable text found on this page,no text layer; OCR required
65_hs1-834228961_62-hq-83894_serial_130.pdf,15,false,0,,true,no extractable text found on this page,no text layer; OCR required
65_hs1-834228961_62-hq-83894_serial_130.pdf,16,false,0,,true,no extractable text found on this page,no text layer; OCR required
65_hs1-834228961_62-hq-83894_serial_130.pdf,17,false,0,,true,no extractable text found on this page,no text layer; OCR required
65_hs1-834228961_62-hq-83894_serial_130.pdf,18,false,0,,true,no extractable text found on this page,no text layer; OCR required
65_hs1-834228961_62-hq-83894_serial_130.pdf,19,false,0,,true,no extractable text found on this page,no text layer; OCR required
65_hs1-834228961_62-hq-83894_serial_130.pdf,20,false,0,,true,no extractable text found on this page,no text layer; OCR required
65_hs1-834228961_62-hq-83894_serial_130.pdf,21,false,0,,true,no extractable text found on this page,no text layer; OCR required
65_hs1-834228961_62-hq-83894_serial_130.pdf,22,false,0,,true,no extractable text found on this page,no text layer; OCR required
65_hs1-834228961_62-hq-83894_serial_130.pdf,23,false,0,,true,no extractable text found on this page,no text layer; OCR required
65_hs1-834228961_62-hq-83894_serial_130.pdf,24,false,0,,true,no extractable text found on this page,no text layer; OCR required
65_hs1-834228961_62-hq-83894_serial_130.pdf,25,false,0,,true,no extractable text found on this page,no text layer; OCR required
65_hs1-834228961_62-hq-83894_serial_130.pdf,26,false,0,,true,no extractable text found on this page,no text layer; OCR required
65_hs1-834228961_62-hq-83894_serial_130.pdf,27,false,0,,true,no extractable text found on this page,no text layer; OCR required
65_hs1-834228961_62-hq-83894_serial_130.pdf,28,false,0,,true,no extractable text found on this page,no text layer; OCR required
65_hs1-834228961_62-hq-83894_serial_130.pdf,29,false,0,,true,no extractable text found on this page,no text layer; OCR required
65_hs1-834228961_62-hq-83894_serial_130.pdf,30,false,0,,true,no extractable text found on this page,no text layer; OCR required
65_hs1-834228961_62-hq-83894_serial_130.pdf,31,false,0,,true,no extractable text found on this page,no text layer; OCR required
65_hs1-834228961_62-hq-83894_serial_130.pdf,32,false,0,,true,no extractable text found on this page,no text layer; OCR required
65_hs1-834228961_62-hq-83894_serial_130.pdf,33,false,0,,true,no extractable text found on this page,no text layer; OCR required
65_hs1-834228961_62-hq-83894_serial_130.pdf,34,false,0,,true,no extractable text found on this page,no text layer; OCR required
65_hs1-834228961_62-hq-83894_serial_130.pdf,35,false,0,,true,no extractable text found on this page,no text layer; OCR required
65_hs1-834228961_62-hq-83894_serial_130.pdf,36,false,0,,true,no extractable text found on this page,no text layer; OCR required
65_hs1-834228961_62-hq-83894_serial_130.pdf,37,false,0,,true,no extractable text found on this page,no text layer; OCR required
65_hs1-834228961_62-hq-83894_serial_130.pdf,38,false,0,,true,no extractable text found on this page,no text layer; OCR required
65_hs1-834228961_62-hq-83894_serial_130.pdf,39,false,0,,true,no extractable text found on this page,no text layer; OCR required
65_hs1-834228961_62-hq-83894_serial_130.pdf,40,false,0,,true,no extractable text found on this page,no text layer; OCR required
65_hs1-834228961_62-hq-83894_serial_130.pdf,41,false,0,,true,no extractable text found on this page,no text layer; OCR required
65_hs1-834228961_62-hq-83894_serial_130.pdf,42,false,0,,true,no extractable text found on this page,no text layer; OCR required
65_hs1-834228961_62-hq-83894_serial_130.pdf,43,false,0,,true,no extractable text found on this page,no text layer; OCR required
65_hs1-834228961_62-hq-83894_serial_130.pdf,44,false,0,,true,no extractable text found on this page,no text layer; OCR required
65_hs1-834228961_62-hq-83894_serial_130.pdf,45,false,0,,true,no extractable text found on this page,no text layer; OCR required
65_hs1-834228961_62-hq-83894_serial_130.pdf,46,false,0,,true,no extractable text found on this page,no text layer; OCR required
65_hs1-834228961_62-hq-83894_serial_130.pdf,47,false,0,,true,no extractable text found on this page,no text layer; OCR required
65_hs1-834228961_62-hq-83894_serial_130.pdf,48,false,0,,true,no extractable text found on this page,no text layer; OCR required
65_hs1-834228961_62-hq-83894_serial_130.pdf,49,false,0,,true,no extractable text found on this page,no text layer; OCR required
65_hs1-834228961_62-hq-83894_serial_130.pdf,50,false,0,,true,no extractable text found on this page,no text layer; OCR required
65_hs1-834228961_62-hq-83894_serial_130.pdf,51,false,0,,true,no extractable text found on this page,no text layer; OCR required
65_hs1-834228961_62-hq-83894_serial_130.pdf,52,false,0,,true,no extractable text found on this page,no text layer; OCR required
65_hs1-834228961_62-hq-83894_serial_130.pdf,53,false,0,,true,no extractable text found on this page,no text layer; OCR required
65_hs1-834228961_62-hq-83894_serial_130.pdf,54,false,0,,true,no extractable text found on this page,no text layer; OCR required
65_hs1-834228961_62-hq-83894_serial_130.pdf,55,false,0,,true,no extractable text found on this page,no text layer; OCR required
65_hs1-834228961_62-hq-83894_serial_130.pdf,56,false,0,,true,no extractable text found on this page,no text layer; OCR required
65_hs1-834228961_62-hq-83894_serial_130.pdf,57,false,0,,true,no extractable text found on this page,no text layer; OCR required
65_hs1-834228961_62-hq-83894_serial_130.pdf,58,false,0,,true,no extractable text found on this page,no text layer; OCR required
65_hs1-834228961_62-hq-83894_serial_130.pdf,59,false,0,,true,no extractable text found on this page,no text layer; OCR required
65_hs1-834228961_62-hq-83894_serial_130.pdf,60,false,0,,true,no extractable text found on this page,no text layer; OCR required
65_hs1-834228961_62-hq-83894_serial_130.pdf,61,false,0,,true,no extractable text found on this page,no text layer; OCR required
65_hs1-834228961_62-hq-83894_serial_130.pdf,62,false,0,,true,no extractable text found on this page,no text layer; OCR required
65_hs1-834228961_62-hq-83894_serial_130.pdf,63,false,0,,true,no extractable text found on this page,no text layer; OCR required
65_hs1-834228961_62-hq-83894_serial_130.pdf,64,false,0,,true,no extractable text found on this page,no text layer; OCR required
65_hs1-834228961_62-hq-83894_serial_130.pdf,65,false,0,,true,no extractable text found on this page,no text layer; OCR required
65_hs1-834228961_62-hq-83894_serial_130.pdf,66,false,0,,true,no extractable text found on this page,no text layer; OCR required
65_hs1-834228961_62-hq-83894_serial_130.pdf,67,false,0,,true,no extractable text found on this page,no text layer; OCR required
65_hs1-834228961_62-hq-83894_serial_130.pdf,68,false,0,,true,no extractable text found on this page,no text layer; OCR required
65_hs1-834228961_62-hq-83894_serial_130.pdf,69,false,0,,true,no extractable text found on this page,no text layer; OCR required
65_hs1-834228961_62-hq-83894_serial_130.pdf,70,false,0,,true,no extractable text found on this page,no text layer; OCR required
65_hs1-834228961_62-hq-83894_serial_130.pdf,71,false,0,,true,no extractable text found on this page,no text layer; OCR required
65_hs1-834228961_62-hq-83894_serial_130.pdf,72,false,0,,true,no extractable text found on this page,no text layer; OCR required
65_hs1-834228961_62-hq-83894_serial_130.pdf,73,false,0,,true,no extractable text found on this page,no text layer; OCR required
65_hs1-834228961_62-hq-83894_serial_130.pdf,74,false,0,,true,no extractable text found on this page,no text layer; OCR required
65_hs1-834228961_62-hq-83894_serial_130.pdf,75,false,0,,true,no extractable text found on this page,no text layer; OCR required
65_hs1-834228961_62-hq-83894_serial_130.pdf,76,false,0,,true,no extractable text found on this page,no text layer; OCR required
65_hs1-834228961_62-hq-83894_serial_130.pdf,77,false,0,,true,no extractable text found on this page,no text layer; OCR required
65_hs1-834228961_62-hq-83894_serial_130.pdf,78,false,0,,true,no extractable text found on this page,no text layer; OCR required
65_hs1-834228961_62-hq-83894_serial_130.pdf,79,false,0,,true,no extractable text found on this page,no text layer; OCR required
65_hs1-834228961_62-hq-83894_serial_130.pdf,80,false,0,,true,no extractable text found on this page,no text layer; OCR required
65_hs1-834228961_62-hq-83894_serial_130.pdf,81,false,0,,true,no extractable text found on this page,no text layer; OCR required
65_hs1-834228961_62-hq-83894_serial_130.pdf,82,false,0,,true,no extractable text found on this page,no text layer; OCR required
65_hs1-834228961_62-hq-83894_serial_130.pdf,83,false,0,,true,no extractable text found on this page,no text layer; OCR required
65_hs1-834228961_62-hq-83894_serial_130.pdf,84,false,0,,true,no extractable text found on this page,no text layer; OCR required
65_hs1-834228961_62-hq-83894_serial_130.pdf,85,false,0,,true,no extractable text found on this page,no text layer; OCR required
65_hs1-834228961_62-hq-83894_serial_130.pdf,86,false,0,,true,no extractable text found on this page,no text layer; OCR required
65_hs1-834228961_62-hq-83894_serial_130.pdf,87,false,0,,true,no extractable text found on this page,no text layer; OCR required
65_hs1-834228961_62-hq-83894_serial_130.pdf,88,false,0,,true,no extractable text found on this page,no text layer; OCR required
65_hs1-834228961_62-hq-83894_serial_130.pdf,89,false,0,,true,no extractable text found on this page,no text layer; OCR required
65_hs1-834228961_62-hq-83894_serial_130.pdf,90,false,0,,true,no extractable text found on this page,no text layer; OCR required
65_hs1-834228961_62-hq-83894_serial_130.pdf,91,false,0,,true,no extractable text found on this page,no text layer; OCR required
65_hs1-834228961_62-hq-83894_serial_130.pdf,92,false,0,,true,no extractable text found on this page,no text layer; OCR required
65_hs1-834228961_62-hq-83894_serial_130.pdf,93,false,0,,true,no extractable text found on this page,no text layer; OCR required
65_hs1-834228961_62-hq-83894_serial_130.pdf,94,false,0,,true,no extractable text found on this page,no text layer; OCR required
65_hs1-834228961_62-hq-83894_serial_130.pdf,95,false,0,,true,no extractable text found on this page,no text layer; OCR required
65_hs1-834228961_62-hq-83894_serial_130.pdf,96,false,0,,true,no extractable text found on this page,no text layer; OCR required
65_hs1-834228961_62-hq-83894_serial_130.pdf,97,false,0,,true,no extractable text found on this page,no text layer; OCR required
65_hs1-834228961_62-hq-83894_serial_130.pdf,98,false,0,,true,no extractable text found on this page,no text layer; OCR required
65_hs1-834228961_62-hq-83894_serial_130.pdf,99,false,0,,true,no extractable text found on this page,no text layer; OCR required
65_hs1-834228961_62-hq-83894_serial_130.pdf,100,false,0,,true,no extractable text found on this page,no text layer; OCR required
65_hs1-834228961_62-hq-83894_serial_130.pdf,101,false,0,,true,no extractable text found on this page,no text layer; OCR required
65_hs1-834228961_62-hq-83894_serial_130.pdf,102,false,0,,true,no extractable text found on this page,no text layer; OCR required
65_hs1-834228961_62-hq-83894_serial_130.pdf,103,false,0,,true,no extractable text found on this page,no text layer; OCR required
65_hs1-834228961_62-hq-83894_serial_130.pdf,104,false,0,,true,no extractable text found on this page,no text layer; OCR required
65_hs1-834228961_62-hq-83894_serial_130.pdf,105,false,0,,true,no extractable text found on this page,no text layer; OCR required
65_hs1-834228961_62-hq-83894_serial_130.pdf,106,false,0,,true,no extractable text found on this page,no text layer; OCR required
65_hs1-834228961_62-hq-83894_serial_130.pdf,107,false,0,,true,no extractable text found on this page,no text layer; OCR required
65_hs1-834228961_62-hq-83894_serial_130.pdf,108,false,0,,true,no extractable text found on this page,no text layer; OCR required
65_hs1-834228961_62-hq-83894_serial_130.pdf,109,false,0,,true,no extractable text found on this page,no text layer; OCR required
65_hs1-834228961_62-hq-83894_serial_130.pdf,110,false,0,,true,no extractable text found on this page,no text layer; OCR required
65_hs1-834228961_62-hq-83894_serial_130.pdf,111,false,0,,true,no extractable text found on this page,no text layer; OCR required
65_hs1-834228961_62-hq-83894_serial_130.pdf,112,false,0,,true,no extractable text found on this page,no text layer; OCR required
65_hs1-834228961_62-hq-83894_serial_130.pdf,113,false,0,,true,no extractable text found on this page,no text layer; OCR required
65_hs1-834228961_62-hq-83894_serial_130.pdf,114,false,0,,true,no extractable text found on this page,no text layer; OCR required
65_hs1-834228961_62-hq-83894_serial_130.pdf,115,false,0,,true,no extractable text found on this page,no text layer; OCR required
65_hs1-834228961_62-hq-83894_serial_130.pdf,116,false,0,,true,no extractable text found on this page,no text layer; OCR required
65_hs1-834228961_62-hq-83894_serial_130.pdf,117,false,0,,true,no extractable text found on this page,no text layer; OCR required
65_hs1-834228961_62-hq-83894_serial_130.pdf,118,false,0,,true,no extractable text found on this page,no text layer; OCR required
65_hs1-834228961_62-hq-83894_serial_130.pdf,119,false,0,,true,no extractable text found on this page,no text layer; OCR required
65_hs1-834228961_62-hq-83894_serial_130.pdf,120,false,0,,true,no extractable text found on this page,no text layer; OCR required
65_hs1-834228961_62-hq-83894_serial_130.pdf,121,false,0,,true,no extractable text found on this page,no text layer; OCR required
65_hs1-834228961_62-hq-83894_serial_130.pdf,122,false,0,,true,no extractable text found on this page,no text layer; OCR required
65_hs1-834228961_62-hq-83894_serial_130.pdf,123,false,0,,true,no extractable text found on this page,no text layer; OCR required
65_hs1-834228961_62-hq-83894_serial_130.pdf,124,false,0,,true,no extractable text found on this page,no text layer; OCR required
65_hs1-834228961_62-hq-83894_serial_130.pdf,125,false,0,,true,no extractable text found on this page,no text layer; OCR required
65_hs1-834228961_62-hq-83894_serial_130.pdf,126,false,0,,true,no extractable text found on this page,no text layer; OCR required
65_hs1-834228961_62-hq-83894_serial_153.pdf,1,false,0,,true,no extractable text found on this page,no text layer; OCR required
65_hs1-834228961_62-hq-83894_serial_153.pdf,2,false,0,,true,no extractable text found on this page,no text layer; OCR required
65_hs1-834228961_62-hq-83894_serial_153.pdf,3,false,0,,true,no extractable text found on this page,no text layer; OCR required
65_hs1-834228961_62-hq-83894_serial_153.pdf,4,false,0,,true,no extractable text found on this page,no text layer; OCR required
65_hs1-834228961_62-hq-83894_serial_153.pdf,5,false,0,,true,no extractable text found on this page,no text layer; OCR required
65_hs1-834228961_62-hq-83894_serial_153.pdf,6,false,0,,true,no extractable text found on this page,no text layer; OCR required
65_hs1-834228961_62-hq-83894_serial_153.pdf,7,false,0,,true,no extractable text found on this page,no text layer; OCR required
65_hs1-834228961_62-hq-83894_serial_153.pdf,8,false,0,,true,no extractable text found on this page,no text layer; OCR required
65_hs1-834228961_62-hq-83894_serial_153.pdf,9,false,0,,true,no extractable text found on this page,no text layer; OCR required
65_hs1-834228961_62-hq-83894_serial_164.pdf,1,false,0,,true,no extractable text found on this page,no text layer; OCR required
65_hs1-834228961_62-hq-83894_serial_164.pdf,2,false,0,,true,no extractable text found on this page,no text layer; OCR required
65_hs1-834228961_62-hq-83894_serial_164.pdf,3,false,0,,true,no extractable text found on this page,no text layer; OCR required
65_hs1-834228961_62-hq-83894_serial_164.pdf,4,false,0,,true,no extractable text found on this page,no text layer; OCR required
65_hs1-834228961_62-hq-83894_serial_164.pdf,5,false,0,,true,no extractable text found on this page,no text layer; OCR required
65_hs1-834228961_62-hq-83894_serial_164.pdf,6,false,0,,true,no extractable text found on this page,no text layer; OCR required
65_hs1-834228961_62-hq-83894_serial_164.pdf,7,false,0,,true,no extractable text found on this page,no text layer; OCR required
65_hs1-834228961_62-hq-83894_serial_164.pdf,8,false,0,,true,no extractable text found on this page,no text layer; OCR required
65_hs1-834228961_62-hq-83894_serial_164.pdf,9,false,0,,true,no extractable text found on this page,no text layer; OCR required
65_hs1-834228961_62-hq-83894_serial_164.pdf,10,false,0,,true,no extractable text found on this page,no text layer; OCR required
65_hs1-834228961_62-hq-83894_serial_164.pdf,11,false,0,,true,no extractable text found on this page,no text layer; OCR required
65_hs1-834228961_62-hq-83894_serial_164.pdf,12,false,0,,true,no extractable text found on this page,no text layer; OCR required
65_hs1-834228961_62-hq-83894_serial_164.pdf,13,false,0,,true,no extractable text found on this page,no text layer; OCR required
65_hs1-834228961_62-hq-83894_serial_164.pdf,14,false,0,,true,no extractable text found on this page,no text layer; OCR required
65_hs1-834228961_62-hq-83894_serial_164.pdf,15,false,0,,true,no extractable text found on this page,no text layer; OCR required
65_hs1-834228961_62-hq-83894_serial_164.pdf,16,false,0,,true,no extractable text found on this page,no text layer; OCR required
65_hs1-834228961_62-hq-83894_serial_164.pdf,17,false,0,,true,no extractable text found on this page,no text layer; OCR required
65_hs1-834228961_62-hq-83894_serial_164.pdf,18,false,0,,true,no extractable text found on this page,no text layer; OCR required
65_hs1-834228961_62-hq-83894_serial_164.pdf,19,false,0,,true,no extractable text found on this page,no text layer; OCR required
65_hs1-834228961_62-hq-83894_serial_164.pdf,20,false,0,,true,no extractable text found on this page,no text layer; OCR required
65_hs1-834228961_62-hq-83894_serial_164.pdf,21,false,0,,true,no extractable text found on this page,no text layer; OCR required
65_hs1-834228961_62-hq-83894_serial_164.pdf,22,false,0,,true,no extractable text found on this page,no text layer; OCR required
65_hs1-834228961_62-hq-83894_serial_164.pdf,23,false,0,,true,no extractable text found on this page,no text layer; OCR required
65_hs1-834228961_62-hq-83894_serial_164.pdf,24,false,0,,true,no extractable text found on this page,no text layer; OCR required
65_hs1-834228961_62-hq-83894_serial_164.pdf,25,false,0,,true,no extractable text found on this page,no text layer; OCR required
65_hs1-834228961_62-hq-83894_serial_164.pdf,26,false,0,,true,no extractable text found on this page,no text layer; OCR required
65_hs1-834228961_62-hq-83894_serial_164.pdf,27,false,0,,true,no extractable text found on this page,no text layer; OCR required
65_hs1-834228961_62-hq-83894_serial_164.pdf,28,false,0,,true,no extractable text found on this page,no text layer; OCR required
65_hs1-834228961_62-hq-83894_serial_164.pdf,29,false,0,,true,no extractable text found on this page,no text layer; OCR required
65_hs1-834228961_62-hq-83894_serial_164.pdf,30,false,0,,true,no extractable text found on this page,no text layer; OCR required
65_hs1-834228961_62-hq-83894_serial_164.pdf,31,false,0,,true,no extractable text found on this page,no text layer; OCR required
65_hs1-834228961_62-hq-83894_serial_164.pdf,32,false,0,,true,no extractable text found on this page,no text layer; OCR required
65_hs1-834228961_62-hq-83894_serial_164.pdf,33,false,0,,true,no extractable text found on this page,no text layer; OCR required
65_hs1-834228961_62-hq-83894_serial_164.pdf,34,false,0,,true,no extractable text found on this page,no text layer; OCR required
65_hs1-834228961_62-hq-83894_serial_164.pdf,35,false,0,,true,no extractable text found on this page,no text layer; OCR required
65_hs1-834228961_62-hq-83894_serial_164.pdf,36,false,0,,true,no extractable text found on this page,no text layer; OCR required
65_hs1-834228961_62-hq-83894_serial_164.pdf,37,false,0,,true,no extractable text found on this page,no text layer; OCR required
65_hs1-834228961_62-hq-83894_serial_164.pdf,38,false,0,,true,no extractable text found on this page,no text layer; OCR required
65_hs1-834228961_62-hq-83894_serial_164.pdf,39,false,0,,true,no extractable text found on this page,no text layer; OCR required
65_hs1-834228961_62-hq-83894_serial_164.pdf,40,false,0,,true,no extractable text found on this page,no text layer; OCR required
65_hs1-834228961_62-hq-83894_serial_164.pdf,41,false,0,,true,no extractable text found on this page,no text layer; OCR required
65_hs1-834228961_62-hq-83894_serial_164.pdf,42,false,0,,true,no extractable text found on this page,no text layer; OCR required
65_hs1-834228961_62-hq-83894_serial_164.pdf,43,false,0,,true,no extractable text found on this page,no text layer; OCR required
65_hs1-834228961_62-hq-83894_serial_164.pdf,44,false,0,,true,no extractable text found on this page,no text layer; OCR required
65_hs1-834228961_62-hq-83894_serial_164.pdf,45,false,0,,true,no extractable text found on this page,no text layer; OCR required
65_hs1-834228961_62-hq-83894_serial_164.pdf,46,false,0,,true,no extractable text found on this page,no text layer; OCR required
65_hs1-834228961_62-hq-83894_serial_164.pdf,47,false,0,,true,no extractable text found on this page,no text layer; OCR required
65_hs1-834228961_62-hq-83894_serial_164.pdf,48,false,0,,true,no extractable text found on this page,no text layer; OCR required
65_hs1-834228961_62-hq-83894_serial_164.pdf,49,false,0,,true,no extractable text found on this page,no text layer; OCR required
65_hs1-834228961_62-hq-83894_serial_164.pdf,50,false,0,,true,no extractable text found on this page,no text layer; OCR required
65_hs1-834228961_62-hq-83894_serial_164.pdf,51,false,0,,true,no extractable text found on this page,no text layer; OCR required
65_hs1-834228961_62-hq-83894_serial_164.pdf,52,false,0,,true,no extractable text found on this page,no text layer; OCR required
65_hs1-834228961_62-hq-83894_serial_164.pdf,53,false,0,,true,no extractable text found on this page,no text layer; OCR required
65_hs1-834228961_62-hq-83894_serial_164.pdf,54,false,0,,true,no extractable text found on this page,no text layer; OCR required
65_hs1-834228961_62-hq-83894_serial_164.pdf,55,false,0,,true,no extractable text found on this page,no text layer; OCR required
65_hs1-834228961_62-hq-83894_serial_164.pdf,56,false,0,,true,no extractable text found on this page,no text layer; OCR required
65_hs1-834228961_62-hq-83894_serial_164.pdf,57,false,0,,true,no extractable text found on this page,no text layer; OCR required
65_hs1-834228961_62-hq-83894_serial_164.pdf,58,false,0,,true,no extractable text found on this page,no text layer; OCR required
65_hs1-834228961_62-hq-83894_serial_164.pdf,59,false,0,,true,no extractable text found on this page,no text layer; OCR required
65_hs1-834228961_62-hq-83894_serial_164.pdf,60,false,0,,true,no extractable text found on this page,no text layer; OCR required
65_hs1-834228961_62-hq-83894_serial_164.pdf,61,false,0,,true,no extractable text found on this page,no text layer; OCR required
65_hs1-834228961_62-hq-83894_serial_164.pdf,62,false,0,,true,no extractable text found on this page,no text layer; OCR required
65_hs1-834228961_62-hq-83894_serial_164.pdf,63,false,0,,true,no extractable text found on this page,no text layer; OCR required
65_hs1-834228961_62-hq-83894_serial_164.pdf,64,false,0,,true,no extractable text found on this page,no text layer; OCR required
65_hs1-834228961_62-hq-83894_serial_164.pdf,65,false,0,,true,no extractable text found on this page,no text layer; OCR required
65_hs1-834228961_62-hq-83894_serial_164.pdf,66,false,0,,true,no extractable text found on this page,no text layer; OCR required
65_hs1-834228961_62-hq-83894_serial_164.pdf,67,false,0,,true,no extractable text found on this page,no text layer; OCR required
65_hs1-834228961_62-hq-83894_serial_164.pdf,68,false,0,,true,no extractable text found on this page,no text layer; OCR required
65_hs1-834228961_62-hq-83894_serial_164.pdf,69,false,0,,true,no extractable text found on this page,no text layer; OCR required
65_hs1-834228961_62-hq-83894_serial_164.pdf,70,false,0,,true,no extractable text found on this page,no text layer; OCR required
65_hs1-834228961_62-hq-83894_serial_164.pdf,71,false,0,,true,no extractable text found on this page,no text layer; OCR required
65_hs1-834228961_62-hq-83894_serial_164.pdf,72,false,0,,true,no extractable text found on this page,no text layer; OCR required
65_hs1-834228961_62-hq-83894_serial_164.pdf,73,false,0,,true,no extractable text found on this page,no text layer; OCR required
65_hs1-834228961_62-hq-83894_serial_164.pdf,74,false,0,,true,no extractable text found on this page,no text layer; OCR required
65_hs1-834228961_62-hq-83894_serial_164.pdf,75,false,0,,true,no extractable text found on this page,no text layer; OCR required
65_hs1-834228961_62-hq-83894_serial_164.pdf,76,false,0,,true,no extractable text found on this page,no text layer; OCR required
65_hs1-834228961_62-hq-83894_serial_164.pdf,77,false,0,,true,no extractable text found on this page,no text layer; OCR required
65_hs1-834228961_62-hq-83894_serial_164.pdf,78,false,0,,true,no extractable text found on this page,no text layer; OCR required
65_hs1-834228961_62-hq-83894_serial_164.pdf,79,false,0,,true,no extractable text found on this page,no text layer; OCR required
65_hs1-834228961_62-hq-83894_serial_164.pdf,80,false,0,,true,no extractable text found on this page,no text layer; OCR required
65_hs1-834228961_62-hq-83894_serial_164.pdf,81,false,0,,true,no extractable text found on this page,no text layer; OCR required
65_hs1-834228961_62-hq-83894_serial_164.pdf,82,false,0,,true,no extractable text found on this page,no text layer; OCR required
65_hs1-834228961_62-hq-83894_serial_164.pdf,83,false,0,,true,no extractable text found on this page,no text layer; OCR required
65_hs1-834228961_62-hq-83894_serial_164.pdf,84,false,0,,true,no extractable text found on this page,no text layer; OCR required
65_hs1-834228961_62-hq-83894_serial_164.pdf,85,false,0,,true,no extractable text found on this page,no text layer; OCR required
65_hs1-834228961_62-hq-83894_serial_164.pdf,86,false,0,,true,no extractable text found on this page,no text layer; OCR required
65_hs1-834228961_62-hq-83894_serial_164.pdf,87,false,0,,true,no extractable text found on this page,no text layer; OCR required
65_hs1-834228961_62-hq-83894_serial_164.pdf,88,false,0,,true,no extractable text found on this page,no text layer; OCR required
65_hs1-834228961_62-hq-83894_serial_164.pdf,89,false,0,,true,no extractable text found on this page,no text layer; OCR required
65_hs1-834228961_62-hq-83894_serial_164.pdf,90,false,0,,true,no extractable text found on this page,no text layer; OCR required
65_hs1-834228961_62-hq-83894_serial_164.pdf,91,false,0,,true,no extractable text found on this page,no text layer; OCR required
65_hs1-834228961_62-hq-83894_serial_164.pdf,92,false,0,,true,no extractable text found on this page,no text layer; OCR required
65_hs1-834228961_62-hq-83894_serial_164.pdf,93,false,0,,true,no extractable text found on this page,no text layer; OCR required
65_hs1-834228961_62-hq-83894_serial_164.pdf,94,false,0,,true,no extractable text found on this page,no text layer; OCR required
65_hs1-834228961_62-hq-83894_serial_164.pdf,95,false,0,,true,no extractable text found on this page,no text layer; OCR required
65_hs1-834228961_62-hq-83894_serial_164.pdf,96,false,0,,true,no extractable text found on this page,no text layer; OCR required
65_hs1-834228961_62-hq-83894_serial_164.pdf,97,false,0,,true,no extractable text found on this page,no text layer; OCR required
65_hs1-834228961_62-hq-83894_serial_164.pdf,98,false,0,,true,no extractable text found on this page,no text layer; OCR required
65_hs1-834228961_62-hq-83894_serial_164.pdf,99,false,0,,true,no extractable text found on this page,no text layer; OCR required
65_hs1-834228961_62-hq-83894_serial_164.pdf,100,false,0,,true,no extractable text found on this page,no text layer; OCR required
65_hs1-834228961_62-hq-83894_serial_164.pdf,101,false,0,,true,no extractable text found on this page,no text layer; OCR required
65_hs1-834228961_62-hq-83894_serial_164.pdf,102,false,0,,true,no extractable text found on this page,no text layer; OCR required
65_hs1-834228961_62-hq-83894_serial_164.pdf,103,false,0,,true,no extractable text found on this page,no text layer; OCR required
65_hs1-834228961_62-hq-83894_serial_164.pdf,104,false,0,,true,no extractable text found on this page,no text layer; OCR required
65_hs1-834228961_62-hq-83894_serial_164.pdf,105,false,0,,true,no extractable text found on this page,no text layer; OCR required
65_hs1-834228961_62-hq-83894_serial_164.pdf,106,false,0,,true,no extractable text found on this page,no text layer; OCR required
65_hs1-834228961_62-hq-83894_serial_164.pdf,107,false,0,,true,no extractable text found on this page,no text layer; OCR required
65_hs1-834228961_62-hq-83894_serial_164.pdf,108,false,0,,true,no extractable text found on this page,no text layer; OCR required
65_hs1-834228961_62-hq-83894_serial_164.pdf,109,false,0,,true,no extractable text found on this page,no text layer; OCR required
65_hs1-834228961_62-hq-83894_serial_164.pdf,110,false,0,,true,no extractable text found on this page,no text layer; OCR required
65_hs1-834228961_62-hq-83894_serial_164.pdf,111,false,0,,true,no extractable text found on this page,no text layer; OCR required
65_hs1-834228961_62-hq-83894_serial_164.pdf,112,false,0,,true,no extractable text found on this page,no text layer; OCR required
65_hs1-834228961_62-hq-83894_serial_164.pdf,113,false,0,,true,no extractable text found on this page,no text layer; OCR required
65_hs1-834228961_62-hq-83894_serial_164.pdf,114,false,0,,true,no extractable text found on this page,no text layer; OCR required
65_hs1-834228961_62-hq-83894_serial_164.pdf,115,false,0,,true,no extractable text found on this page,no text layer; OCR required
65_hs1-834228961_62-hq-83894_serial_164.pdf,116,false,0,,true,no extractable text found on this page,no text layer; OCR required
65_hs1-834228961_62-hq-83894_serial_164.pdf,117,false,0,,true,no extractable text found on this page,no text layer; OCR required
65_hs1-834228961_62-hq-83894_serial_164.pdf,118,false,0,,true,no extractable text found on this page,no text layer; OCR required
65_hs1-834228961_62-hq-83894_serial_164.pdf,119,false,0,,true,no extractable text found on this page,no text layer; OCR required
65_hs1-834228961_62-hq-83894_serial_164.pdf,120,false,0,,true,no extractable text found on this page,no text layer; OCR required
65_hs1-834228961_62-hq-83894_serial_164.pdf,121,false,0,,true,no extractable text found on this page,no text layer; OCR required
65_hs1-834228961_62-hq-83894_serial_164.pdf,122,false,0,,true,no extractable text found on this page,no text layer; OCR required
65_hs1-834228961_62-hq-83894_serial_164.pdf,123,false,0,,true,no extractable text found on this page,no text layer; OCR required
65_hs1-834228961_62-hq-83894_serial_164.pdf,124,false,0,,true,no extractable text found on this page,no text layer; OCR required
65_hs1-834228961_62-hq-83894_serial_164.pdf,125,false,0,,true,no extractable text found on this page,no text layer; OCR required
65_hs1-834228961_62-hq-83894_serial_164.pdf,126,false,0,,true,no extractable text found on this page,no text layer; OCR required
65_hs1-834228961_62-hq-83894_serial_164.pdf,127,false,0,,true,no extractable text found on this page,no text layer; OCR required
65_hs1-834228961_62-hq-83894_serial_164.pdf,128,false,0,,true,no extractable text found on this page,no text layer; OCR required
65_hs1-834228961_62-hq-83894_serial_164.pdf,129,false,0,,true,no extractable text found on this page,no text layer; OCR required
65_hs1-834228961_62-hq-83894_serial_164.pdf,130,false,0,,true,no extractable text found on this page,no text layer; OCR required
65_hs1-834228961_62-hq-83894_serial_164.pdf,131,false,0,,true,no extractable text found on this page,no text layer; OCR required
65_hs1-834228961_62-hq-83894_serial_164.pdf,132,false,0,,true,no extractable text found on this page,no text layer; OCR required
65_hs1-834228961_62-hq-83894_serial_164.pdf,133,false,0,,true,no extractable text found on this page,no text layer; OCR required
65_hs1-834228961_62-hq-83894_serial_164.pdf,134,false,0,,true,no extractable text found on this page,no text layer; OCR required
65_hs1-834228961_62-hq-83894_serial_164.pdf,135,false,0,,true,no extractable text found on this page,no text layer; OCR required
65_hs1-834228961_62-hq-83894_serial_164.pdf,136,false,0,,true,no extractable text found on this page,no text layer; OCR required
65_hs1-834228961_62-hq-83894_serial_164.pdf,137,false,0,,true,no extractable text found on this page,no text layer; OCR required
65_hs1-834228961_62-hq-83894_serial_220.pdf,1,false,0,,true,no extractable text found on this page,no text layer; OCR required
65_hs1-834228961_62-hq-83894_serial_220.pdf,2,false,0,,true,no extractable text found on this page,no text layer; OCR required
65_hs1-834228961_62-hq-83894_serial_220.pdf,3,false,0,,true,no extractable text found on this page,no text layer; OCR required
65_hs1-834228961_62-hq-83894_serial_220.pdf,4,false,0,,true,no extractable text found on this page,no text layer; OCR required
65_hs1-834228961_62-hq-83894_serial_220.pdf,5,false,0,,true,no extractable text found on this page,no text layer; OCR required
65_hs1-834228961_62-hq-83894_serial_220.pdf,6,false,0,,true,no extractable text found on this page,no text layer; OCR required
65_hs1-834228961_62-hq-83894_serial_220.pdf,7,false,0,,true,no extractable text found on this page,no text layer; OCR required
65_hs1-834228961_62-hq-83894_serial_220.pdf,8,false,0,,true,no extractable text found on this page,no text layer; OCR required
65_hs1-834228961_62-hq-83894_serial_220.pdf,9,false,0,,true,no extractable text found on this page,no text layer; OCR required
65_hs1-834228961_62-hq-83894_serial_220.pdf,10,false,0,,true,no extractable text found on this page,no text layer; OCR required
65_hs1-834228961_62-hq-83894_serial_220.pdf,11,false,0,,true,no extractable text found on this page,no text layer; OCR required
65_hs1-834228961_62-hq-83894_serial_220.pdf,12,false,0,,true,no extractable text found on this page,no text layer; OCR required
65_hs1-834228961_62-hq-83894_serial_220.pdf,13,false,0,,true,no extractable text found on this page,no text layer; OCR required
65_hs1-834228961_62-hq-83894_serial_220.pdf,14,false,0,,true,no extractable text found on this page,no text layer; OCR required
65_hs1-834228961_62-hq-83894_serial_220.pdf,15,false,0,,true,no extractable text found on this page,no text layer; OCR required
65_hs1-834228961_62-hq-83894_serial_403.pdf,1,false,0,,true,no extractable text found on this page,no text layer; OCR required
65_hs1-834228961_62-hq-83894_serial_403.pdf,2,false,0,,true,no extractable text found on this page,no text layer; OCR required
65_hs1-834228961_62-hq-83894_serial_403.pdf,3,false,0,,true,no extractable text found on this page,no text layer; OCR required
65_hs1-834228961_62-hq-83894_serial_438.pdf,1,false,0,,true,no extractable text found on this page,no text layer; OCR required
65_hs1-834228961_62-hq-83894_serial_438.pdf,2,false,0,,true,no extractable text found on this page,no text layer; OCR required
65_hs1-834228961_62-hq-83894_serial_438.pdf,3,false,0,,true,no extractable text found on this page,no text layer; OCR required
65_hs1-834228961_62-hq-83894_serial_438.pdf,4,false,0,,true,no extractable text found on this page,no text layer; OCR required
65_hs1-834228961_62-hq-83894_serial_438.pdf,5,false,0,,true,no extractable text found on this page,no text layer; OCR required
65_hs1-834228961_62-hq-83894_serial_438.pdf,6,false,0,,true,no extractable text found on this page,no text layer; OCR required
65_hs1-834228961_62-hq-83894_serial_438.pdf,7,false,0,,true,no extractable text found on this page,no text layer; OCR required
65_hs1-834228961_62-hq-83894_serial_438.pdf,8,false,0,,true,no extractable text found on this page,no text layer; OCR required
65_hs1-834228961_62-hq-83894_serial_438.pdf,9,false,0,,true,no extractable text found on this page,no text layer; OCR required
65_hs1-834228961_62-hq-83894_serial_438.pdf,10,false,0,,true,no extractable text found on this page,no text layer; OCR required
65_hs1-834228961_62-hq-83894_serial_438.pdf,11,false,0,,true,no extractable text found on this page,no text layer; OCR required
65_hs1-834228961_62-hq-83894_serial_438.pdf,12,false,0,,true,no extractable text found on this page,no text layer; OCR required
65_hs1-834228961_62-hq-83894_serial_438.pdf,13,false,0,,true,no extractable text found on this page,no text layer; OCR required
65_hs1-834228961_62-hq-83894_serial_438.pdf,14,false,0,,true,no extractable text found on this page,no text layer; OCR required
65_hs1-834228961_62-hq-83894_serial_438.pdf,15,false,0,,true,no extractable text found on this page,no text layer; OCR required
65_hs1-834228961_62-hq-83894_serial_438.pdf,16,false,0,,true,no extractable text found on this page,no text layer; OCR required
65_hs1-834228961_62-hq-83894_serial_438.pdf,17,false,0,,true,no extractable text found on this page,no text layer; OCR required
65_hs1-834228961_62-hq-83894_serial_438.pdf,18,false,0,,true,no extractable text found on this page,no text layer; OCR required
65_hs1-834228961_62-hq-83894_serial_438.pdf,19,false,0,,true,no extractable text found on this page,no text layer; OCR required
65_hs1-834228961_62-hq-83894_serial_438.pdf,20,false,0,,true,no extractable text found on this page,no text layer; OCR required
65_hs1-834228961_62-hq-83894_serial_438.pdf,21,false,0,,true,no extractable text found on this page,no text layer; OCR required
65_hs1-834228961_62-hq-83894_serial_438.pdf,22,false,0,,true,no extractable text found on this page,no text layer; OCR required
65_hs1-834228961_62-hq-83894_serial_438.pdf,23,false,0,,true,no extractable text found on this page,no text layer; OCR required
65_hs1-834228961_62-hq-83894_serial_438.pdf,24,false,0,,true,no extractable text found on this page,no text layer; OCR required
65_hs1-834228961_62-hq-83894_serial_438.pdf,25,false,0,,true,no extractable text found on this page,no text layer; OCR required
65_hs1-834228961_62-hq-83894_serial_438.pdf,26,false,0,,true,no extractable text found on this page,no text layer; OCR required
65_hs1-834228961_62-hq-83894_serial_438.pdf,27,false,0,,true,no extractable text found on this page,no text layer; OCR required
65_hs1-834228961_62-hq-83894_serial_438.pdf,28,false,0,,true,no extractable text found on this page,no text layer; OCR required
65_hs1-834228961_62-hq-83894_serial_438.pdf,29,false,0,,true,no extractable text found on this page,no text layer; OCR required
65_hs1-834228961_62-hq-83894_serial_438.pdf,30,false,0,,true,no extractable text found on this page,no text layer; OCR required
65_hs1-834228961_62-hq-83894_serial_438.pdf,31,false,0,,true,no extractable text found on this page,no text layer; OCR required
65_hs1-834228961_62-hq-83894_serial_438.pdf,32,false,0,,true,no extractable text found on this page,no text layer; OCR required
65_hs1-834228961_62-hq-83894_serial_438.pdf,33,false,0,,true,no extractable text found on this page,no text layer; OCR required
65_hs1-834228961_62-hq-83894_serial_438.pdf,34,false,0,,true,no extractable text found on this page,no text layer; OCR required
65_hs1-834228961_62-hq-83894_serial_438.pdf,35,false,0,,true,no extractable text found on this page,no text layer; OCR required
65_hs1-834228961_62-hq-83894_serial_438.pdf,36,false,0,,true,no extractable text found on this page,no text layer; OCR required
65_hs1-834228961_62-hq-83894_serial_438.pdf,37,false,0,,true,no extractable text found on this page,no text layer; OCR required
65_hs1-834228961_62-hq-83894_serial_438.pdf,38,false,0,,true,no extractable text found on this page,no text layer; OCR required
65_hs1-834228961_62-hq-83894_serial_438.pdf,39,false,0,,true,no extractable text found on this page,no text layer; OCR required
65_hs1-834228961_62-hq-83894_serial_438.pdf,40,false,0,,true,no extractable text found on this page,no text layer; OCR required
65_hs1-834228961_62-hq-83894_serial_449.pdf,1,false,0,,true,no extractable text found on this page,no text layer; OCR required
65_hs1-834228961_62-hq-83894_serial_449.pdf,2,false,0,,true,no extractable text found on this page,no text layer; OCR required
65_hs1-834228961_62-hq-83894_serial_449.pdf,3,false,0,,true,no extractable text found on this page,no text layer; OCR required
65_hs1-834228961_62-hq-83894_serial_449.pdf,4,false,0,,true,no extractable text found on this page,no text layer; OCR required
65_hs1-834228961_62-hq-83894_serial_449.pdf,5,false,0,,true,no extractable text found on this page,no text layer; OCR required
65_hs1-834228961_62-hq-83894_serial_449.pdf,6,false,0,,true,no extractable text found on this page,no text layer; OCR required
65_hs1-834228961_62-hq-83894_serial_449.pdf,7,false,0,,true,no extractable text found on this page,no text layer; OCR required
65_hs1-834228961_62-hq-83894_serial_449.pdf,8,false,0,,true,no extractable text found on this page,no text layer; OCR required
65_hs1-834228961_62-hq-83894_serial_449.pdf,9,false,0,,true,no extractable text found on this page,no text layer; OCR required
65_hs1-834228961_62-hq-83894_serial_449.pdf,10,false,0,,true,no extractable text found on this page,no text layer; OCR required
65_hs1-834228961_62-hq-83894_serial_449.pdf,11,false,0,,true,no extractable text found on this page,no text layer; OCR required
65_hs1-834228961_62-hq-83894_serial_449.pdf,12,false,0,,true,no extractable text found on this page,no text layer; OCR required
65_hs1-834228961_62-hq-83894_serial_449.pdf,13,false,0,,true,no extractable text found on this page,no text layer; OCR required
65_hs1-834228961_62-hq-83894_serial_449.pdf,14,false,0,,true,no extractable text found on this page,no text layer; OCR required
65_hs1-834228961_62-hq-83894_serial_449.pdf,15,false,0,,true,no extractable text found on this page,no text layer; OCR required
65_hs1-834228961_62-hq-83894_serial_449.pdf,16,false,0,,true,no extractable text found on this page,no text layer; OCR required
65_hs1-834228961_62-hq-83894_serial_449.pdf,17,false,0,,true,no extractable text found on this page,no text layer; OCR required
65_hs1-834228961_62-hq-83894_serial_449.pdf,18,false,0,,true,no extractable text found on this page,no text layer; OCR required
65_hs1-834228961_62-hq-83894_sub_a.pdf,1,false,0,,true,no extractable text found on this page,no text layer; OCR required
65_hs1-834228961_62-hq-83894_sub_a.pdf,2,false,0,,true,no extractable text found on this page,no text layer; OCR required
65_hs1-834228961_62-hq-83894_sub_a.pdf,3,false,0,,true,no extractable text found on this page,no text layer; OCR required
65_hs1-834228961_62-hq-83894_sub_a.pdf,4,false,0,,true,no extractable text found on this page,no text layer; OCR required
65_hs1-834228961_62-hq-83894_sub_a.pdf,5,false,0,,true,no extractable text found on this page,no text layer; OCR required
65_hs1-834228961_62-hq-83894_sub_a.pdf,6,false,0,,true,no extractable text found on this page,no text layer; OCR required
65_hs1-834228961_62-hq-83894_sub_a.pdf,7,false,0,,true,no extractable text found on this page,no text layer; OCR required
65_hs1-834228961_62-hq-83894_sub_a.pdf,8,false,0,,true,no extractable text found on this page,no text layer; OCR required
65_hs1-834228961_62-hq-83894_sub_a.pdf,9,false,0,,true,no extractable text found on this page,no text layer; OCR required
65_hs1-834228961_62-hq-83894_sub_a.pdf,10,false,0,,true,no extractable text found on this page,no text layer; OCR required
65_hs1-834228961_62-hq-83894_sub_a.pdf,11,false,0,,true,no extractable text found on this page,no text layer; OCR required
65_hs1-834228961_62-hq-83894_sub_a.pdf,12,false,0,,true,no extractable text found on this page,no text layer; OCR required
65_hs1-834228961_62-hq-83894_sub_a.pdf,13,false,0,,true,no extractable text found on this page,no text layer; OCR required
65_hs1-834228961_62-hq-83894_sub_a.pdf,14,false,0,,true,no extractable text found on this page,no text layer; OCR required
65_hs1-834228961_62-hq-83894_sub_a.pdf,15,false,0,,true,no extractable text found on this page,no text layer; OCR required
65_hs1-834228961_62-hq-83894_sub_a.pdf,16,false,0,,true,no extractable text found on this page,no text layer; OCR required
65_hs1-834228961_62-hq-83894_sub_a.pdf,17,false,0,,true,no extractable text found on this page,no text layer; OCR required
65_hs1-834228961_62-hq-83894_sub_a.pdf,18,false,0,,true,no extractable text found on this page,no text layer; OCR required
65_hs1-834228961_62-hq-83894_sub_a.pdf,19,false,0,,true,no extractable text found on this page,no text layer; OCR required
65_hs1-834228961_62-hq-83894_sub_a.pdf,20,false,0,,true,no extractable text found on this page,no text layer; OCR required
65_hs1-834228961_62-hq-83894_sub_a.pdf,21,false,0,,true,no extractable text found on this page,no text layer; OCR required
65_hs1-834228961_62-hq-83894_sub_a.pdf,22,false,0,,true,no extractable text found on this page,no text layer; OCR required
65_hs1-834228961_62-hq-83894_sub_a.pdf,23,false,0,,true,no extractable text found on this page,no text layer; OCR required
65_hs1-834228961_62-hq-83894_sub_a.pdf,24,false,0,,true,no extractable text found on this page,no text layer; OCR required
65_hs1-834228961_62-hq-83894_sub_a.pdf,25,false,0,,true,no extractable text found on this page,no text layer; OCR required
65_hs1-834228961_62-hq-83894_sub_a.pdf,26,false,0,,true,no extractable text found on this page,no text layer; OCR required
65_hs1-834228961_62-hq-83894_sub_a.pdf,27,false,0,,true,no extractable text found on this page,no text layer; OCR required
65_hs1-834228961_62-hq-83894_sub_a.pdf,28,false,0,,true,no extractable text found on this page,no text layer; OCR required
65_hs1-834228961_62-hq-83894_sub_a.pdf,29,false,0,,true,no extractable text found on this page,no text layer; OCR required
65_hs1-834228961_62-hq-83894_sub_a.pdf,30,false,0,,true,no extractable text found on this page,no text layer; OCR required
65_hs1-834228961_62-hq-83894_sub_a.pdf,31,false,0,,true,no extractable text found on this page,no text layer; OCR required
65_hs1-834228961_62-hq-83894_sub_a.pdf,32,false,0,,true,no extractable text found on this page,no text layer; OCR required
65_hs1-834228961_62-hq-83894_sub_a.pdf,33,false,0,,true,no extractable text found on this page,no text layer; OCR required
65_hs1-834228961_62-hq-83894_sub_a.pdf,34,false,0,,true,no extractable text found on this page,no text layer; OCR required
65_hs1-834228961_62-hq-83894_sub_a.pdf,35,false,0,,true,no extractable text found on this page,no text layer; OCR required
65_hs1-834228961_62-hq-83894_sub_a.pdf,36,false,0,,true,no extractable text found on this page,no text layer; OCR required
65_hs1-834228961_62-hq-83894_sub_a.pdf,37,false,0,,true,no extractable text found on this page,no text layer; OCR required
65_hs1-834228961_62-hq-83894_sub_a.pdf,38,false,0,,true,no extractable text found on this page,no text layer; OCR required
65_hs1-834228961_62-hq-83894_sub_a.pdf,39,false,0,,true,no extractable text found on this page,no text layer; OCR required
65_hs1-834228961_62-hq-83894_sub_a.pdf,40,false,0,,true,no extractable text found on this page,no text layer; OCR required
65_hs1-834228961_62-hq-83894_sub_a.pdf,41,false,0,,true,no extractable text found on this page,no text layer; OCR required
65_hs1-834228961_62-hq-83894_sub_a.pdf,42,false,0,,true,no extractable text found on this page,no text layer; OCR required
65_hs1-834228961_62-hq-83894_sub_a.pdf,43,false,0,,true,no extractable text found on this page,no text layer; OCR required
65_hs1-834228961_62-hq-83894_sub_a.pdf,44,false,0,,true,no extractable text found on this page,no text layer; OCR required
65_hs1-834228961_62-hq-83894_sub_a.pdf,45,false,0,,true,no extractable text found on this page,no text layer; OCR required
65_hs1-834228961_62-hq-83894_sub_a.pdf,46,false,0,,true,no extractable text found on this page,no text layer; OCR required
65_hs1-834228961_62-hq-83894_sub_a.pdf,47,false,0,,true,no extractable text found on this page,no text layer; OCR required
65_hs1-834228961_62-hq-83894_sub_a.pdf,48,false,0,,true,no extractable text found on this page,no text layer; OCR required
65_hs1-834228961_62-hq-83894_sub_a.pdf,49,false,0,,true,no extractable text found on this page,no text layer; OCR required
65_hs1-834228961_62-hq-83894_sub_a.pdf,50,false,0,,true,no extractable text found on this page,no text layer; OCR required
65_hs1-834228961_62-hq-83894_sub_a.pdf,51,false,0,,true,no extractable text found on this page,no text layer; OCR required
65_hs1-834228961_62-hq-83894_sub_a.pdf,52,false,0,,true,no extractable text found on this page,no text layer; OCR required
65_hs1-834228961_62-hq-83894_sub_a.pdf,53,false,0,,true,no extractable text found on this page,no text layer; OCR required
65_hs1-834228961_62-hq-83894_sub_a.pdf,54,false,0,,true,no extractable text found on this page,no text layer; OCR required
65_hs1-834228961_62-hq-83894_sub_a.pdf,55,false,0,,true,no extractable text found on this page,no text layer; OCR required
65_hs1-834228961_62-hq-83894_sub_a.pdf,56,false,0,,true,no extractable text found on this page,no text layer; OCR required
65_hs1-834228961_62-hq-83894_sub_a.pdf,57,false,0,,true,no extractable text found on this page,no text layer; OCR required
65_hs1-834228961_62-hq-83894_sub_a.pdf,58,false,0,,true,no extractable text found on this page,no text layer; OCR required
65_hs1-834228961_62-hq-83894_sub_a.pdf,59,false,0,,true,no extractable text found on this page,no text layer; OCR required
65_hs1-834228961_62-hq-83894_sub_a.pdf,60,false,0,,true,no extractable text found on this page,no text layer; OCR required
65_hs1-834228961_62-hq-83894_sub_a.pdf,61,false,0,,true,no extractable text found on this page,no text layer; OCR required
65_hs1-834228961_62-hq-83894_sub_a.pdf,62,false,0,,true,no extractable text found on this page,no text layer; OCR required
65_hs1-834228961_62-hq-83894_sub_a.pdf,63,false,0,,true,no extractable text found on this page,no text layer; OCR required
65_hs1-834228961_62-hq-83894_sub_a.pdf,64,false,0,,true,no extractable text found on this page,no text layer; OCR required
65_hs1-834228961_62-hq-83894_sub_a.pdf,65,false,0,,true,no extractable text found on this page,no text layer; OCR required
65_hs1-834228961_62-hq-83894_sub_a.pdf,66,false,0,,true,no extractable text found on this page,no text layer; OCR required
65_hs1-834228961_62-hq-83894_sub_a.pdf,67,false,0,,true,no extractable text found on this page,no text layer; OCR required
65_hs1-834228961_62-hq-83894_sub_a.pdf,68,false,0,,true,no extractable text found on this page,no text layer; OCR required
65_hs1-834228961_62-hq-83894_sub_a.pdf,69,false,0,,true,no extractable text found on this page,no text layer; OCR required
65_hs1-834228961_62-hq-83894_sub_a.pdf,70,false,0,,true,no extractable text found on this page,no text layer; OCR required
65_hs1-834228961_62-hq-83894_sub_a.pdf,71,false,0,,true,no extractable text found on this page,no text layer; OCR required
65_hs1-834228961_62-hq-83894_sub_a.pdf,72,false,0,,true,no extractable text found on this page,no text layer; OCR required
65_hs1-834228961_62-hq-83894_sub_a.pdf,73,false,0,,true,no extractable text found on this page,no text layer; OCR required
65_hs1-834228961_62-hq-83894_sub_a.pdf,74,false,0,,true,no extractable text found on this page,no text layer; OCR required
65_hs1-834228961_62-hq-83894_sub_a.pdf,75,false,0,,true,no extractable text found on this page,no text layer; OCR required
65_hs1-834228961_62-hq-83894_sub_a.pdf,76,false,0,,true,no extractable text found on this page,no text layer; OCR required
65_hs1-834228961_62-hq-83894_sub_a.pdf,77,false,0,,true,no extractable text found on this page,no text layer; OCR required
65_hs1-834228961_62-hq-83894_sub_a.pdf,78,false,0,,true,no extractable text found on this page,no text layer; OCR required
65_hs1-834228961_62-hq-83894_sub_a.pdf,79,false,0,,true,no extractable text found on this page,no text layer; OCR required
65_hs1-834228961_62-hq-83894_sub_a.pdf,80,false,0,,true,no extractable text found on this page,no text layer; OCR required
65_hs1-834228961_62-hq-83894_sub_a.pdf,81,false,0,,true,no extractable text found on this page,no text layer; OCR required
65_hs1-834228961_62-hq-83894_sub_a.pdf,82,false,0,,true,no extractable text found on this page,no text layer; OCR required
65_hs1-834228961_62-hq-83894_sub_a.pdf,83,false,0,,true,no extractable text found on this page,no text layer; OCR required
65_hs1-834228961_62-hq-83894_sub_a.pdf,84,false,0,,true,no extractable text found on this page,no text layer; OCR required
65_hs1-834228961_62-hq-83894_sub_a.pdf,85,false,0,,true,no extractable text found on this page,no text layer; OCR required
65_hs1-834228961_62-hq-83894_sub_a.pdf,86,false,0,,true,no extractable text found on this page,no text layer; OCR required
65_hs1-834228961_62-hq-83894_sub_a.pdf,87,false,0,,true,no extractable text found on this page,no text layer; OCR required
65_hs1-834228961_62-hq-83894_sub_a.pdf,88,false,0,,true,no extractable text found on this page,no text layer; OCR required
65_hs1-834228961_62-hq-83894_sub_a.pdf,89,false,0,,true,no extractable text found on this page,no text layer; OCR required
65_hs1-834228961_62-hq-83894_sub_a.pdf,90,false,0,,true,no extractable text found on this page,no text layer; OCR required
65_hs1-834228961_62-hq-83894_sub_a.pdf,91,false,0,,true,no extractable text found on this page,no text layer; OCR required
65_hs1-834228961_62-hq-83894_sub_a.pdf,92,false,0,,true,no extractable text found on this page,no text layer; OCR required
65_hs1-834228961_62-hq-83894_sub_a.pdf,93,false,0,,true,no extractable text found on this page,no text layer; OCR required
65_hs1-834228961_62-hq-83894_sub_a.pdf,94,false,0,,true,no extractable text found on this page,no text layer; OCR required
65_hs1-834228961_62-hq-83894_sub_a.pdf,95,false,0,,true,no extractable text found on this page,no text layer; OCR required
65_hs1-834228961_62-hq-83894_sub_a.pdf,96,false,0,,true,no extractable text found on this page,no text layer; OCR required
65_hs1-834228961_62-hq-83894_sub_a.pdf,97,false,0,,true,no extractable text found on this page,no text layer; OCR required
65_hs1-834228961_62-hq-83894_sub_a.pdf,98,false,0,,true,no extractable text found on this page,no text layer; OCR required
65_hs1-834228961_62-hq-83894_sub_a.pdf,99,false,0,,true,no extractable text found on this page,no text layer; OCR required
65_hs1-834228961_62-hq-83894_sub_a.pdf,100,false,0,,true,no extractable text found on this page,no text layer; OCR required
65_hs1-834228961_62-hq-83894_sub_a.pdf,101,false,0,,true,no extractable text found on this page,no text layer; OCR required
65_hs1-834228961_62-hq-83894_sub_a.pdf,102,false,0,,true,no extractable text found on this page,no text layer; OCR required
65_hs1-834228961_62-hq-83894_sub_a.pdf,103,false,0,,true,no extractable text found on this page,no text layer; OCR required
65_hs1-834228961_62-hq-83894_sub_a.pdf,104,false,0,,true,no extractable text found on this page,no text layer; OCR required
65_hs1-834228961_62-hq-83894_sub_a.pdf,105,false,0,,true,no extractable text found on this page,no text layer; OCR required
65_hs1-834228961_62-hq-83894_sub_a.pdf,106,false,0,,true,no extractable text found on this page,no text layer; OCR required
65_hs1-834228961_62-hq-83894_sub_a.pdf,107,false,0,,true,no extractable text found on this page,no text layer; OCR required
65_hs1-834228961_62-hq-83894_sub_a.pdf,108,false,0,,true,no extractable text found on this page,no text layer; OCR required
65_hs1-834228961_62-hq-83894_sub_a.pdf,109,false,0,,true,no extractable text found on this page,no text layer; OCR required
65_hs1-834228961_62-hq-83894_sub_a.pdf,110,false,0,,true,no extractable text found on this page,no text layer; OCR required
65_hs1-834228961_62-hq-83894_sub_a.pdf,111,false,0,,true,no extractable text found on this page,no text layer; OCR required
65_hs1-834228961_62-hq-83894_sub_a.pdf,112,false,0,,true,no extractable text found on this page,no text layer; OCR required
65_hs1-834228961_62-hq-83894_sub_a.pdf,113,false,0,,true,no extractable text found on this page,no text layer; OCR required
65_hs1-834228961_62-hq-83894_sub_a.pdf,114,false,0,,true,no extractable text found on this page,no text layer; OCR required
65_hs1-834228961_62-hq-83894_sub_a.pdf,115,false,0,,true,no extractable text found on this page,no text layer; OCR required
65_hs1-834228961_62-hq-83894_sub_a.pdf,116,false,0,,true,no extractable text found on this page,no text layer; OCR required
65_hs1-834228961_62-hq-83894_sub_a.pdf,117,false,0,,true,no extractable text found on this page,no text layer; OCR required
65_hs1-834228961_62-hq-83894_sub_a.pdf,118,false,0,,true,no extractable text found on this page,no text layer; OCR required
65_hs1-834228961_62-hq-83894_sub_a.pdf,119,false,0,,true,no extractable text found on this page,no text layer; OCR required
65_hs1-834228961_62-hq-83894_sub_a.pdf,120,false,0,,true,no extractable text found on this page,no text layer; OCR required
65_hs1-834228961_62-hq-83894_sub_a.pdf,121,false,0,,true,no extractable text found on this page,no text layer; OCR required
65_hs1-834228961_62-hq-83894_sub_a.pdf,122,false,0,,true,no extractable text found on this page,no text layer; OCR required
65_hs1-834228961_62-hq-83894_sub_a.pdf,123,false,0,,true,no extractable text found on this page,no text layer; OCR required
65_hs1-834228961_62-hq-83894_sub_a.pdf,124,false,0,,true,no extractable text found on this page,no text layer; OCR required
CIA-UAP-D001_Intelligence_Information_Report_USSR_1973.pdf,1,true,1152,"Approved for Release 2026 DIR!CIOUTC Of OP!UIIONS intelligence 1nrormanon Kcpon \\'Alll',;J:-;c; F\OTICE SENSITIVE lNT~L…",false,embedded text sufficient (1152 chars),"text layer present, OCR not needed"
CIA-UAP-D001_Intelligence_Information_Report_USSR_1973.pdf,2,true,1763,"r, 0 \ F j il f •• ~I.' L/\•iAR\:~..- ,c-~iC.:L - ·):=:~.s;-;-j\"":: ;~;-:-I::LLIGENCE ;::>00RCES A\D ME7HODS I :,;\""OLn.…",false,embedded text sufficient (1763 chars),"text layer present, OCR not needed"
CIA-UAP-D001_Intelligence_Information_Report_USSR_1973.pdf,3,true,1147,C O !i F l B f. I< 'f I A t/WARNING NOTICE - SENSIT IVE INTELLl GENCE SOURCES AND METHODS INVOLVED FIRK-311/0lb38--7 uni…,false,embedded text sufficient (1147 chars),"text layer present, OCR not needed"
DOE-UAP-D001_PANTEX_Image.pdf,1,true,209,"_________ ______ PanTEX/ UCNI M....,.,..t,.,olO,,.......,l,r Comolnaittd N•idHr SNunly, LlC Pantex Unidentified Object I…",false,embedded text sufficient (209 chars),"text layer present, OCR not needed"
DOE-UAP-D001_PANTEX_Image.pdf,2,true,181,"______ _____ UCNI Panr£x and O,,.rlNCI by Ccmoloat<d Nldnr s«urity llC Pantex Unidentified Object Incident Report Sandia…",false,embedded text sufficient (181 chars),"text layer present, OCR not needed"
DOE-UAP-D002_JamesTuck_Correspondence.pdf,1,partial,16,A-- 3-00 J - 2-1,true,only 16 chars extracted — possibly page number or header only,"partial text layer detected; may be page numbers, stamps, or OCR artifacts"
DOE-UAP-D002_JamesTuck_Correspondence.pdf,2,false,0,,true,no extractable text found on this page,no text layer; OCR required
DOE-UAP-D002_JamesTuck_Correspondence.pdf,3,true,517,"(t>)(6) u. s. },,:my Eagiaaerins School Port Belvoir, Virginia 22060 Attent100: Departzant of Mechanical and Technical E…",false,embedded text sufficient (517 chars),"text layer present, OCR not needed"
DOE-UAP-D002_JamesTuck_Correspondence.pdf,4,true,609,"• -~j,• ' -~:,J ... ■ I - - -, lwve!'ll.Jer 28 ŧ.:irxiful of _your intere::i.;.i.nk,· i-e;·;orL on t:Rdl .litŨhtninb, I …",false,embedded text sufficient (609 chars),"text layer present, OCR not needed"
DOE-UAP-D003_Pajarito_Astronomers.pdf,1,true,557,"- 86-o l_1l-: 7· E.-w-.- #-Is3 Dear Members, IPj@rat@® As@mo@omens P.0. Box 1092, Los Alamos NI1, 87544 President MS K55…",false,embedded text sufficient (557 chars),"text layer present, OCR not needed"
DOW-UAP-D017_General_Correspondence_Of_Sandia.pdf,1,true,1847,HEt\DQUARTEP..S • DETACHMENT D 1100TH USAF SPECUL REPORTING GROUP Campbell Mr Force Base Camp Campbell. Kentucky 7 April…,false,embedded text sufficient (1847 chars),"text layer present, OCR not needed"
DOW-UAP-D017_General_Correspondence_Of_Sandia.pdf,2,true,1114,", ~ ,., .., ,. ' ., ww o . ..2.::pages, copy / - ~ V I . # , series__ ..; 7 April 194.9 • SUBJECTs Security Inspection g…",false,embedded text sufficient (1114 chars),"text layer present, OCR not needed"
DOW-UAP-D017_General_Correspondence_Of_Sandia.pdf,3,true,156,"SEGRET • HEADQUARTERS SANDIA BASE Albuquerque, New Mexico AFSWP CLASSIFIED DOCUMENTS LIBRARY Fl LE NO. 45~. S­ SUBJECT: …",false,embedded text sufficient (156 chars),"text layer present, OCR not needed"
DOW-UAP-D017_General_Correspondence_Of_Sandia.pdf,4,true,1996,"10 August 1949 Dr. L1nooln ~ InDtituta of 'Meteoritics University of New Mexico Albuqu.erquo, N. :t:. Doar l.1ncoln: I a…",false,embedded text sufficient (1996 chars),"text layer present, OCR not needed"
DOW-UAP-D017_General_Correspondence_Of_Sandia.pdf,5,true,2229,M ­ ' R/D- tw 8-10-49 AN AT'l!EMP? 'ro coU.roT AnBCP.NE PAU'ICLES A'3SOOIA'l'ED fJI'l'iJ THE FIREBALL OF JULY 241 1949 B…,false,embedded text sufficient (2229 chars),"text layer present, OCR not needed"
DOW-UAP-D017_General_Correspondence_Of_Sandia.pdf,6,true,2848,"Page 2 dbension oi"" ,the o-rder o~ twnty or thirty .:nicrono. There were no Br:lall partielee, that 1e, no particles 11'…",false,embedded text sufficient (2848 chars),"text layer present, OCR not needed"
DOW-UAP-D017_General_Correspondence_Of_Sandia.pdf,7,true,1032,"~ ,,.~ ;..=- - • tk-a~~ '?ABLB ...,.. __ --- CountG of Copr,er Partieloa ill Colleetiotu, at Socorro During Per1o4 lul.:…",false,embedded text sufficient (1032 chars),"text layer present, OCR not needed"
DOW-UAP-D017_General_Correspondence_Of_Sandia.pdf,8,true,2907,.. .. Attention is called particularly to the l arao !lumber ot small particles in one at the 145-l/2-ho-.ir collootione…,false,embedded text sufficient (2907 chars),"text layer present, OCR not needed"
DOW-UAP-D017_General_Correspondence_Of_Sandia.pdf,9,true,1555,"...... ..,,,,,, t .. could easily be made ror quickly nountins this equi~ent in an airplane cap&ble ot o.s~enaing above …",false,embedded text sufficient (1555 chars),"text layer present, OCR not needed"
DOW-UAP-D017_General_Correspondence_Of_Sandia.pdf,10,true,3785,"• ' e Au,..i:rust 17, 1949 '1'0: Colonel Doyle Rees FROU: Lincoln 1ePas SUDJ""EnTs Momaloua J.uminous Phenomona. Sixth Re…",false,embedded text sufficient (3785 chars),"text layer present, OCR not needed"
DOW-UAP-D017_General_Correspondence_Of_Sandia.pdf,11,true,4032,10:00 - 12:00 A. J.1. on .Tul.y 26th. At this eonterenoe it beceme ep:parent that Dr. Crozier wao 1nollned to attribute …,false,embedded text sufficient (4032 chars),"text layer present, OCR not needed"
DOW-UAP-D017_General_Correspondence_Of_Sandia.pdf,12,true,3970,".. b IJ • the time of fall. Sinea we cannot assume complete stagnation ot the air rnu,ees 1n the Sooor1""o neiBhborhood t…",false,embedded text sufficient (3970 chars),"text layer present, OCR not needed"
DOW-UAP-D017_General_Correspondence_Of_Sandia.pdf,13,true,2031,". • • ... ... .. ~ .. • ~ t'rom green fl.reballis, then the fireballs are not conventional .tSteorites. Col)l)er is one …",false,embedded text sufficient (2031 chars),"text layer present, OCR not needed"
DOW-UAP-D017_General_Correspondence_Of_Sandia.pdf,14,true,1749,"J ~ fit J },· HEADQUARTERS. SANDIA BASE ' 1 ' ALBUQUERQUE. NEW !'?.~{98 1 \.,.. (1 0 I Tl·H.., OF 'f/ r SBOP/4 3 3 3, I …",false,embedded text sufficient (1749 chars),"text layer present, OCR not needed"
DOW-UAP-D017_General_Correspondence_Of_Sandia.pdf,15,true,466,"• THIS DOCUMENT CC' ,s,srs OF ___'3-::_PAG F S' COPIES, SERIES /c;:_ NO.-----t ___O (' Subj: Boar d to I nspect Special …",false,embedded text sufficient (466 chars),"text layer present, OCR not needed"
DOW-UAP-D017_General_Correspondence_Of_Sandia.pdf,16,partial,9,NND 58378,true,only 9 chars extracted — possibly page number or header only,"partial text layer detected; may be page numbers, stamps, or OCR artifacts"
DOW-UAP-D017_General_Correspondence_Of_Sandia.pdf,17,true,1291,"• I I B/L :from Sandia Base to SAC, dtd 5 Dec 49, subj : ""Board to Inspect Special Weapons Facilities at SAC Stations SA…",false,embedded text sufficient (1291 chars),"text layer present, OCR not needed"
DOW-UAP-D017_General_Correspondence_Of_Sandia.pdf,18,partial,9,NND 58378,true,only 9 chars extracted — possibly page number or header only,"partial text layer detected; may be page numbers, stamps, or OCR artifacts"
DOW-UAP-D017_General_Correspondence_Of_Sandia.pdf,19,true,1397,".... ~ ­ ). ' ('1 l-lEADQUARTERS STRATEGIC AIR COMMANb .. DO'-'...O OFFUTT AIR FORCE BASE It ti~~~~:J. , ..... OMAHA, ME…",false,embedded text sufficient (1397 chars),"text layer present, OCR not needed"
DOW-UAP-D017_General_Correspondence_Of_Sandia.pdf,20,true,2401,"I ., DEPARTMENT Of"" THE AIR f""ORCE .. HEADQUARTERS UNITED STATES AIR FORCE WASHINGTON T H E: I N ■ PCCTOR QIENE A:A\. Ua…",false,embedded text sufficient (2401 chars),"text layer present, OCR not needed"
DOW-UAP-D017_General_Correspondence_Of_Sandia.pdf,21,true,2684,• . . . .. eor~FtDEr <rftAtl • File No: (24- 8)- 28 Subj : Stnnmary of Observations of Aerial Phenomena in 25 May 1950 t…,false,embedded text sufficient (2684 chars),"text layer present, OCR not needed"
DOW-UAP-D017_General_Correspondence_Of_Sandia.pdf,22,true,1114,"File No: (24- 8) - 28 Subj: Sunnnary of Observations of Aerial Phenomena in 25 May 1950 the New Mexico Area, December 19…",false,embedded text sufficient (1114 chars),"text layer present, OCR not needed"
DOW-UAP-D017_General_Correspondence_Of_Sandia.pdf,23,true,435,"' r, ~~- ~ :\ f {{ G/ f):1.0 1:r.~~C!:j \}~, \)~1"" ~L? ,.~~ l ,- .:: _i_~:!l·.~~--L ~ 1 - 1. ·\.1iI;]} .i;~ f u1m·tccl l…",false,embedded text sufficient (435 chars),"text layer present, OCR not needed"
DOW-UAP-D017_General_Correspondence_Of_Sandia.pdf,24,true,4446,"- ~ · · · • .. ~ . ·· · ·· · · · · · . · · .. . ·· · .. . . r-·-T·-· -. i,o~. f ~ ! - g·-r-:-~-:,-·""-r·:·:'""T"" :i r-1· ·…",false,embedded text sufficient (4446 chars),"text layer present, OCR not needed"
DOW-UAP-D017_General_Correspondence_Of_Sandia.pdf,25,true,76,. • • ?age 3 • i 18 · i 30 ; !I ! ' !-·· ·······-··'............... NW 91526,false,embedded text sufficient (76 chars),"text layer present, OCR not needed"
DOW-UAP-D017_General_Correspondence_Of_Sandia.pdf,26,true,4542,", · . . . .. . .... . .. . . . . . . _ . · · . · ... ... · .,, ;3. 811mmary 4 .. ... ••'•• .. . ..... . .._........._ ..…",false,embedded text sufficient (4542 chars),"text layer present, OCR not needed"
DOW-UAP-D017_General_Correspondence_Of_Sandia.pdf,27,true,130,"r r, ,.. • ! .-, . ~.... ._.. 0 ..!. I v..1.l v Sun1Jll[cr y C: i ! ····---··i t i ! i !Disappear ed ( 2) ! l ! l • . ,,…",false,embedded text sufficient (130 chars),"text layer present, OCR not needed"
DOW-UAP-D017_General_Correspondence_Of_Sandia.pdf,28,true,92,".. 1.J.. I.., . ( , r i ,.. I u .' · .. .:·:..-·················•··· .... .. .. ... NW 91526",false,embedded text sufficient (92 chars),"text layer present, OCR not needed"
DOW-UAP-D017_General_Correspondence_Of_Sandia.pdf,29,true,4403,". . · . . · . . •• , . . . . · . . . . . . ! i ,, · · .. , I Snim:10.r v (, ... .... ... .... ··•··· ...... ············…",false,embedded text sufficient (4403 chars),"text layer present, OCR not needed"
DOW-UAP-D017_General_Correspondence_Of_Sandia.pdf,30,true,4575,- . _ • . . · ... • . . · . · · · . · . ..•.. • ··•·· ••• ·····•-·· ·.:.:·.:..--:·::··..::: .::: .:::. ·:.~·:.. --~.. .:…,false,embedded text sufficient (4575 chars),"text layer present, OCR not needed"
DOW-UAP-D017_General_Correspondence_Of_Sandia.pdf,31,true,5545,· . . ;; · . ·· ••• • • •• • • •• . . . . ........................ .... ·.....··... ·. ....... _ ~. ::1 ················…,false,embedded text sufficient (5545 chars),"text layer present, OCR not needed"
DOW-UAP-D017_General_Correspondence_Of_Sandia.pdf,32,true,100,"Page 10 81.umne.ry of Sightings of Unknown Aerial Phenomena , 17th District OS I ( contd) • NW 91526",false,embedded text sufficient (100 chars),"text layer present, OCR not needed"
DOW-UAP-D017_General_Correspondence_Of_Sandia.pdf,33,true,100,"Su.mme.ry of Sightings of Unh1own Aerial Phenomena , 17th District OSI (cont) Page 11 ... . NW 91526",false,embedded text sufficient (100 chars),"text layer present, OCR not needed"
DOW-UAP-D017_General_Correspondence_Of_Sandia.pdf,34,true,96,"Sunm1e.ry of Si ghtings of Unknown Aeria l Phenomena , 17th District OSI (cont) Page 12 NW 91526",false,embedded text sufficient (96 chars),"text layer present, OCR not needed"
DOW-UAP-D017_General_Correspondence_Of_Sandia.pdf,35,true,98,"Summary of Si ghtin[js of Unknown Aer ial Phenomena , 17th District C•SI (c 01,t) Page 13 NW 91526",false,embedded text sufficient (98 chars),"text layer present, OCR not needed"
DOW-UAP-D017_General_Correspondence_Of_Sandia.pdf,36,true,3028,"· . · - -- ~ · ~ ••• • . .. .. Su.'llID.2.ry of Sighti ngs of Unknown Aer ial Phenomena , 17th Distr ict OS I (cont ) Pe…",false,embedded text sufficient (3028 chars),"text layer present, OCR not needed"
DOW-UAP-D017_General_Correspondence_Of_Sandia.pdf,37,true,93,"Summary of Sightings of Unlmown Aer ial Phenomena , 17th Distrid; OSI (cont) Page 15 NW 91526",false,embedded text sufficient (93 chars),"text layer present, OCR not needed"
DOW-UAP-D017_General_Correspondence_Of_Sandia.pdf,38,true,94,"Swmnftry of Si ghtings of Unlmown Aerial Phenomena , 17th District OSI (cont) Page 16 NW 91526",false,embedded text sufficient (94 chars),"text layer present, OCR not needed"
DOW-UAP-D017_General_Correspondence_Of_Sandia.pdf,39,true,4142,"~ • • · . . . · · . Summary of Si ghting s of Unl-:nown Aerial Phenomena , 17th District OSI (cont) Page 17 • ' • •• !44…",false,embedded text sufficient (4142 chars),"text layer present, OCR not needed"
DOW-UAP-D017_General_Correspondence_Of_Sandia.pdf,40,true,250,"· · Summary of Si ghtings of Unknmm Aer ial Phenomena , 17th District OSI (cont) Fage 18 100 10 Aug 210011 R Camp Hood ,…",false,embedded text sufficient (250 chars),"text layer present, OCR not needed"
DOW-UAP-D017_General_Correspondence_Of_Sandia.pdf,41,true,100,"Page 19 Sumrrw.r y of S i ghtinr;s of Unlmown Aer ial Phenomena , 17th ~istrict OS I (cont) NW 91526",false,embedded text sufficient (100 chars),"text layer present, OCR not needed"
DOW-UAP-D017_General_Correspondence_Of_Sandia.pdf,42,true,92,"Summary of Sightings of Unlmown Aerial Phenomena , 17th District OSI (cont) Page 20 NW 91526",false,embedded text sufficient (92 chars),"text layer present, OCR not needed"
DOW-UAP-D017_General_Correspondence_Of_Sandia.pdf,43,true,107,"Sunll'!lD. :rJ of Si ghti ngs of Unlmown Aerial Phenomena , 17th Di st r i ct OS I (c ont) Page 21 NW 91526",false,embedded text sufficient (107 chars),"text layer present, OCR not needed"
DOW-UAP-D017_General_Correspondence_Of_Sandia.pdf,44,true,93,"Page 22 Summary of Sightings of Unknovm Aerial Phenomena, 17th District OSI (cont) J NW 91526",false,embedded text sufficient (93 chars),"text layer present, OCR not needed"
DOW-UAP-D017_General_Correspondence_Of_Sandia.pdf,45,true,93,"Sunmiary of Sightings of Unknown Aerial Phenomena , 17th District OSI (cont) Page 23 NW 91526",false,embedded text sufficient (93 chars),"text layer present, OCR not needed"
DOW-UAP-D017_General_Correspondence_Of_Sandia.pdf,46,true,97,"Summary of Si ghtings of TJnlmovmAerial Phenomena. , 17tl1 Distr ict OSI ( cont) Page 24 NW 91526",false,embedded text sufficient (97 chars),"text layer present, OCR not needed"
DOW-UAP-D017_General_Correspondence_Of_Sandia.pdf,47,true,96,"Summary of Si ghtings of Unknown Aerial Phenomena , 17th District OSI (cont) Page 25 .. NW 91526",false,embedded text sufficient (96 chars),"text layer present, OCR not needed"
DOW-UAP-D017_General_Correspondence_Of_Sandia.pdf,48,true,3647,"· · , • . SUll1I!lary of Sif;htin;s of Unl::nown Aerial Pheno!:1.cna , 1 7th District OSI (cont) Page 26 r-~-r ,~ i 10; …",false,embedded text sufficient (3647 chars),"text layer present, OCR not needed"
DOW-UAP-D017_General_Correspondence_Of_Sandia.pdf,49,true,98,"SU!lll:.ary of Sightings of Unlmovm Aerial Phenomena , 17th Distr ict OSI ( cont) Page 27 NW 91526",false,embedded text sufficient (98 chars),"text layer present, OCR not needed"
DOW-UAP-D017_General_Correspondence_Of_Sandia.pdf,50,true,94,"Page 28 Sumn,ary of Sightinr;s of Unlmown Aerial Phenomena , 17th District OSI (cont) NW 91526",false,embedded text sufficient (94 chars),"text layer present, OCR not needed"
DOW-UAP-D017_General_Correspondence_Of_Sandia.pdf,51,true,3241,"... . Summary of Sightings of Unknown Aerial Phenomena , 17th Distr ict OSI (cont) Page 29 r r-i i I ! I It> ~ 1 l T r I…",false,embedded text sufficient (3241 chars),"text layer present, OCR not needed"
DOW-UAP-D017_General_Correspondence_Of_Sandia.pdf,52,true,114,"Par.,e 30 Su.'Tll'llary of Si•git 1 i·ngs of Unl""""OVJ1_0 Aerial Phenomena , 17th District OSI (cont) ~. "" NW 91526",false,embedded text sufficient (114 chars),"text layer present, OCR not needed"
DOW-UAP-D017_General_Correspondence_Of_Sandia.pdf,53,true,153,"Summary of Sightings of Unknovm Aeria l Ph en ome na , l 7t;h Distr ict OS I ( cont ) Page 31 ··········-··········-·r· …",false,embedded text sufficient (153 chars),"text layer present, OCR not needed"
DOW-UAP-D017_General_Correspondence_Of_Sandia.pdf,54,true,101,"Sur.imar y of Si ghtin gs of Unlmovm Aer ial Phenomena , 17th Distr ict OSI ( cont ) Page 32 NW 91526",false,embedded text sufficient (101 chars),"text layer present, OCR not needed"
DOW-UAP-D017_General_Correspondence_Of_Sandia.pdf,55,true,3427,"- · · . . ···· · . • . Par;e 33 Sumnary of Sightings of Unknown 1 erial Phe:1.omena , 17th District OSI (cont) 1==~,·,•-…",false,embedded text sufficient (3427 chars),"text layer present, OCR not needed"
DOW-UAP-D017_General_Correspondence_Of_Sandia.pdf,56,true,94,"Sununat""J of Sightings of Unlmown Aerial Phenomena , 17th District OSI (cont) Page 34 NW 91526",false,embedded text sufficient (94 chars),"text layer present, OCR not needed"
DOW-UAP-D017_General_Correspondence_Of_Sandia.pdf,57,true,96,"Summary of Sightings of Unlmown Aerial Phenomena. , 17th District OSI (cont) \ fe.ge 35 NW 91526",false,embedded text sufficient (96 chars),"text layer present, OCR not needed"
DOW-UAP-D017_General_Correspondence_Of_Sandia.pdf,58,true,110,"Summary of Sightings of Unknown Aerial Phenomena , 17th District OSI (cont) going out NW 91526 Like light ( 3)",false,embedded text sufficient (110 chars),"text layer present, OCR not needed"
DOW-UAP-D017_General_Correspondence_Of_Sandia.pdf,59,true,2074,"Su.nuno.ry of Sirr,htings of Unknmm Aerial Phenomena , 17th Distr ict OS I (cont) Page 37 -- ··-­ .....,- .... .... Unk …",false,embedded text sufficient (2074 chars),"text layer present, OCR not needed"
DOW-UAP-D017_General_Correspondence_Of_Sandia.pdf,60,true,94,"Sumnary of Sightings of Unl:nown Ae rial Phenomena , 17th District OSI (cont) Page 38 NW 91526",false,embedded text sufficient (94 chars),"text layer present, OCR not needed"
DOW-UAP-D017_General_Correspondence_Of_Sandia.pdf,61,true,985,"Sig~ting No. 175 Photograph of Unknown Aerial Phenomena taken at De.til , New Mexico by Cpl Lertis E. Stanfield, Holloma…",false,embedded text sufficient (985 chars),"text layer present, OCR not needed"
DOW-UAP-D017_General_Correspondence_Of_Sandia.pdf,62,partial,8,NW 91526,true,only 8 chars extracted — possibly page number or header only,"partial text layer detected; may be page numbers, stamps, or OCR artifacts"
DOW-UAP-D017_General_Correspondence_Of_Sandia.pdf,63,true,2045,"• THE UNIVERSITY OF NEW MEXICO ALBUQUERQUE INSTITUTE OF METEORITICS May 23, 1950 To: Lt. Co~onel Doyle Rees , Connnandin…",false,embedded text sufficient (2045 chars),"text layer present, OCR not needed"
DOW-UAP-D017_General_Correspondence_Of_Sandia.pdf,64,true,3210,"CO~JflDRt,.lTlAJ To : Lt. Colonel Doyl e Rees - Page 2 !~y 23 , 1950 Subj : Anomalous Lumino1.~s :Phenomena ( Seventh Re…",false,embedded text sufficient (3210 chars),"text layer present, OCR not needed"
DOW-UAP-D017_General_Correspondence_Of_Sandia.pdf,65,true,3065,"To : Lt . Colonel Doyle Rees - PaGe 3 Subj: Anomalous Luminous Phenomena (Seventh Report) May 23 , 1950 to move horizont…",false,embedded text sufficient (3065 chars),"text layer present, OCR not needed"
DOW-UAP-D017_General_Correspondence_Of_Sandia.pdf,66,true,3383,"To : Lt . Colonel Doyle Rees - Po.ge 4 Subj : Anonalous Luminous Phenomena (Seventh Rerort) Eay 23 , 1950 consider ·t;he…",false,embedded text sufficient (3383 chars),"text layer present, OCR not needed"
DOW-UAP-D017_General_Correspondence_Of_Sandia.pdf,67,true,1464,"To : Lt . Colonel Doyle Rees - Pase 5 Subj : Anomal ous Luminous Phenomena (Seventh Report) ;:a,y 23, 1850 that Dr. L. A…",false,embedded text sufficient (1464 chars),"text layer present, OCR not needed"
DOW-UAP-D017_General_Correspondence_Of_Sandia.pdf,68,true,1115,")31-ZO ZO,C:20 ,..UI INCH THE F""REOCRI CK POST CO CHICAGO JU,. ""'t Y--. Tr""""r,T t. T ~ .... .....1 .1 .1.-u ..J '-> ~ --…",false,embedded text sufficient (1115 chars),"text layer present, OCR not needed"
DOW-UAP-D017_General_Correspondence_Of_Sandia.pdf,69,partial,13,- -- NW 91526,true,only 13 chars extracted — possibly page number or header only,"partial text layer detected; may be page numbers, stamps, or OCR artifacts"
DOW-UAP-D017_General_Correspondence_Of_Sandia.pdf,70,true,1211,". I . 6f:J!RST . DEPARU!EtIT OF THE AIR F0)1CE HEAD<.,!UARI'ERS UNITED STATES AIR FORCE WA.SHINGTON THE INSPECTOR GENERA…",false,embedded text sufficient (1211 chars),"text layer present, OCR not needed"
DOW-UAP-D017_General_Correspondence_Of_Sandia.pdf,71,true,2021,"• DEB\RT~;ENT OF THE AIR FORCE HEADQUARTERS UNITED STATES AIR FORCE WASHINGTON -,-.-o~E""!""!' lro' Cl,\SS~~~lf~ THE INSPE…",false,embedded text sufficient (2021 chars),"text layer present, OCR not needed"
DOW-UAP-D017_General_Correspondence_Of_Sandia.pdf,72,true,352,""" SUMHARY OF INFO!W!.TION (Cont) 19 :\pril 1949 sufficient i nformation to warrant inclusion of such facts as t hey did …",false,embedded text sufficient (352 chars),"text layer present, OCR not needed"
DOW-UAP-D017_General_Correspondence_Of_Sandia.pdf,73,true,1653,DatE: 5 Dec :±8 5 Dec -:i:8 5 Dec 48 5 Dec 48 5 Dec 48 5 Dec 48 5 Dec ·18 5 Doc 18 5 J oe 48 5 Dec '±8 5 Dec .;3 5 D~c ~…,false,embedded text sufficient (1653 chars),"text layer present, OCR not needed"
DOW-UAP-D017_General_Correspondence_Of_Sandia.pdf,74,true,1016,"- - - ------- .0•:.~ ""'..; 2'r 1'""'~"" """" 2 1.!nr .1,r--_ r 3 '3 - Jf,""I,..,,, 8 -~ar 13 :i~r· 27 .·,r 5 l,pr 6 ,.pr 7 .,…",false,embedded text sufficient (1016 chars),"text layer present, OCR not needed"
DOW-UAP-D017_General_Correspondence_Of_Sandia.pdf,75,true,3575,"• EXTRACT FROM REPORT SUBMITTED BY DR. La.Pf,Z ON 20 DECIDirBER 1948 : December 14 : 1:00 a . m., Er . lfono Sanch ez (W…",false,embedded text sufficient (3575 chars),"text layer present, OCR not needed"
DOW-UAP-D017_General_Correspondence_Of_Sandia.pdf,76,true,3550,"De oe~ber 20, 1948 TO: Colonel Doylo Re0s 3 . 4 In the case of meteorites that pcm.0tratc to :1.s lO'N l evels e s that …",false,embedded text sufficient (3550 chars),"text layer present, OCR not needed"
DOW-UAP-D017_General_Correspondence_Of_Sandia.pdf,77,true,910,"-= , l....ti :::::::1 ­ ---""""'!.,•. !!J 2_ ~ ...,... I NCIDEHTS OF 13 AND 20 DECE::lBER 1948 : The unusual f e ature o f…",false,embedded text sufficient (910 chars),"text layer present, OCR not needed"
DOW-UAP-D017_General_Correspondence_Of_Sandia.pdf,78,true,3038,"INCLOSURE #=6 The Univer s i t y of New Mexico Albuquerque De cember 30 , 19~E Insti tute o f Meteoritics Lt. Colonel Do…",false,embedded text sufficient (3038 chars),"text layer present, OCR not needed"
DOW-UAP-D017_General_Correspondence_Of_Sandia.pdf,79,true,1706,"Docrnnber 30, 1918 Lt. Col. Doyle Reos - 2­ It is found that the f i r eball doubly obse rved by Messrs . Wilson, Truett…",false,embedded text sufficient (1706 chars),"text layer present, OCR not needed"
DOW-UAP-D017_General_Correspondence_Of_Sandia.pdf,80,true,2546,"TO: Directo r , I ntellig&nce & Se cu rity Divis i (m 7 Ja nua r y 1 949 FROM: Ch i e f , Phys ica l Se curity Branch SU…",false,embedded text sufficient (2546 chars),"text layer present, OCR not needed"
DOW-UAP-D017_General_Correspondence_Of_Sandia.pdf,81,true,3258,"' THE UNIVERSI TY OF NEV'f HEXICO • ALBUQUERQUE Febr uar y 21 , 1949 Institute of Met e oritics Lt Col onel Doyle Rec s …",false,embedded text sufficient (3258 chars),"text layer present, OCR not needed"
DOW-UAP-D017_General_Correspondence_Of_Sandia.pdf,82,true,3932,"....,......- ..... s 3. As a r e su l t of tho gr ou nd and a i r s0ur chos r e f 0r r0d to ubovo , and of a n anal y si…",false,embedded text sufficient (3932 chars),"text layer present, OCR not needed"
DOW-UAP-D017_General_Correspondence_Of_Sandia.pdf,83,true,1534,"o p .,-... i INCIDENTS OF 17 FEBHULP..Y AUD 27 .:..LHCi-I: In each r;f t;rn.. se incir,o:-1ts t he foll.)wing 'lesc:ript…",false,embedded text sufficient (1534 chars),"text layer present, OCR not needed"
DOW-UAP-D017_General_Correspondence_Of_Sandia.pdf,84,true,622,INCIDENT OF 8 UARCH 1949 : This i ncident was r eported b y an AESS Ins}?ector en duty at Les A.lam--s . The ob j ect- a…,false,embedded text sufficient (622 chars),"text layer present, OCR not needed"
DOW-UAP-D017_General_Correspondence_Of_Sandia.pdf,85,true,72,"NW 91526 ·n. -"" ' Le_· ho V/.J~l -.G tG ... ID . --· ' . .. . ' • .. ~ -",false,embedded text sufficient (72 chars),"text layer present, OCR not needed"
DOW-UAP-D017_General_Correspondence_Of_Sandia.pdf,86,true,1437,"I /l, HEADQUARTERS. SANDIA B ASE 797 ALBUQUERQUE . NEW MEXICO MAR 3119~ : REFER TO FILE No. SBID/1 SUBJ:IDT: Unidenti fi…",false,embedded text sufficient (1437 chars),"text layer present, OCR not needed"
DOW-UAP-D017_General_Correspondence_Of_Sandia.pdf,87,partial,39,"4 .. 0 ., • 1 ,. • l T ..... NW 91526 •",true,only 39 chars extracted — possibly page number or header only,"partial text layer detected; may be page numbers, stamps, or OCR artifacts"
DOW-UAP-D017_General_Correspondence_Of_Sandia.pdf,88,true,363,"• L Si"".'PIN/380.0l 1st Ind Headquerters, Armed Forces Special Weapons Project, P.O. Box 2610, TI'ashiagton 25, D. C. , …",false,embedded text sufficient (363 chars),"text layer present, OCR not needed"
DOW-UAP-D017_General_Correspondence_Of_Sandia.pdf,89,partial,48,"l . . l . ) . v.,I ·1 . , . 0 . .. . .J NW 91526",true,only 48 chars extracted — possibly page number or header only,"partial text layer detected; may be page numbers, stamps, or OCR artifacts"
DOW-UAP-D017_General_Correspondence_Of_Sandia.pdf,90,true,1308,"(. I I cop1 s, Scr.c 18 Fobrua.ry l94S REPORT OF TRIP TO LOO AJ.AMOS, NEW MEXICO,. 16 FEBRUARY 1949,. BY C<ldMA.NDER RIC…",false,embedded text sufficient (1308 chars),"text layer present, OCR not needed"
DOW-UAP-D017_General_Correspondence_Of_Sandia.pdf,91,true,2055,"- """"""'!!!!11;:::::ss--C::::::::-=:::;;-~1 _:, I I Report of Trip to Los Alamos. 16 Feb 49 (Cont.) 18 February 1949 3. Dr…",false,embedded text sufficient (2055 chars),"text layer present, OCR not needed"
DOW-UAP-D017_General_Correspondence_Of_Sandia.pdf,92,true,2745,"• ( I Report of Trip to Los Alamos., 16 Feb 49 (Cont.) 18 Febr1:1ary 1949 average during December., January., and Februa…",false,embedded text sufficient (2745 chars),"text layer present, OCR not needed"
DOW-UAP-D017_General_Correspondence_Of_Sandia.pdf,93,true,853,"• ( Report of Trip to Los Alamos, 16 Feb 49 (Cont.) 18 Febr~ary 1949 until their source and meaning have been sntiefacto…",false,embedded text sufficient (853 chars),"text layer present, OCR not needed"
DOW-UAP-D017_General_Correspondence_Of_Sandia.pdf,94,partial,8,NW 91526,true,only 8 chars extracted — possibly page number or header only,"partial text layer detected; may be page numbers, stamps, or OCR artifacts"
DOW-UAP-D017_General_Correspondence_Of_Sandia.pdf,95,true,2618,". . .. DATE PREPARING OFFICE SUBJECT OF SOURCE: OF INFORMATlilN: COMPLETELY REllABLE . • •• A CONFIRMED BY, OTHER SOURCE…",false,embedded text sufficient (2618 chars),"text layer present, OCR not needed"
DOW-UAP-D017_General_Correspondence_Of_Sandia.pdf,96,true,133,"'tr .. 0 0 d (\) .0) 870.00 0 0 . lO TANK DESTROYER CENTER CAMP HOOD , TEXAS 0 m 850.00 SCALE I: 62,500 FIRST EDITION 19…",false,embedded text sufficient (133 chars),"text layer present, OCR not needed"
DOW-UAP-D017_General_Correspondence_Of_Sandia.pdf,97,true,2275,".,. . .,, FINFORMATION roh 1949 pdfflcemot the AC ot s. G-2. B dquarter■ Fourth Amy. Fort Houston. Tua• CODE FOR USE IN …",false,embedded text sufficient (2275 chars),"text layer present, OCR not needed"
DOW-UAP-D017_General_Correspondence_Of_Sandia.pdf,98,true,1547,PREPARING OFFICE ttioe ot tu A CODE FOR USE IN INDIVIDUAL PARAGRAPH EVALUATION SUBJECT OF SOURCE: OF INFORMATION: vaJSUA…,false,embedded text sufficient (1547 chars),"text layer present, OCR not needed"
DOW-UAP-D017_General_Correspondence_Of_Sandia.pdf,99,true,175,"I ~ z::::;;::::: 0 (\J (Y'; 865 II) 'C.l ~ >< 0 0 0 (!""'I 0 850000 Y~rds <"""" TANK DESTRuD.!R c1..,·r.ER, c.1.ViP Hov.J, …",false,embedded text sufficient (175 chars),"text layer present, OCR not needed"
DOW-UAP-D017_General_Correspondence_Of_Sandia.pdf,100,partial,12,r : NW 91526,true,only 12 chars extracted — possibly page number or header only,"partial text layer detected; may be page numbers, stamps, or OCR artifacts"
DOW-UAP-D017_General_Correspondence_Of_Sandia.pdf,101,true,524,"lp2.l AK.t\DB StJBJEC!• U.iwnal 1.1.~ti 1'0 • COlilnaniW,Sg Ge:::tenll Sandia Daso P. O. Box 5100 Al~rqua. 5ow l1n::lco …",false,embedded text sufficient (524 chars),"text layer present, OCR not needed"
DOW-UAP-D017_General_Correspondence_Of_Sandia.pdf,102,true,3072,"SUMMARY OF INFORMATION DAT£ 16 March 1949 PREPARING OFFICE Oti""ioe ot the AC ~ s. o-2. Hoadquartor■ V· urtb A:r,q. Fort …",false,embedded text sufficient (3072 chars),"text layer present, OCR not needed"
DOW-UAP-D017_General_Correspondence_Of_Sandia.pdf,103,true,959,"• I ' aiibirs l Shlipe1 Oblong Siae, Dltaori.bed u ;ttabaut e tt by l tt• Colort i.l.e blue-whito 11~ Sped, Bot known l'…",false,embedded text sufficient (959 chars),"text layer present, OCR not needed"
DOW-UAP-D017_General_Correspondence_Of_Sandia.pdf,104,true,1211,"8/1. 01'ttoe o:t thli AC ot s. o-2. •~ Fourth i:r,q. Fort, s.a Bou.aton. ,--... 16 Ila.Nb 19l9. n1:tj. ""~ Ught,i"" , . l'…",false,embedded text sufficient (1211 chars),"text layer present, OCR not needed"
DOW-UAP-D017_General_Correspondence_Of_Sandia.pdf,105,true,932,"(U) ....,._, ThU obternr 1D mlk ~ and el.Matlcm Hen ~ :Uk• this anena. ore. 2. J'na obffn&t1on point (aee attnabed owrla…",false,embedded text sufficient (932 chars),"text layer present, OCR not needed"
DOW-UAP-D017_General_Correspondence_Of_Sandia.pdf,106,true,945,~· lot laiotm ~-• 820°W ~wn.blUt)?t ll~cl tllish .lltitudea 260 &bO'ft hori&Oll Sound• Honii lllhauat trail• Kcmt 4. Pr.…,false,embedded text sufficient (945 chars),"text layer present, OCR not needed"
DOW-UAP-D017_General_Correspondence_Of_Sandia.pdf,107,true,1429,"lblibil""I 1 Sna,., Boundi■h head '.W1th haiy moke trail• SiN• Not known \}olor1 Pale 'Jlt-.ite light o.t boad Speed, fio…",false,embedded text sufficient (1429 chars),"text layer present, OCR not needed"
DOW-UAP-D017_General_Correspondence_Of_Sandia.pdf,108,true,1189,"wtt.boa t.lie .tem.. Th» Seourlty Oftloer of Gito Bu::er ls lliwati tlng. He ■tat.a 1-h• lJ.dit ,.. not Ni'riecl by u_y …",false,embedded text sufficient (1189 chars),"text layer present, OCR not needed"
DOW-UAP-D017_General_Correspondence_Of_Sandia.pdf,109,true,638,Cl LENGTH OF RAY LINES DOES NOT INDICATE DISTANCE FROM OBSERVATION POINT TO OBJECT. DISTANCE FROM OBSERVATION POINT TO O…,false,embedded text sufficient (638 chars),"text layer present, OCR not needed"
DOW-UAP-D017_General_Correspondence_Of_Sandia.pdf,110,partial,8,NW 91526,true,only 8 chars extracted — possibly page number or header only,"partial text layer detected; may be page numbers, stamps, or OCR artifacts"
DOW-UAP-D017_General_Correspondence_Of_Sandia.pdf,111,partial,8,NW 91526,true,only 8 chars extracted — possibly page number or header only,"partial text layer detected; may be page numbers, stamps, or OCR artifacts"
DOW-UAP-D017_General_Correspondence_Of_Sandia.pdf,112,partial,8,NW 91526,true,only 8 chars extracted — possibly page number or header only,"partial text layer detected; may be page numbers, stamps, or OCR artifacts"
DOW-UAP-D017_General_Correspondence_Of_Sandia.pdf,113,partial,8,NW 91526,true,only 8 chars extracted — possibly page number or header only,"partial text layer detected; may be page numbers, stamps, or OCR artifacts"
DOW-UAP-D017_General_Correspondence_Of_Sandia.pdf,114,partial,19,"I NW 91526 t ,/ . .",true,only 19 chars extracted — possibly page number or header only,"partial text layer detected; may be page numbers, stamps, or OCR artifacts"
DOW-UAP-D017_General_Correspondence_Of_Sandia.pdf,115,partial,8,NW 91526,true,only 8 chars extracted — possibly page number or header only,"partial text layer detected; may be page numbers, stamps, or OCR artifacts"
DOW-UAP-D017_General_Correspondence_Of_Sandia.pdf,116,partial,33,.. . ' I I j I~ 34377373 NW 91526,true,only 33 chars extracted — possibly page number or header only,"partial text layer detected; may be page numbers, stamps, or OCR artifacts"
ODNI-UAP-D001_USPER_Narrative_Senior_USIC.pdf,1,true,3080,"In late 2025, during early evening daylight hours, I – a senior U.S. intelligence officer – along with a colleague and t…",false,embedded text sufficient (3080 chars),"text layer present, OCR not needed"
ODNI-UAP-D001_USPER_Narrative_Senior_USIC.pdf,2,true,2497,"accelerated out of sight. We brieﬂy pursued but broke off, unable to match its speed. At one point, the JOC informed us …",false,embedded text sufficient (2497 chars),"text layer present, OCR not needed"
dos-uap-d1-cable-1-papua-new-guinea-january-1985.pdf,1,true,1415,"UNCLASSIFIED CSP-2025-00040 B-00002707027 ""UNCLASSIFIED"" 3/2/2026 UNCLASSIFIED MRN: 85 PORT MORESBY 199 Date/DTG: Jan 28…",false,embedded text sufficient (1415 chars),"text layer present, OCR not needed"
dos-uap-d1-cable-1-papua-new-guinea-january-1985.pdf,2,true,1245,"UNCLASSIFIED CSP-2025-00040 B-00002707027 ""UNCLASSIFIED"" 3/2/2026 2. NIO SAID THERE HAVE BEEN VARIOUS REPORTS OF UNIDENT…",false,embedded text sufficient (1245 chars),"text layer present, OCR not needed"
dos-uap-d1-cable-1-papua-new-guinea-january-1985.pdf,3,true,136,"UNCLASSIFIED CSP-2025-00040 B-00002707027 ""UNCLASSIFIED"" 3/2/2026 Dissemination Rule: Archive Copy UNCLASSIFIED UNCLASSI…",false,embedded text sufficient (136 chars),"text layer present, OCR not needed"
dos-uap-d2-cable-2-kazakhstan-january-1994.pdf,1,true,1230,"UNCLASSIFIED CSP-2025-00040 B-00002707028 ""UNCLASSIFIED"" 3/2/2026 UNCLASSIFIED MRN: 94 DUSHANBE 259 Date/DTG: Jan 31 , 1…",false,embedded text sufficient (1230 chars),"text layer present, OCR not needed"
dos-uap-d2-cable-2-kazakhstan-january-1994.pdf,2,true,2350,"UNCLASSIFIED CSP-2025-00040 B-00002707028 ""UNCLASSIFIED"" 3/2/2026 UNCLASSIFIED PAGE 02 DUSHAN 00259 310310Z 747SP AT LAT…",false,embedded text sufficient (2350 chars),"text layer present, OCR not needed"
dos-uap-d2-cable-2-kazakhstan-january-1994.pdf,3,true,141,"UNCLASSIFIED CSP-2025-00040 B-00002707028 ""UNCLASSIFIED"" 3/2/2026 NNNN Dissemination Rule: Archive Copy UNCLASSIFIED UNC…",false,embedded text sufficient (141 chars),"text layer present, OCR not needed"
dow-uap-d10-mission-report-middle-east-may-2022.pdf,1,true,1144,"SECRET//REL TO USA, FVEY Declassified by MG Richard A. Harrison USCENTCOM Chief of Staff Declassified on: 7 October 2025…",false,embedded text sufficient (1144 chars),"text layer present, OCR not needed"
dow-uap-d10-mission-report-middle-east-may-2022.pdf,2,true,917,"SECRET//REL TO USA, FVEY Declassified by MG Richard A. Harrison USCENTCOM Chief of Staff Declassified on: 7 October 2025…",false,embedded text sufficient (917 chars),"text layer present, OCR not needed"
dow-uap-d10-mission-report-middle-east-may-2022.pdf,3,true,998,"Declassified by MG Richard A. Harrison USCENTCOM Chief of Staff Declassified on: 7 October 2025 SECRET//REL TO USA, FVEY…",false,embedded text sufficient (998 chars),"text layer present, OCR not needed"
dow-uap-d10-mission-report-middle-east-may-2022.pdf,4,true,1129,"SECRET//REL TO USA, FVEY Declassified by MG Richard A. Harrison USCENTCOM Chief of Staff Declassified on: 7 October 2025…",false,embedded text sufficient (1129 chars),"text layer present, OCR not needed"
dow-uap-d10-mission-report-middle-east-may-2022.pdf,5,true,1402,"Declassified by MG Richard A. Harrison USCENTCOM Chief of Staff Declassified on: 7 October 2025 SECRET//REL TO USA, FVEY…",false,embedded text sufficient (1402 chars),"text layer present, OCR not needed"
dow-uap-d10-mission-report-middle-east-may-2022.pdf,6,true,1327,"SECRET//REL TO USA, FVEY Declassified by MG Richard A. Harrison USCENTCOM Chief of Staff Declassified on: 7 October 2025…",false,embedded text sufficient (1327 chars),"text layer present, OCR not needed"
dow-uap-d12-mission-report-iraq-may-2022.pdf,1,true,1157,"SECRET//REL TO USA, FVEY Declassified by MG Richard A. Harrison USCENTCOM Chief of Staff Declassified on: 8 October 2025…",false,embedded text sufficient (1157 chars),"text layer present, OCR not needed"
dow-uap-d12-mission-report-iraq-may-2022.pdf,2,true,1122,"Declassified by MG Richard A. Harrison USCENTCOM Chief of Staff Declassified on: 8 October 2025 SECRET//REL TO USA, FVEY…",false,embedded text sufficient (1122 chars),"text layer present, OCR not needed"
dow-uap-d12-mission-report-iraq-may-2022.pdf,3,true,1214,"SECRET//REL TO USA, FVEY Declassified by MG Richard A. Harrison USCENTCOM Chief of Staff Declassified on: 8 October 2025…",false,embedded text sufficient (1214 chars),"text layer present, OCR not needed"
dow-uap-d12-mission-report-iraq-may-2022.pdf,4,true,1163,"Declassified by MG Richard A. Harrison USCENTCOM Chief of Staff Declassified on: 8 October 2025 SECRET//REL TO USA, FVEY…",false,embedded text sufficient (1163 chars),"text layer present, OCR not needed"
dow-uap-d12-mission-report-iraq-may-2022.pdf,5,true,1248,"Declassified by MG Richard A. Harrison USCENTCOM Chief of Staff Declassified on: 8 October 2025 SECRET//REL TO USA, FVEY…",false,embedded text sufficient (1248 chars),"text layer present, OCR not needed"
dow-uap-d12-mission-report-iraq-may-2022.pdf,6,true,1126,"SECRET//REL TO USA, FVEY • Initial Contact DTG: 202043:00ZMAY22 • MDS Type / Asset Type: UNK • Tail Number: UNK Declassi…",false,embedded text sufficient (1126 chars),"text layer present, OCR not needed"
dow-uap-d14-mission-report-iraq-may-2022.pdf,1,true,1071,"SECRET//REL TO USA, FVEY Misrep undefined-7561279 Narrative (S//REL) AT 13552,~TOOK OFF FROM SIGONELLA AIRBASE (LIC2). A…",false,embedded text sufficient (1071 chars),"text layer present, OCR not needed"
dow-uap-d14-mission-report-iraq-may-2022.pdf,2,true,1064,"SECRET//REL TO USA, FVEY • Classification: SECRET • Associated Caveats: REL TO USA, FVEY • Classification Source (MS or …",false,embedded text sufficient (1064 chars),"text layer present, OCR not needed"
dow-uap-d14-mission-report-iraq-may-2022.pdf,3,true,1088,"SECRET//REL TO USA, FVEY • Rank: Ctr • Full Nam~-~c, F0IA Exemption (b)~) • Unit: 12 AF PAROC • Wing: Other • Phone Numl…",false,embedded text sufficient (1088 chars),"text layer present, OCR not needed"
dow-uap-d14-mission-report-iraq-may-2022.pdf,4,true,1275,"SECRET//REL TO USA, FVEY • IRCM Name or Designator: - • IRCM Software Load or Mission Data: - • ECM Name or Designator: …",false,embedded text sufficient (1275 chars),"text layer present, OCR not needed"
dow-uap-d14-mission-report-iraq-may-2022.pdf,5,true,1335,"Mfflffl'f/l:RB 'fO tiM, f¥I))¥ • Last Engine Shutdown Time: 301035:00ZMAY22 • Total Mission Time: 20 hours 30 minutes • …",false,embedded text sufficient (1335 chars),"text layer present, OCR not needed"
dow-uap-d14-mission-report-iraq-may-2022.pdf,6,true,2844,"8tefflffllf""1'1(1tf 'ft) UM, M7i!Y AREA (36SXD7(1Tial;~, SYRIAN NAVY OPS AREA (36SYD3~5~, SYRIAN NAVY OPS AREA (36SYE371…",false,embedded text sufficient (2844 chars),"text layer present, OCR not needed"
dow-uap-d14-mission-report-iraq-may-2022.pdf,7,true,1153,"SECRET//REL TO USA, FVEY • Precoord Effectiveness: - WEATHER • Weather: (S//REL) WAS NOT A FACTOR EFFECTIVENESS • Tasker…",false,embedded text sufficient (1153 chars),"text layer present, OCR not needed"
dow-uap-d14-mission-report-iraq-may-2022.pdf,8,true,1631,"SECRET//REL TO USA, FVEY GENTEXTIREACTION • Gentext: (S//NF) AT 2147Z,~WAS REACTED TO BY 1-3 ACFT, INCLUDING IX POSS RFA…",false,embedded text sufficient (1631 chars),"text layer present, OCR not needed"
dow-uap-d14-mission-report-iraq-may-2022.pdf,9,true,854,"SECRET//REL TO USA, FVEY • Observation DTG: 300011 :00ZMAY22 • Aircraft Callsign: I 1.4a I • Aircraft Location: 36SYE6ff…",false,embedded text sufficient (854 chars),"text layer present, OCR not needed"
dow-uap-d16-mission-report-syria-july-2022.pdf,1,true,1481,"Bf!Jltl!l't'if!C'Mfflffli Misrep undefined-7816710 Narrative eSECR-JS'f//ftffl.:; 'fBtfflff; P""Ylf'f) AT 301639ZJUL22, T…",false,embedded text sufficient (1481 chars),"text layer present, OCR not needed"
dow-uap-d16-mission-report-syria-july-2022.pdf,2,true,1028,• Report Type: MISREP • Originator (Unit or Squadron): 89 ATKS • Submit Date: MSNID • Tasking Order (ATO): DI • Mission …,false,embedded text sufficient (1028 chars),"text layer present, OCR not needed"
dow-uap-d16-mission-report-syria-july-2022.pdf,3,true,1137,"• Phone Number:►.sc, FOIA Exemption (b}(6I • Email:! 3.5c, FOIA Exemption (b)(6) • Service: Air Force • Operations Cente…",false,embedded text sufficient (1137 chars),"text layer present, OCR not needed"
dow-uap-d16-mission-report-syria-july-2022.pdf,4,true,1011,tfflf!ltl'PifN81'8Nf • Num IR-Guided AAM: • Gun Name or Designator: • Num Gun Rounds: • Air-to-Ground Wpn to Include Num…,false,embedded text sufficient (1011 chars),"text layer present, OCR not needed"
dow-uap-d16-mission-report-syria-july-2022.pdf,5,true,2055,ftlelffl'l'h!(MONlf • Last Land Location (ICAO Code): OJMS • Last Land Time: 311519:00ZJUL22 • Last Engine Shutdown Time…,false,embedded text sufficient (2055 chars),"text layer present, OCR not needed"
dow-uap-d16-mission-report-syria-july-2022.pdf,6,true,3080,"ADM IVO 37SFU2~~ AT 02562, ~BSERVED lX REINFORCED STRUCTURE IVO 37SFU3~<iLiil FROM 03152 TO 05212,~SCANNED IVO 37SFU3~~ …",false,embedded text sufficient (3080 chars),"text layer present, OCR not needed"
dow-uap-d16-mission-report-syria-july-2022.pdf,7,true,1354,• Supported Unit: TF CHOSIN • Supported Operation~----1.-4a ___ _ • Precoord Time: 103 MINUTES • Precoord Effectiveness:…,false,embedded text sufficient (1354 chars),"text layer present, OCR not needed"
dow-uap-d18-mission-report-iraq-december-2022.pdf,1,true,1173,"8Befi'fi'fN8'0!\U Misrep undefined-8216304 Narrative EBr,'lW~ AT 1206Z,! 1.4a !TOOK OFF FROM OKAS. AT 1220Z,~HANDED OVER…",false,embedded text sufficient (1173 chars),"text layer present, OCR not needed"
dow-uap-d18-mission-report-iraq-december-2022.pdf,2,true,1031,• Tasking Order (ATO): ID • Mission Type: ISR • ATO Mission Number:! 1.4a • Country Tasked: US - UNITED STATES • Service…,false,embedded text sufficient (1031 chars),"text layer present, OCR not needed"
dow-uap-d18-mission-report-iraq-december-2022.pdf,3,true,1178,• Rank: • Full Name: • Unit: • Wing: • Phone Number: • Email: • Service: • Operations Center: ACEQUIP ACEQUIP • Aircraft…,false,embedded text sufficient (1178 chars),"text layer present, OCR not needed"
dow-uap-d18-mission-report-iraq-december-2022.pdf,4,true,1194,"fteMTff!fM8Ni • Gentext: - Timeline Takeoff • Callsign:I 1.4a • Number of Aircraft: 1 .-------, • Asset Type (Aircraft) …",false,embedded text sufficient (1194 chars),"text layer present, OCR not needed"
dow-uap-d18-mission-report-iraq-december-2022.pdf,5,true,1357,"SEat&iifWl'11 om, • GentextJ tS:VtW,! • 1.4a !COORDINATED WITH T~236 MINUTES PRIOR TO TAKE OFF. PRECOORD WAS SATISFACTOR…",false,embedded text sufficient (1357 chars),"text layer present, OCR not needed"
dow-uap-d18-mission-report-iraq-december-2022.pdf,6,true,1159,"!f:!emffl'11N'M6lt!f UAP • Initial Contact DTG: 011620:00ZDEC22 • MDS Type I Asset Type~ .4a, 1.4• • Tail Number: !1 .4a…",false,embedded text sufficient (1159 chars),"text layer present, OCR not needed"
dow-uap-d19-mission-report-syria-february-21-2023.pdf,1,true,1669,SB@M1fi'f:rtffl.'Ol\.U Misrep undefined-8353978 Narrative ***MSN AMENDS:~/ DCA I ESSA I 0000-0334z v 0000-0300z / +0+34 …,false,embedded text sufficient (1669 chars),"text layer present, OCR not needed"
dow-uap-d19-mission-report-syria-february-21-2023.pdf,2,true,956,Sllf!lt1ft¥1'.H8PONif Admin CLASSIFICATION • Classification: SECRET • Associated Caveats: Mffl~ • Classification Source …,false,embedded text sufficient (956 chars),"text layer present, OCR not needed"
dow-uap-d19-mission-report-syria-february-21-2023.pdf,3,true,900,"• Phone Numller~FOIA Exemption tb)(6) • Email~ 3.5c, FOIA Exemption (b)(6) • Service: Air Force • Operations Center: 609…",false,embedded text sufficient (900 chars),"text layer present, OCR not needed"
dow-uap-d19-mission-report-syria-february-21-2023.pdf,4,true,1637,"811f!Jl!lftWNell10Nif • Aircraft Callsign I 1.4a '-----.:!---~ • Radar Name or Destination~ 1.4a, 1.4g • Radar Software …",false,embedded text sufficient (1637 chars),"text layer present, OCR not needed"
dow-uap-d19-mission-report-syria-february-21-2023.pdf,5,true,1470,• ECM Software Load or Mission Data: • CMD Name or Designator: ALE-45 • Chaff Designator: RR-180 • Num Chaff or Cartridg…,false,embedded text sufficient (1470 chars),"text layer present, OCR not needed"
dow-uap-d19-mission-report-syria-february-21-2023.pdf,6,true,1395,"811@-ft'l','f!lfMO!\N • Last Land Location (ICAO Code): OJMS • Last Land Time: 210425:00ZFEB23 • Last Engine Shutdown Ti…",false,embedded text sufficient (1395 chars),"text layer present, OCR not needed"
dow-uap-d19-mission-report-syria-february-21-2023.pdf,7,true,1218,"SIH:fltlfflHfflPOttn:. GENTEXTIAIR REFUEL • Gentext: fBf,'REL 'i'O ~. ,v:t!fl) 2345Z~ 1.4a FLT AIR REFUELED W~CEIVING 37…",false,embedded text sufficient (1218 chars),"text layer present, OCR not needed"
dow-uap-d19-mission-report-syria-february-21-2023.pdf,8,true,1265,.8ECltEI1'UerOitl ◄ • Air Refuel DTG: 210226:00ZFEB23 • Tanker Commander:! 1.4a I • Tanker Track: GANDER • Scheduled Fli…,false,embedded text sufficient (1265 chars),"text layer present, OCR not needed"
dow-uap-d19-mission-report-syria-february-21-2023.pdf,9,true,1240,• Mission Impact: NONE • JSIR Report ID: 340377 • Global Campaign Plan: GENTEXT/EMI • Gentext: tBONF) 0021Z-0024Z ~CEIVE…,false,embedded text sufficient (1240 chars),"text layer present, OCR not needed"
dow-uap-d19-mission-report-syria-february-21-2023.pdf,10,true,557,"• Coords End~.__ ___ 1_.4_a ___ _, • Altitude: FL210 • Duration: • Lateral CPA: • Horizontal CPA: • Aircraft Type: BALLO…",false,embedded text sufficient (557 chars),"text layer present, OCR not needed"
dow-uap-d20-mission-report-iraq-2023.pdf,1,true,1271,"8tleB'fll:N8ifefflf Misrep undefined-8584059 Narrative (ff,';lfffltJ 'ffi UM, FV£Y) !ll 19012MAR23 -I 1.4a l(Ci!ia]FLT),…",false,embedded text sufficient (1271 chars),"text layer present, OCR not needed"
dow-uap-d20-mission-report-iraq-2023.pdf,2,true,1002,• Domain: AIR • Operations Center: 609th • Major Command (MAJCOM): AFCENT • Combatant Command (COCOM): USCENTCOM MSGID •…,false,embedded text sufficient (1002 chars),"text layer present, OCR not needed"
dow-uap-d20-mission-report-iraq-2023.pdf,3,true,1232,"• SliJettM.,'tNM8ftH APPROVER • Rank: TSgt • Ful~a:lx .... e_m_p-tio-ns-(-b)-(3...,)! 130b, (b)(6) • Unit: Unavailable •…",false,embedded text sufficient (1232 chars),"text layer present, OCR not needed"
dow-uap-d20-mission-report-iraq-2023.pdf,4,true,1683,Bettm'l'if!fMM!f • Towed Decoy Software Load or Mission Data: MTP AA51 • Num Towed Decoys: 2 • Type of Radar-Guided AAM:…,false,embedded text sufficient (1683 chars),"text layer present, OCR not needed"
dow-uap-d20-mission-report-iraq-2023.pdf,5,true,1187,BE!Hl'lfflifMOlt!if • Additional Avionics: HTS-P R7.85 • Data Link: LINK 16 • Gentext: Timeline Takeoff • Callsign~ 1.4a…,false,embedded text sufficient (1187 chars),"text layer present, OCR not needed"
dow-uap-d20-mission-report-iraq-2023.pdf,6,true,1527,"SEatE iifWl'11 ORL, UAP • Initial Contact DTG: 312302:05ZMAR23 • MDS Type I Asset Type:l 1.4a, 1 .4g I • Tail Numbed 1.4…",false,embedded text sufficient (1527 chars),"text layer present, OCR not needed"
dow-uap-d20-mission-report-southern-united-states-2023.pdf,1,true,1271,"8tleB'fll:N8ifefflf Misrep undefined-8584059 Narrative (ff,';lfffltJ 'ffi UM, FV£Y) !ll 19012MAR23 -I 1.4a l(Ci!ia]FLT),…",false,embedded text sufficient (1271 chars),"text layer present, OCR not needed"
dow-uap-d20-mission-report-southern-united-states-2023.pdf,2,true,1002,• Domain: AIR • Operations Center: 609th • Major Command (MAJCOM): AFCENT • Combatant Command (COCOM): USCENTCOM MSGID •…,false,embedded text sufficient (1002 chars),"text layer present, OCR not needed"
dow-uap-d20-mission-report-southern-united-states-2023.pdf,3,true,1232,"• SliJettM.,'tNM8ftH APPROVER • Rank: TSgt • Ful~a:lx .... e_m_p-tio-ns-(-b)-(3...,)! 130b, (b)(6) • Unit: Unavailable •…",false,embedded text sufficient (1232 chars),"text layer present, OCR not needed"
dow-uap-d20-mission-report-southern-united-states-2023.pdf,4,true,1683,Bettm'l'if!fMM!f • Towed Decoy Software Load or Mission Data: MTP AA51 • Num Towed Decoys: 2 • Type of Radar-Guided AAM:…,false,embedded text sufficient (1683 chars),"text layer present, OCR not needed"
dow-uap-d20-mission-report-southern-united-states-2023.pdf,5,true,1187,BE!Hl'lfflifMOlt!if • Additional Avionics: HTS-P R7.85 • Data Link: LINK 16 • Gentext: Timeline Takeoff • Callsign~ 1.4a…,false,embedded text sufficient (1187 chars),"text layer present, OCR not needed"
dow-uap-d20-mission-report-southern-united-states-2023.pdf,6,true,1527,"SEatE iifWl'11 ORL, UAP • Initial Contact DTG: 312302:05ZMAR23 • MDS Type I Asset Type:l 1.4a, 1 .4g I • Tail Numbed 1.4…",false,embedded text sufficient (1527 chars),"text layer present, OCR not needed"
dow-uap-d23-mission-report-united-arab-emirates-october-2023.pdf,1,true,1420,Declassified by MG Richard A. Harrison illl llMIJIifl 811 IUIU USCENTCOM Chief of Staff Declassified on: 12 September 20…,false,embedded text sufficient (1420 chars),"text layer present, OCR not needed"
dow-uap-d23-mission-report-united-arab-emirates-october-2023.pdf,2,true,995,"Declassified by MG Richard A Harrison Ill IMT IIHI N T USCENTCOM Chief of Staff Declass fled on: 12 Septel""lber 2025 FOU…",false,embedded text sufficient (995 chars),"text layer present, OCR not needed"
dow-uap-d23-mission-report-united-arab-emirates-october-2023.pdf,3,true,896,• Service: Air Force • Operations Center: 609 CAOC BIil!lllllli!lUIP8NI Declassified by MG Richard A. Harrison USCENTCOM…,false,embedded text sufficient (896 chars),"text layer present, OCR not needed"
dow-uap-d23-mission-report-united-arab-emirates-october-2023.pdf,4,true,1407,Declassified by MG Richard A. Harrison USCENTCOM Chief of Staff Declassified on: 12 September 2025 FOUO / Privacy Act ap…,false,embedded text sufficient (1407 chars),"text layer present, OCR not needed"
dow-uap-d23-mission-report-united-arab-emirates-october-2023.pdf,5,true,814,ill■ .IINIW:UUIIUNI Landing • Last Land Location (ICAO Code): OMAM • Last Land Time: 242058:00ZOCT23 • Last Engine Shutd…,false,embedded text sufficient (814 chars),"text layer present, OCR not needed"
dow-uap-d23-mission-report-united-arab-emirates-october-2023.pdf,6,true,1400,"Declassified by MG Richard A Harrison i!IIU!IMIIIIISI 9181 USCENTCOM Chief of Staff Declass fled on: 12 Septel""lber 2025…",false,embedded text sufficient (1400 chars),"text layer present, OCR not needed"
dow-uap-d23-mission-report-united-arab-emirates-october-2023.pdf,7,true,1656,"Declassified by MG Richard A Harrison IIIMT UHINI USCENTCOM Chref of Staff Declass fled on· 12 Septer,ber 2025 FOUO Priv…",false,embedded text sufficient (1656 chars),"text layer present, OCR not needed"
dow-uap-d23-mission-report-united-arab-emirates-october-2023.pdf,8,true,1761,"Declassified by MG Richard A Harrison IIIMT UHINI USCENTCOM Chref of Staff Declass fled on· 12 Septer,ber 2025 FOUO Priv…",false,embedded text sufficient (1761 chars),"text layer present, OCR not needed"
dow-uap-d23-mission-report-united-arab-emirates-october-2023.pdf,9,true,1725,"Declassified by MG Richard A Harrison IIIMT UHINf USCENTCOM Chref of Staff Declass fled on· 12 Septer,ber 2025 FOUO Priv…",false,embedded text sufficient (1725 chars),"text layer present, OCR not needed"
dow-uap-d25-mission-report-greece-january-2024.pdf,1,true,1345,"SECRET//REL TO USA, FVEY Declassified by MG Richard A. Harrison USCENTCOM Chief of Staff Declassified on: 24 October 202…",false,embedded text sufficient (1345 chars),"text layer present, OCR not needed"
dow-uap-d25-mission-report-greece-january-2024.pdf,2,true,1082,"SECRET//REL TO USA, FVEY Declassified by MG Richard A. Harrison USCENTCOM Chief of Staff Declassified on: 24 October 202…",false,embedded text sufficient (1082 chars),"text layer present, OCR not needed"
dow-uap-d25-mission-report-greece-january-2024.pdf,3,true,1167,"Declassified by MG Richard A. Harrison USCENTCOM Chief of Staff Declassified on: 24 October 2025 SECRET//REL TO USA, FVE…",false,embedded text sufficient (1167 chars),"text layer present, OCR not needed"
dow-uap-d25-mission-report-greece-january-2024.pdf,4,true,1247,"SECRET//REL TO USA, FVEY Declassified by MG Richard A. Harrison USCENTCOM Chief of Staff Declassified on: 24 October 202…",false,embedded text sufficient (1247 chars),"text layer present, OCR not needed"
dow-uap-d25-mission-report-greece-january-2024.pdf,5,true,1445,"SECRET//REL TO USA, FVEY Declassified by MG Richard A. Harrison USCENTCOM Chief of Staff Declassified on: 24 October 202…",false,embedded text sufficient (1445 chars),"text layer present, OCR not needed"
dow-uap-d25-mission-report-greece-january-2024.pdf,6,true,1607,"SECRET//REL TO USA, FVEY Declassified by MG Richard A. Harrison USCENTCOM Chief of Staff Declassified on: 24 October 202…",false,embedded text sufficient (1607 chars),"text layer present, OCR not needed"
dow-uap-d25-mission-report-greece-january-2024.pdf,7,true,1919,"Declassified by MG Richard A. Harrison USCENTCOM Chief of Staff Declassified on: 24 October 2025 SECRET//REL TO USA, FVE…",false,embedded text sufficient (1919 chars),"text layer present, OCR not needed"
dow-uap-d27-mission-report-united-arab-emirates-october-2023.pdf,1,true,1136,SECRET//NOFORN Declassified by MG Richard A. Harrison USCENTCOM Chief of Staff Declassified on: 24 October 2025 Misrep u…,false,embedded text sufficient (1136 chars),"text layer present, OCR not needed"
dow-uap-d27-mission-report-united-arab-emirates-october-2023.pdf,2,true,1046,SECRET//NOFORN Declassified by MG Richard A. Harrison USCENTCOM Chief of Staff Declassified on: 24 October 2025 • Major …,false,embedded text sufficient (1046 chars),"text layer present, OCR not needed"
dow-uap-d27-mission-report-united-arab-emirates-october-2023.pdf,3,true,1166,Declassified by MG Richard A. Harrison USCENTCOM Chief of Staff Declassified on: 24 October 2025 SECRET//NOFORN • Rank: …,false,embedded text sufficient (1166 chars),"text layer present, OCR not needed"
dow-uap-d27-mission-report-united-arab-emirates-october-2023.pdf,4,true,1189,SECRET//NOFORN Declassified by MG Richard A. Harrison USCENTCOM Chief of Staff Declassified on: 24 October 2025 • Num To…,false,embedded text sufficient (1189 chars),"text layer present, OCR not needed"
dow-uap-d27-mission-report-united-arab-emirates-october-2023.pdf,5,true,1651,SECRET//NOFORN Declassified by MG Richard A. Harrison USCENTCOM Chief of Staff Declassified on: 24 October 2025 • JTAC C…,false,embedded text sufficient (1651 chars),"text layer present, OCR not needed"
dow-uap-d27-mission-report-united-arab-emirates-october-2023.pdf,6,true,1925,SECRET//NOFORN Declassified by MG Richard A. Harrison USCENTCOM Chief of Staff Declassified on: 24 October 2025 • UAP Ev…,false,embedded text sufficient (1925 chars),"text layer present, OCR not needed"
dow-uap-d27-mission-report-united-arab-emirates-october-2023.pdf,7,true,2039,SECRET//NOFORN Declassified by MG Richard A. Harrison USCENTCOM Chief of Staff Declassified on: 24 October 2025 • Kineti…,false,embedded text sufficient (2039 chars),"text layer present, OCR not needed"
dow-uap-d27-mission-report-united-arab-emirates-october-2023.pdf,8,true,550,SECRET//NOFORN Declassified by MG Richard A. Harrison USCENTCOM Chief of Staff Declassified on: 24 October 2025 (SECRET/…,false,embedded text sufficient (550 chars),"text layer present, OCR not needed"
dow-uap-d28-mission-report-east-china-sea-2024.pdf,1,true,1238,"SECRET//REL TO USA, FVEY Declassified by MG Richard A. Harrison USCENTCOM Chief of Staff Declassified on: 24 October 202…",false,embedded text sufficient (1238 chars),"text layer present, OCR not needed"
dow-uap-d28-mission-report-east-china-sea-2024.pdf,2,true,1154,"SECRET//REL TO USA, FVEY MSNID • Tasking Order (ATO): HM • Mission Type: ARMED OVERWATCH Declassified by MG Richard A. H…",false,embedded text sufficient (1154 chars),"text layer present, OCR not needed"
dow-uap-d28-mission-report-east-china-sea-2024.pdf,3,true,1372,"SECRET//REL TO USA, FVEY Declassified by MG Richard A. Harrison USCENTCOM Chief of Staff Declassified on: 24 October 202…",false,embedded text sufficient (1372 chars),"text layer present, OCR not needed"
dow-uap-d28-mission-report-east-china-sea-2024.pdf,4,true,1178,"SECRET//REL TO USA, FVEY Declassified by MG Richard A. Harrison USCENTCOM Chief of Staff Declassified on: 24 October 202…",false,embedded text sufficient (1178 chars),"text layer present, OCR not needed"
dow-uap-d28-mission-report-east-china-sea-2024.pdf,5,true,2091,"Declassified by MG Richard A. Harrison USCENTCOM Chief of Staff Declassified on: 24 October 2025 SECRET//REL TO USA, FVE…",false,embedded text sufficient (2091 chars),"text layer present, OCR not needed"
dow-uap-d28-mission-report-east-china-sea-2024.pdf,6,true,2422,"SECRET//REL TO USA, FVEY Declassified by MG Richard A. Harrison USCENTCOM Chief of Staff Declassified on: 24 October 202…",false,embedded text sufficient (2422 chars),"text layer present, OCR not needed"
dow-uap-d3-mission-report-arabian-gulf-2020.pdf,1,true,536,"(b)(1)1.4a Misrep 8799515 Narrative (b)(1)1.4a, (b)(1)1.4c (b)(1)1.4a Admin CLASSIFICATION • Classification: SECRET • As…",false,embedded text sufficient (536 chars),"text layer present, OCR not needed"
dow-uap-d3-mission-report-arabian-gulf-2020.pdf,2,true,1122,MSNID (b)(1)1.4a • Tasking Order (ATO): (b)(1)1.4a • Mission Type: (b)(1)1.4a • ATO Mission Number: (b)(1)1.4a • Country…,false,embedded text sufficient (1122 chars),"text layer present, OCR not needed"
dow-uap-d3-mission-report-arabian-gulf-2020.pdf,3,true,916,INGEST (b)(1)1.4a • Rank: • Full Name: • Unit: • Wing: • Phone Number: • Email: • Service: • Operations Center: ACEQUIP …,false,embedded text sufficient (916 chars),"text layer present, OCR not needed"
dow-uap-d3-mission-report-arabian-gulf-2020.pdf,4,true,1032,(b)(1)1.4a • Data Link: • Gentext: Timeline Takeoff • Callsign: • Number of Aircraft: • Asset Type (Aircraft): • Aircraf…,false,embedded text sufficient (1032 chars),"text layer present, OCR not needed"
dow-uap-d3-mission-report-arabian-gulf-2020.pdf,5,false,0,,true,no extractable text found on this page,no text layer; OCR required
dow-uap-d3-mission-report-arabian-gulf-2020.pdf,6,true,1334,(b)(1)1.4a • Killbox (Location): • Mission Type: (b)(1)1.4a • JTAC Callsign: • Gentext/Additional Details: • Did not Arr…,false,embedded text sufficient (1334 chars),"text layer present, OCR not needed"
dow-uap-d3-mission-report-arabian-gulf-2020.pdf,7,true,620,"(b)(1)1.4a • UAP Effects on Persons: • UAP Objects/Material Recovered (yes/no; if yes, describe): • UAP Effects on Equip…",false,embedded text sufficient (620 chars),"text layer present, OCR not needed"
"dow-uap-d32-mission-report,-syria-october-2024.pdf",1,true,1469,"SECRET//REL TO USA, FVEY Declassified by MG Richard A. Harrison USCENTCOM Chief of Staff Declassified on: 24 October 202…",false,embedded text sufficient (1469 chars),"text layer present, OCR not needed"
"dow-uap-d32-mission-report,-syria-october-2024.pdf",2,true,1106,"SECRET//REL TO USA, FVEY Declassified by MG Richard A. Harrison USCENTCOM Chief of Staff Declassified on: 24 October 202…",false,embedded text sufficient (1106 chars),"text layer present, OCR not needed"
"dow-uap-d32-mission-report,-syria-october-2024.pdf",3,true,1108,"Declassified by MG Richard A. Harrison USCENTCOM Chief of Staff Declassified on: 24 October 2025 SECRET//REL TO USA, FVE…",false,embedded text sufficient (1108 chars),"text layer present, OCR not needed"
"dow-uap-d32-mission-report,-syria-october-2024.pdf",4,true,1236,"SECRET//REL TO USA, FVEY Declassified by MG Richard A. Harrison USCENTCOM Chief of Staff Declassified on: 24 October 202…",false,embedded text sufficient (1236 chars),"text layer present, OCR not needed"
"dow-uap-d32-mission-report,-syria-october-2024.pdf",5,true,1454,"SECRET//REL TO USA, FVEY Declassified by MG Richard A. Harrison USCENTCOM Chief of Staff Declassified on: 24 October 202…",false,embedded text sufficient (1454 chars),"text layer present, OCR not needed"
"dow-uap-d32-mission-report,-syria-october-2024.pdf",6,true,1455,"(b)(1)1.4a (b)(1)1.4a (b)(1)1.4a SECRET//REL TO USA, FVEY Declassified by MG Richard A. Harrison USCENTCOM Chief of Staf…",false,embedded text sufficient (1455 chars),"text layer present, OCR not needed"
"dow-uap-d32-mission-report,-syria-october-2024.pdf",7,true,1439,"SECRET//REL TO USA, FVEY Declassified by MG Richard A. Harrison USCENTCOM Chief of Staff Declassified on: 24 October 202…",false,embedded text sufficient (1439 chars),"text layer present, OCR not needed"
"dow-uap-d32-mission-report,-syria-october-2024.pdf",8,true,1886,"SECRET//REL TO USA, FVEY Declassified by MG Richard A. Harrison USCENTCOM Chief of Staff Declassified on: 24 October 202…",false,embedded text sufficient (1886 chars),"text layer present, OCR not needed"
"dow-uap-d32-mission-report,-syria-october-2024.pdf",9,true,1842,"SECRET//REL TO USA, FVEY Declassified by MG Richard A. Harrison USCENTCOM Chief of Staff Declassified on: 24 October 202…",false,embedded text sufficient (1842 chars),"text layer present, OCR not needed"
"dow-uap-d32-mission-report,-syria-october-2024.pdf",10,true,457,"Declassified by MG Richard A. Harrison USCENTCOM Chief of Staff Declassified on: 24 October 2025 SECRET//REL TO USA, FVE…",false,embedded text sufficient (457 chars),"text layer present, OCR not needed"
dow-uap-d33-mission-report-greece-october-2023.pdf,1,true,1062,Misrep 9329374 Dedasslfied by MG Richard A. Harrison USCENTCOM Chief of Staff Dedassified on· 22 January 2026 Narrative …,false,embedded text sufficient (1062 chars),"text layer present, OCR not needed"
dow-uap-d33-mission-report-greece-october-2023.pdf,2,true,893,D cl d by MG R chard A H on USCE'NTCOM Cl> ef of Sta'f Declas:: • ed or 22 Jaruary 2026 MSGID • Report Type: MISREP • Or…,false,embedded text sufficient (893 chars),"text layer present, OCR not needed"
dow-uap-d33-mission-report-greece-october-2023.pdf,3,true,1071,"• Wing: Other • Phone Number:! 3.5c, (b)(6) • Email:L.I _____ 3..;;...5_c'--', (__.b)""""-(6 ... ) ____ _. • Service: Air …",false,embedded text sufficient (1071 chars),"text layer present, OCR not needed"
dow-uap-d33-mission-report-greece-october-2023.pdf,4,true,1089,• Type of IR-Guided AAM: • Num IR-Guided AAM: • Gun Name or Designator: • Num Gun Rounds: • Air-to-Ground Wpn to Include…,false,embedded text sufficient (1089 chars),"text layer present, OCR not needed"
dow-uap-d33-mission-report-greece-october-2023.pdf,5,true,1134,"• Sensors Available: G-MESH • Tasking Type: Planned • Tasking or Request Number· (JTAR#, AEM#, PRI#, or TIC# : DATA MASK…",false,embedded text sufficient (1134 chars),"text layer present, OCR not needed"
dow-uap-d33-mission-report-greece-october-2023.pdf,6,true,1311,On Station • Time On Station DTG: 270342:00ZOCT23 • Callsign: I 1.4a I • JTAR Number: - • Killbox (Location): • • Missio…,false,embedded text sufficient (1311 chars),"text layer present, OCR not needed"
dow-uap-d33-mission-report-greece-october-2023.pdf,7,true,1622,• UAP RF Duration: UNK • UAP Event Serial Number: - • UAP Effects on Persons: NO • UAP Objects/Material Recovered (yes/n…,false,embedded text sufficient (1622 chars),"text layer present, OCR not needed"
dow-uap-d35-mission-report-greece-october-2023.pdf,1,true,1059,Misrep 9337873 Narrative Declassified by MG Richard A. Hamson USCENTCOM Chief of Staff Declassified on: 22 January 2026 …,false,embedded text sufficient (1059 chars),"text layer present, OCR not needed"
dow-uap-d35-mission-report-greece-october-2023.pdf,2,true,901,MSGID • Report Type: MISREP • Originator (Unit or Squadron): 33 SOS • Submit Date: MSNID • Tasking Order (ATO)~ 1.4a • M…,false,embedded text sufficient (901 chars),"text layer present, OCR not needed"
dow-uap-d35-mission-report-greece-october-2023.pdf,3,true,1077,"• Wing: Other • Phone Number:!J.5c, (b)(6)! '...._ ____ _, • Email:! 3.5c, .1.::Cb:.Ll)(.::.,6)~------l • Service: Air F…",false,embedded text sufficient (1077 chars),"text layer present, OCR not needed"
dow-uap-d35-mission-report-greece-october-2023.pdf,4,true,1136,• Type of IR-Guided AAM: • Num IR-Guided AAM: • Gun Name or Designator: • Num Gun Rounds: • Air-to-Ground Wpn to Include…,false,embedded text sufficient (1136 chars),"text layer present, OCR not needed"
dow-uap-d35-mission-report-greece-october-2023.pdf,5,true,1239,Of/Station • Time Off Station DTG: 290542:00ZOCT23 • Total Time On Station: 9 hours 24 minutes • Gentext/Additional Deta…,false,embedded text sufficient (1239 chars),"text layer present, OCR not needed"
dow-uap-d35-mission-report-greece-october-2023.pdf,6,true,1380,CLEAR WX (UNCLASSIFIED) EFFECTIVENESS • Tasker: • Intel Gap Filled?: Yes • Gentext: (UNCLASSIFIED) SATISFACTORY (UNCLASS…,false,embedded text sufficient (1380 chars),"text layer present, OCR not needed"
dow-uap-d35-mission-report-greece-october-2023.pdf,7,true,1398,"• Rank/Grade: - • Email: - • Phone Number (VOSIP/STE): - • Observer Engagement of UAP (yes/no; if yes, describe): NO • F…",false,embedded text sufficient (1398 chars),"text layer present, OCR not needed"
dow-uap-d38-range-fouler-debrief-middle-east-may-2020.pdf,1,true,3319,"Declassified by MG Richard A. Harrison USCENTCOM Chief of Staff Plea , o , us.~,;t , 13- 02 Range Fouler Debrie Form ""su…",false,embedded text sufficient (3319 chars),"text layer present, OCR not needed"
dow-uap-d4-mission-report-arabian-gulf-2020.pdf,1,partial,6,1.4(a),true,only 6 chars extracted — possibly page number or header only,"partial text layer detected; may be page numbers, stamps, or OCR artifacts"
dow-uap-d4-mission-report-arabian-gulf-2020.pdf,2,partial,6,1.4(a),true,only 6 chars extracted — possibly page number or header only,"partial text layer detected; may be page numbers, stamps, or OCR artifacts"
dow-uap-d4-mission-report-arabian-gulf-2020.pdf,3,partial,6,1.4(a),true,only 6 chars extracted — possibly page number or header only,"partial text layer detected; may be page numbers, stamps, or OCR artifacts"
dow-uap-d4-mission-report-arabian-gulf-2020.pdf,4,partial,6,1.4(a),true,only 6 chars extracted — possibly page number or header only,"partial text layer detected; may be page numbers, stamps, or OCR artifacts"
dow-uap-d4-mission-report-arabian-gulf-2020.pdf,5,true,299,"1.4(a) GENTEXT/UAP • Description: (S//REL) AT 1258Z, 1.4(a) OBSERVED POSS UAP IVO 34SDG9041417044. BRIEF OBSERVATION PRE…",false,embedded text sufficient (299 chars),"text layer present, OCR not needed"
dow-uap-d42-range-fouler-debrief-japan-2023.pdf,1,true,3152,"0 cl rM· 1tted c v Ml Ric{{..;,. d (\ IH rr '>Of' U easJN o not ûser. tle,,.J?,-irp e • ., su6hirf '&uf üý þÿov,e'"":'Ā $…",false,embedded text sufficient (3152 chars),"text layer present, OCR not needed"
dow-uap-d44-range-fouler-arabian-sea-october-2020.pdf,1,true,3256,"Decl""'ss,fied bv Mt:, Ric1ard Har•,sori • sa::ar , SHI • , 1 U..il.,fjfrfjlfħ'tfli C.O/i#,5&tt\Ĩrple Decl;sĩRmWJlulpJ.Ī2…",false,embedded text sufficient (3256 chars),"text layer present, OCR not needed"
dow-uap-d48-report-september-1996.pdf,1,true,921,== --== -=--=-=------===--====-==-=--=-=-==-__;;;;._ ____________ _ RESEARCH TRIANGLE INSTITUTE /RTI Contract No■-FO4703…,false,embedded text sufficient (921 chars),"text layer present, OCR not needed"
dow-uap-d48-report-september-1996.pdf,2,true,934,"- --- ---------------------~-=,-- Contract No. FO4703-91-C-0112 RTI Report No. RTI/5180/77-43F Task No. 10/95-77, Subtas…",false,embedded text sufficient (934 chars),"text layer present, OCR not needed"
dow-uap-d48-report-september-1996.pdf,3,true,4017,Form Approved REPORT DOCUMENTATION PAGE 0MB No. 0704-0188 Public tel)Ort1ng burden for this collection of information is…,false,embedded text sufficient (4017 chars),"text layer present, OCR not needed"
dow-uap-d48-report-september-1996.pdf,4,true,1724,"Abstract Missile and space-vehicle performance histories contain many examples of failures that cause, or have the poten…",false,embedded text sufficient (1724 chars),"text layer present, OCR not needed"
dow-uap-d48-report-september-1996.pdf,5,true,3579,Table of Contents · 1. Introduction.....................................................................................…,false,embedded text sufficient (3579 chars),"text layer present, OCR not needed"
dow-uap-d48-report-september-1996.pdf,6,true,2595,Appendix A. Failure Response Modes in Program DAMP ............................................... 79 Appendix B. Shapin…,false,embedded text sufficient (2595 chars),"text layer present, OCR not needed"
dow-uap-d48-report-september-1996.pdf,7,true,3299,Table of Figures Figure 1. Joust Impact Trace Showing a Mode-5 Failure Response ....................................6 Fi…,false,embedded text sufficient (3299 chars),"text layer present, OCR not needed"
dow-uap-d48-report-september-1996.pdf,8,true,3055,Figure 31. LLVl Simulation Results with Best-Fit Shaping Constants ............................. 71 Figure 32. £-Ratios …,false,embedded text sufficient (3055 chars),"text layer present, OCR not needed"
dow-uap-d48-report-september-1996.pdf,9,true,3141,Table 19. Sample Impact Distribution for Atlas IIAS-with No Breakup .......................... 41 Table 20. Shaping Cons…,false,embedded text sufficient (3141 chars),"text layer present, OCR not needed"
dow-uap-d48-report-september-1996.pdf,10,true,3466,1. Introduction The debris from most launch vehicles that fail catastrophically tend to impact close to the intended fli…,false,embedded text sufficient (3466 chars),"text layer present, OCR not needed"
dow-uap-d48-report-september-1996.pdf,11,true,3113,"can cause impacts uprange or well away from the intended flight line, and (2) some vehicle failures cannot logically be …",false,embedded text sufficient (3113 chars),"text layer present, OCR not needed"
dow-uap-d48-report-september-1996.pdf,12,true,2900,"relative probabilities of occurrence for all failure-response modes for these vehicles, LLVl, and other new launch syste…",false,embedded text sufficient (2900 chars),"text layer present, OCR not needed"
dow-uap-d48-report-september-1996.pdf,13,true,2545,crossed over the flight line and continued toward the right destruct line. Shortly thereafter the missile apparently pit…,false,embedded text sufficient (2545 chars),"text layer present, OCR not needed"
dow-uap-d48-report-september-1996.pdf,14,true,754,It is obvious from the response-mode definitions in Appendix A that none of the described vehicle failures can be consid…,false,embedded text sufficient (754 chars),"text layer present, OCR not needed"
dow-uap-d48-report-september-1996.pdf,15,true,1702,A good illustration of a Mode-5 failure response occurred during launch of Prospector (Joust) on the Eastern Range in-Ju…,false,embedded text sufficient (1702 chars),"text layer present, OCR not needed"
dow-uap-d48-report-september-1996.pdf,16,true,2800,"3. Understanding the Mode-5 Failure Response Unlike failure response Modes 3 and 4, response Mode 5 (and also Mode 2) is…",false,embedded text sufficient (2800 chars),"text layer present, OCR not needed"
dow-uap-d48-report-september-1996.pdf,17,true,2866,"however, involve the quantity R which is expressed explicitly as a function of R and only implicitly as a function·of ti…",false,embedded text sufficient (2866 chars),"text layer present, OCR not needed"
dow-uap-d48-report-september-1996.pdf,18,true,2443,"acceleration of the vehicle body and a slow turn of the velocity vector, (4) erroneous accumulation of velocity bits by …",false,embedded text sufficient (2443 chars),"text layer present, OCR not needed"
dow-uap-d48-report-september-1996.pdf,19,true,864,"Table 1. Effects of Mode-5 Shaping Constant A on Atlas IIA Risks B= 1,000 Percent of Mode-5 IPs Uprange 28.6 Casualty Ex…",false,embedded text sufficient (864 chars),"text layer present, OCR not needed"
dow-uap-d48-report-september-1996.pdf,20,true,219,"lf) Lo >i '°I ""q"""" ~ - I -~ 0 I 0 ...---f C ...---f 0 1--1 II ..--t (/.I <[ L<[ 1--1 d 1--1wLn l/l L I d a., a., _, C ""Z…",false,embedded text sufficient (219 chars),"text layer present, OCR not needed"
dow-uap-d48-report-september-1996.pdf,21,true,90,- 0 -4 Figure 3. Atlas IIAS Risk Contours for Inner-Ear Injury with A = 3.5 9/10/96 12 RTI,false,embedded text sufficient (90 chars),"text layer present, OCR not needed"
dow-uap-d48-report-september-1996.pdf,22,true,2744,4. Methodology for Assessing Failure Probabilities A primary purpose of this study is to develop estimates of the relati…,false,embedded text sufficient (2744 chars),"text layer present, OCR not needed"
dow-uap-d48-report-september-1996.pdf,23,true,1769,c. Insertion of improper computer programs d. Support-personnel fatigue A third limitation of the parts-analysis approac…,false,embedded text sufficient (1769 chars),"text layer present, OCR not needed"
dow-uap-d48-report-september-1996.pdf,24,true,2575,"they would be corrected.) However, experience has shown that design flaws do cause failures in operational launch system…",false,embedded text sufficient (2575 chars),"text layer present, OCR not needed"
dow-uap-d48-report-september-1996.pdf,25,true,2461,"5. Computation of Failure Probabilities The test results for Atlas, Delta, and Titan in the tables of Appendix D have be…",false,embedded text sufficient (2461 chars),"text layer present, OCR not needed"
dow-uap-d48-report-september-1996.pdf,26,true,2575,Table 2. Predicted Failure Probabilities for Representative Configurations Vehicle Flight Phase Filter Technic ue Sample…,false,embedded text sufficient (2575 chars),"text layer present, OCR not needed"
dow-uap-d48-report-september-1996.pdf,27,true,2438,"probabilities using index-count filtering are larger than those for exponential filtering. For Titan, the results are mi…",false,embedded text sufficient (2438 chars),"text layer present, OCR not needed"
dow-uap-d48-report-september-1996.pdf,28,true,2243,"hardware improvements that have taken place through the years. For samples approaching 100 or so, it seriously over-weig…",false,embedded text sufficient (2243 chars),"text layer present, OCR not needed"
dow-uap-d48-report-september-1996.pdf,29,true,1933,"more and more as the sample size increases. For samples of 200, 500, and 1000, the weighting of the last 50 tests are, i…",false,embedded text sufficient (1933 chars),"text layer present, OCR not needed"
dow-uap-d48-report-september-1996.pdf,30,true,2218,Table 5. Filter Factor Influence on Weighting Percentages Vehicle Filter • Last Last 10 Last 50 Last Lastl00 Pt. Ratio (…,false,embedded text sufficient (2218 chars),"text layer present, OCR not needed"
dow-uap-d48-report-september-1996.pdf,31,true,2079,"(2) to down-weight only slightly, or not at all, those failures that are random in nature, that can still occur in repla…",false,embedded text sufficient (2079 chars),"text layer present, OCR not needed"
dow-uap-d48-report-september-1996.pdf,32,true,1891,"0.12 0.11 0.10 0.09 >­ ~ 0.08 :a .c ca 0.07 e a.. 0.06 (l) lo... ::J 0.05 'ffi u.. 0.04 ""C (l) lo... (l) 0.03 = u:: 0.02…",false,embedded text sufficient (1891 chars),"text layer present, OCR not needed"
dow-uap-d48-report-september-1996.pdf,33,true,3011,"Table 6. Failure Probabilities for Atlas, Delta, and Titan Predicted Failure Probability* Vehicle Atlas Delta Flight Pha…",false,embedded text sufficient (3011 chars),"text layer present, OCR not needed"
dow-uap-d48-report-september-1996.pdf,34,true,1228,from the Western Range were not included since available performance records were incomplete. The results for the four v…,false,embedded text sufficient (1228 chars),"text layer present, OCR not needed"
dow-uap-d48-report-september-1996.pdf,35,true,1511,Table 11. Number of Failures for All Vehicles (1186 Flights) Flight Phase 1 Fail 2 ure-Res 3 oonse Mode 4 5 'NA' 3&4 Tum…,false,embedded text sufficient (1511 chars),"text layer present, OCR not needed"
dow-uap-d48-report-september-1996.pdf,36,true,2128,Table 13. Percentage Weighting for Sample of 1186 Launches ter Last Last 100 Last200 Last 300 I i:st 500 Point Ra Point …,false,embedded text sufficient (2128 chars),"text layer present, OCR not needed"
dow-uap-d48-report-september-1996.pdf,37,true,2382,"that 0.993 is superior to 0.992 or 0.994, or even values outside this interval, a value of 0.993 was chosen. This sectio…",false,embedded text sufficient (2382 chars),"text layer present, OCR not needed"
dow-uap-d48-report-september-1996.pdf,38,true,2017,Response Mature Launch New Solid Systems New Liquid Systems Mode S stems (F =0.993) {F =0.996) {F = 0.999) 1 0.5 3.4 10.…,false,embedded text sufficient (2017 chars),"text layer present, OCR not needed"
dow-uap-d48-report-september-1996.pdf,39,true,1670,5.3 Relative Probability of Tumble for Response-Modes 3 and 4 Exponential filters with values of F from 0.98 to 0.999 ha…,false,embedded text sufficient (1670 chars),"text layer present, OCR not needed"
dow-uap-d48-report-september-1996.pdf,40,true,2965,6. Shaping Constants Through Simulation Since adequate test data are not available to establish the Mode-5 shaping const…,false,embedded text sufficient (2965 chars),"text layer present, OCR not needed"
dow-uap-d48-report-september-1996.pdf,41,true,3022,"for a suitably large sample so the distribution of resulting impact points will, for all practical purposes, represent a…",false,embedded text sufficient (3022 chars),"text layer present, OCR not needed"
dow-uap-d48-report-september-1996.pdf,42,true,2324,"cumulative angle turned versus time. Since the slope of the curve (i.e., the turning rate) is greatest when the thrust (…",false,embedded text sufficient (2324 chars),"text layer present, OCR not needed"
dow-uap-d48-report-september-1996.pdf,43,true,3089,"density function. Since this could not be done in general, impacts from only the two types of malfunction turns were con…",false,embedded text sufficient (3089 chars),"text layer present, OCR not needed"
dow-uap-d48-report-september-1996.pdf,44,true,2420,"response. Referring to Eq. (3), the right-hand member must be multiplied by the probability p5 of a Mode-5 response to o…",false,embedded text sufficient (2420 chars),"text layer present, OCR not needed"
dow-uap-d48-report-september-1996.pdf,45,true,2718,"100 ................... ················..·························-················•""·············· ...................…",false,embedded text sufficient (2718 chars),"text layer present, OCR not needed"
dow-uap-d48-report-september-1996.pdf,46,true,2227,"6.2 Shaping Constants for Atlas IIAS 6.2.1 Optimum Mode-5 Shaping Constants ~~~~~~~~~~~~~~~~~ available, random-attitude…",false,embedded text sufficient (2227 chars),"text layer present, OCR not needed"
dow-uap-d48-report-september-1996.pdf,47,true,1187,"In this region, breakup occurs at or shortly after vehicle failure. Beyond 170 seconds, the dynamic pressure between fai…",false,embedded text sufficient (1187 chars),"text layer present, OCR not needed"
dow-uap-d48-report-september-1996.pdf,48,true,291,"~,~\·:r,~~--:~~r.-.. ,. 0­ u (l) V1 - C) ('>? .p d V1 (I/ L :1 ....,::s V1 d u .p '-'- a, Ill u (l) d C:S o a. ::s 0:, E…",false,embedded text sufficient (291 chars),"text layer present, OCR not needed"
dow-uap-d48-report-september-1996.pdf,49,true,315,"u N OJ +> VI 4­ 0 _g ("") ' ...... --I CJ) +> QJ d ""'O VI 0 ~ OJ 0 0 s... j If) .3 vi~UII +> a, U OJ V'I d d ""'O c:,£. a.…",false,embedded text sufficient (315 chars),"text layer present, OCR not needed"
dow-uap-d48-report-september-1996.pdf,50,true,2290,Table 19. Sample Impact Distribution for Atlas HAS with No Breakup Failure Time (sec) 35 55 75 95 115 135 155 175 195 21…,false,embedded text sufficient (2290 chars),"text layer present, OCR not needed"
dow-uap-d48-report-september-1996.pdf,51,true,2669,". In Figure 9, the percentages of impacts in 5° sectors from 0° to 180° have been plotted for Atlas IIAS random-attitude…",false,embedded text sufficient (2669 chars),"text layer present, OCR not needed"
dow-uap-d48-report-september-1996.pdf,52,true,1889,"the other end. It is possible, however, to obtain fairly close agreement over sectors""' from ±80° to ±180°, as seen in F…",false,embedded text sufficient (1889 chars),"text layer present, OCR not needed"
dow-uap-d48-report-september-1996.pdf,53,true,2086,"1 00 ,------,,------,-----,.---,---,-------.-----,-----,----, :::::::::::::AtJas.::HA$.::Rao.d9.m:A..Jud.e.::E~i1u.re.s.…",false,embedded text sufficient (2086 chars),"text layer present, OCR not needed"
dow-uap-d48-report-september-1996.pdf,54,true,1608,"; ,.........._ 100 1-~--········· ·························•~f--••··········· ..........................................…",false,embedded text sufficient (1608 chars),"text layer present, OCR not needed"
dow-uap-d48-report-september-1996.pdf,55,true,1892,"• - - ···- • ......................-.....,•····················.--·---··················································…",false,embedded text sufficient (1892 chars),"text layer present, OCR not needed"
dow-uap-d48-report-september-1996.pdf,56,true,1067,100 ·································································································· .................…,false,embedded text sufficient (1067 chars),"text layer present, OCR not needed"
dow-uap-d48-report-september-1996.pdf,57,true,1064,The five values of B and the corresponding best-fit values of A used to compute the Mode-5 distributions shown in Figure…,false,embedded text sufficient (1064 chars),"text layer present, OCR not needed"
dow-uap-d48-report-september-1996.pdf,58,true,2170,"--- --- Because of the uncertainties in breakup conditions, the values of A for each Bin Table 20 have been plotted agai…",false,embedded text sufficient (2170 chars),"text layer present, OCR not needed"
dow-uap-d48-report-september-1996.pdf,59,true,1813,"F =0.98. The conditional probability of a Mode-5 response was assumed to be 0.08 (from the last line of Table 15), so th…",false,embedded text sufficient (1813 chars),"text layer present, OCR not needed"
dow-uap-d48-report-september-1996.pdf,60,true,1364,the differences in calculated Mode-5 risks for the different values of B would surely have been less. Further understand…,false,embedded text sufficient (1364 chars),"text layer present, OCR not needed"
dow-uap-d48-report-september-1996.pdf,61,true,2776,"cases the agreement gradually deteriorated for angles below ±100° while, in other cases, agreement was remarkably good t…",false,embedded text sufficient (2776 chars),"text layer present, OCR not needed"
dow-uap-d48-report-september-1996.pdf,62,true,1030,": : response 10.9• instead of 6.6 (0.033 + 0.005 =6.6) times as likely as a Mode-5 response, the differences in contours…",false,embedded text sufficient (1030 chars),"text layer present, OCR not needed"
dow-uap-d48-report-september-1996.pdf,63,true,116,0 5 10 15 20 25 Downrange Distance (nm} Figure 17. Atlas HAS All-Mode Ship-Hit Contours with A = 3.00 RTI 9/10/96 54,false,embedded text sufficient (116 chars),"text layer present, OCR not needed"
dow-uap-d48-report-september-1996.pdf,64,true,538,"E C:-- ~ C: ~ 0 (l) C) ~ en en 15 ,-----,----,----.---,------.-----, l ! ! -5 ! I Atla~ IIAS l -- -110-6 : Modr 5 pl 1 1…",false,embedded text sufficient (538 chars),"text layer present, OCR not needed"
dow-uap-d48-report-september-1996.pdf,65,true,748,"15 ,----,---~---.--,-----,----,-----, 1 1 --!10◄ I 1. Atlas, IIAS I i -s , All ~ode P 1 I ; - - -; 10-6 , i I 1: ~•.....…",false,embedded text sufficient (748 chars),"text layer present, OCR not needed"
dow-uap-d48-report-september-1996.pdf,66,true,172,-15 '--------'-----'---...L...------'-----'---------' -5 0 5 10 15 20 25 Downrange Distance (nm) Figure 20. Atlas IIAS M…,false,embedded text sufficient (172 chars),"text layer present, OCR not needed"
dow-uap-d48-report-september-1996.pdf,67,true,1941,"15 .---~------.---~-----. 1o , ! !, !104 ! Atla~ I IAS , -! -5 All f\1ode P1 1 , - ­ -, 10-6 1 ! ! -----! 10 ! .........…",false,embedded text sufficient (1941 chars),"text layer present, OCR not needed"
dow-uap-d48-report-september-1996.pdf,68,true,2231,"1- 100 10 E C: 0 T"""""" .5 l 1 E C: - ~ Cl) a. 0.1 ~....- - .... - - - ... ......-.....- ....- - .....~ ....-...........-.…",false,embedded text sufficient (2231 chars),"text layer present, OCR not needed"
dow-uap-d48-report-september-1996.pdf,69,true,952,"6.3 Shaping Constants for Delta-GEM Although less extensive, the computations made and graphs plotted to establish Mode-…",false,embedded text sufficient (952 chars),"text layer present, OCR not needed"
dow-uap-d48-report-september-1996.pdf,70,true,1571,6.3.1 Optimum Mode-5 Shaping Constants The percentage of Delta vehicles that break up during simulated random-attitude t…,false,embedded text sufficient (1571 chars),"text layer present, OCR not needed"
dow-uap-d48-report-september-1996.pdf,71,true,2054,"Figure 24 shows the percentages of malfunction-turn impacts in 5° sectors for no breakup and for breakup qa's of 20,000,…",false,embedded text sufficient (2054 chars),"text layer present, OCR not needed"
dow-uap-d48-report-september-1996.pdf,72,true,1864,The simulated impact percentages plotted in Figure 25 are identical with those shown in Figure 24. The theoretical perce…,false,embedded text sufficient (1864 chars),"text layer present, OCR not needed"
dow-uap-d48-report-september-1996.pdf,73,true,2367,"6.3.2 Launch-Area Mode-5 Risks Using values of A and B from Figure 24 and Figure 25, program DAMP was run to compute Mod…",false,embedded text sufficient (2367 chars),"text layer present, OCR not needed"
dow-uap-d48-report-september-1996.pdf,74,true,1503,"for example, the risks are over 20 times as great if the vehicle's breakup qa is 20,000 rather than 5,000 deg-lb/ft2. 6.…",false,embedded text sufficient (1503 chars),"text layer present, OCR not needed"
dow-uap-d48-report-september-1996.pdf,75,true,3375,"Figure 27 shows the percentages of malfunction-tum impacts in 5° sectors for no breakup and for breakup qa's of 20,000, …",false,embedded text sufficient (3375 chars),"text layer present, OCR not needed"
dow-uap-d48-report-september-1996.pdf,76,true,3330,The simulated impact distributions plotted in Figure 28 are identical to those shown in Figure 27. The theoretical Mode-…,false,embedded text sufficient (3330 chars),"text layer present, OCR not needed"
dow-uap-d48-report-september-1996.pdf,77,true,565,The best-fit values of B and A shown in Figure 27 and Figure 28 are tabulated for convenient reference in-Table 24. For …,false,embedded text sufficient (565 chars),"text layer present, OCR not needed"
dow-uap-d48-report-september-1996.pdf,78,true,1402,"6.5 Shaping Constants for LLV1 Shaping constants for LLVl were developed as described in Section 6.3 for Delta, except t…",false,embedded text sufficient (1402 chars),"text layer present, OCR not needed"
dow-uap-d48-report-september-1996.pdf,79,true,2725,"Figure 30 shows the percentage of malfunction-tum impacts in 5° sectors for no breakup, and for breakup qa.'s of 20,000,…",false,embedded text sufficient (2725 chars),"text layer present, OCR not needed"
dow-uap-d48-report-september-1996.pdf,80,true,3037,Figure 31 shows that a good fit for the no-breakup case is possible if higher values of B and A are used. The simulated …,false,embedded text sufficient (3037 chars),"text layer present, OCR not needed"
dow-uap-d48-report-september-1996.pdf,81,true,1949,The best-fit values of B and A from Figure 30 and Figure 31 have been listed for convenient reference in Table 25. It is…,false,embedded text sufficient (1949 chars),"text layer present, OCR not needed"
dow-uap-d48-report-september-1996.pdf,82,true,1643,"7. Potentlal Future Investigations Because of contract limitations on funds and the deadline for publishing the report, …",false,embedded text sufficient (1643 chars),"text layer present, OCR not needed"
dow-uap-d48-report-september-1996.pdf,83,true,3049,"8. Summary In RTI's risk-computation program DAMP, vehicle failures per se are not considered. Instead each catastrophic…",false,embedded text sufficient (3049 chars),"text layer present, OCR not needed"
dow-uap-d48-report-september-1996.pdf,84,true,2102,"configurations (see Section D.1.4). The results, summarized previously in Table 6 of Section 5.1, are repeated here in T…",false,embedded text sufficient (2102 chars),"text layer present, OCR not needed"
dow-uap-d48-report-september-1996.pdf,85,true,2687,"these results, the relative probabilities used were more precise than those given in Table 28 and Table 29. No pretense …",false,embedded text sufficient (2687 chars),"text layer present, OCR not needed"
dow-uap-d48-report-september-1996.pdf,86,true,2369,"Traditionally, a value of B = 1,000 has been used by the 45 SW/SE in ship-hit calculations, and by RTI in performing lau…",false,embedded text sufficient (2369 chars),"text layer present, OCR not needed"
dow-uap-d48-report-september-1996.pdf,87,true,1051,important in the launch-area risk calculations provided an appropriate value of A is selected. Since a good data match w…,false,embedded text sufficient (1051 chars),"text layer present, OCR not needed"
dow-uap-d48-report-september-1996.pdf,88,true,2911,"Appendix A. Failure Response Modes In Program DAMP In program DAMP, no attempt is made to model vehicle behavior for fai…",false,embedded text sufficient (2911 chars),"text layer present, OCR not needed"
dow-uap-d48-report-september-1996.pdf,89,true,1810,"responses begin at vehicle pitch-over or programming for vertically-launched missiles, and at liftoff for those not laun…",false,embedded text sufficient (1810 chars),"text layer present, OCR not needed"
dow-uap-d48-report-september-1996.pdf,90,true,2311,Appendix B. Shaping-Constant Effects on Mode-5 Impact Distributions The values chosen for shaping constants A and B that…,false,embedded text sufficient (2311 chars),"text layer present, OCR not needed"
dow-uap-d48-report-september-1996.pdf,91,true,1737,Table 33. Effect on £-Ratio of Varvimz Mode~5 Constant A (B = 1000) - Part 1 • R=lnm R=5nm A=3.0 A=3.5 A=4.0 A=2.5 1.0 A…,false,embedded text sufficient (1737 chars),"text layer present, OCR not needed"
dow-uap-d48-report-september-1996.pdf,92,true,1855,Table 34. Effect on £-Ratio of Varving Mode-5 Constant A (B = 1000) - Part 2 R= 10run R=25nm 180-ct> A=2.5 A=3.0 A=3.5 A…,false,embedded text sufficient (1855 chars),"text layer present, OCR not needed"
dow-uap-d48-report-september-1996.pdf,93,true,1311,Table 35. Effect on £-Ratio of Varving Mode-5 Constant 8 (A= 3) - Part 1 R=-1 nm R=5nm 180--(1) 8=500 8 = 1000 8=2000 8=…,false,embedded text sufficient (1311 chars),"text layer present, OCR not needed"
dow-uap-d48-report-september-1996.pdf,94,true,1417,Table 36. Effect on £-Ratio of Varying_. Mode-5 Constant B (A= 3)- Part 2 R=l0nm R=25nm 180 _:_<I> B=500 B = 1000 B=2000…,false,embedded text sufficient (1417 chars),"text layer present, OCR not needed"
dow-uap-d48-report-september-1996.pdf,95,true,529,The £-ratios in Table 33 and Table 34 (also in·Table 35 and Table 36) have been plotted in Figure 32 for A =3.0 arid B =…,false,embedded text sufficient (529 chars),"text layer present, OCR not needed"
dow-uap-d48-report-september-1996.pdf,96,true,1427,"There are other ways to show how the value chosen for A affects the Mode-5 impact density function For five values of A,…",false,embedded text sufficient (1427 chars),"text layer present, OCR not needed"
dow-uap-d48-report-september-1996.pdf,97,true,1359,Another way to show how the value of A affects Mode-5 impacts is illustrated in Figure 34. For the same values of A used…,false,embedded text sufficient (1359 chars),"text layer present, OCR not needed"
dow-uap-d48-report-september-1996.pdf,98,true,2099,"where p is the probability of occurrence of the GFDF mode, TB is the stage bum time, and R is the rate of change of the …",false,embedded text sufficient (2099 chars),"text layer present, OCR not needed"
dow-uap-d48-report-september-1996.pdf,99,true,2128,Appendix C. Filter Characteristics Estimating launch-vehicle failure probabilities using empirical launch data is an unc…,false,embedded text sufficient (2128 chars),"text layer present, OCR not needed"
dow-uap-d48-report-september-1996.pdf,100,true,1639,"Xn = Xn-1 (1-an) + xn (an) (12) Xn = Xn-1 + an (xn -Xn-1) For the equally-weighted case, the recursive filter factor an=…",false,embedded text sufficient (1639 chars),"text layer present, OCR not needed"
dow-uap-d48-report-september-1996.pdf,101,true,1403,"For the recursive form of this filter, where each datum is weighted by its position in the chronological sequence, the r…",false,embedded text sufficient (1403 chars),"text layer present, OCR not needed"
dow-uap-d48-report-september-1996.pdf,102,true,1270,"F = 0.8, only the most recent 25 or so data points contribute to the final result, since all older data points are essen…",false,embedded text sufficient (1270 chars),"text layer present, OCR not needed"
dow-uap-d48-report-september-1996.pdf,103,true,1754,"show that an approaches 1/n, the filter-factor value for the equally-weighted case, and the filter memory no longer fade…",false,embedded text sufficient (1754 chars),"text layer present, OCR not needed"
dow-uap-d48-report-september-1996.pdf,104,true,1829,"The fading-memory recursive filter, defined by Eqs. (12) and (20), can be applied to launch test results to estimate fai…",false,embedded text sufficient (1829 chars),"text layer present, OCR not needed"
dow-uap-d48-report-september-1996.pdf,105,true,2170,Appendix D. Launch and Performance Histories 0.1 S-asic Data In support of the empirical approach to use post-test resul…,false,embedded text sufficient (2170 chars),"text layer present, OCR not needed"
dow-uap-d48-report-september-1996.pdf,106,true,2323,"(4) ""Spacelift Effective Capacity: Part 1 - Launch Vehicle Projected Success Rate Analysis"", Draft prepared by Booz•Alle…",false,embedded text sufficient (2323 chars),"text layer present, OCR not needed"
dow-uap-d48-report-september-1996.pdf,107,true,2770,"used to order the vehicle tests for filtering, whether the dates are inconsistently in local or Greenwich times is incon…",false,embedded text sufficient (2770 chars),"text layer present, OCR not needed"
dow-uap-d48-report-september-1996.pdf,108,true,1975,Table 38. Flight-Phase Definitions Flight Phase 0 Description SRM auxiliary thrust phase 1 First-stage thrust phase if n…,false,embedded text sufficient (1975 chars),"text layer present, OCR not needed"
dow-uap-d48-report-september-1996.pdf,109,true,1676,0.1.4 Representative Configurations The last column in the tables in· Appendix D indicates whether the vehicle configura…,false,embedded text sufficient (1676 chars),"text layer present, OCR not needed"
dow-uap-d48-report-september-1996.pdf,110,true,2345,"D.2 Atlas Launch and Performance History Atlas space-launch vehicles, originally manufactured by General Dynamics and cu…",false,embedded text sufficient (2345 chars),"text layer present, OCR not needed"
dow-uap-d48-report-september-1996.pdf,111,true,2437,Atlas vehicles are fueled by a mixture of liquid oxygen and kerosene (RP-1). The latest HAS configuration also incorpora…,false,embedded text sufficient (2437 chars),"text layer present, OCR not needed"
dow-uap-d48-report-september-1996.pdf,112,true,1859,0.2.1 Atlas Launch History The data in Table 41 summarize the flight performance of all Atlas and Atlas-boosted space-ve…,false,embedded text sufficient (1859 chars),"text layer present, OCR not needed"
dow-uap-d48-report-september-1996.pdf,113,true,1594,32 33 34 35 36 37 38 39 40 41 42 43 44 45 46 47 48 49 50 51 52 53 54 55 56 57 58 59 60 61 62 63 64 65 66 67 68 69 70 71 …,false,embedded text sufficient (1594 chars),"text layer present, OCR not needed"
dow-uap-d48-report-september-1996.pdf,114,true,1770,78 79 80 81 82 83 84 85 86 87 88 89 90 91 92 93 94 95 96 97 98 99 100 101 102 103 104 105 106 107 108 109 110 111 112 11…,false,embedded text sufficient (1770 chars),"text layer present, OCR not needed"
dow-uap-d48-report-september-1996.pdf,115,true,1895,124 125 126 127 128 129 130 131 132 133 134 135 136 137 138 139 140 141 142 143 144 145 146 147 148 149 150 151 152 153 …,false,embedded text sufficient (1895 chars),"text layer present, OCR not needed"
dow-uap-d48-report-september-1996.pdf,116,true,1983,170 175 180 185 190 195 200 205 210 215 No. Mission/ID Launch Date Vehicle Conflauration Test Ranae Response Mode Flight…,false,embedded text sufficient (1983 chars),"text layer present, OCR not needed"
dow-uap-d48-report-september-1996.pdf,117,true,2024,216 217 218 219 220 221 222 223 224 225 226 227 228 229 230 231 232 233 234 235 236 237 238 239 240 241 242 243 244 245 …,false,embedded text sufficient (2024 chars),"text layer present, OCR not needed"
dow-uap-d48-report-september-1996.pdf,118,true,2131,262 263 264 265 266 267 268 269 270 271 272 273 274 275 276 277 278 279 280 281 282 283 284 285 286 287 288 289 290 291 …,false,embedded text sufficient (2131 chars),"text layer present, OCR not needed"
dow-uap-d48-report-september-1996.pdf,119,true,2155,308 309 310 311 312 313 314 315 316 317 318 319 320 321 322 323 324 325 326 327 328 329 330 331 332 333 334 335 336 337 …,false,embedded text sufficient (2155 chars),"text layer present, OCR not needed"
dow-uap-d48-report-september-1996.pdf,120,true,2123,No. Mission/ID Launch Date Vehicle Confiauration Test Ranae Response Mode Flight Phase Rep. Conf. 354 ABRES {AFSC) 03/06…,false,embedded text sufficient (2123 chars),"text layer present, OCR not needed"
dow-uap-d48-report-september-1996.pdf,121,true,2327,400 401 402 403 404 405 406 407 408 409 410 411 412 413 414 415 416 417 418 419 420 421 422 423 424 425 426 427 428 429 …,false,embedded text sufficient (2327 chars),"text layer present, OCR not needed"
dow-uap-d48-report-september-1996.pdf,122,true,2097,446 447 448 449 450 451 452 453 454 455 456 457 458 459 460 461 462 463 464 465 466 467 468 469 470 471 472 473 474 475 …,false,embedded text sufficient (2097 chars),"text layer present, OCR not needed"
dow-uap-d48-report-september-1996.pdf,123,true,2079,492 493 494 495 496 497 498 499 500 501 502 503 504 505 506 507 508 509 510 511 512 513 514 515 516 517 518 519 520 521 …,false,embedded text sufficient (2079 chars),"text layer present, OCR not needed"
dow-uap-d48-report-september-1996.pdf,124,true,2790,D.2.2 Atlas Failure Narratives The following narratives provide the available details about each Atlas failure since the…,false,embedded text sufficient (2790 chars),"text layer present, OCR not needed"
dow-uap-d48-report-september-1996.pdf,125,true,2834,"9. 3B, 19 July 58, Response Mode 4T, Flight Phase 1: Random failure of yaw rate gyro caused violent maneuvers resulting …",false,embedded text sufficient (2834 chars),"text layer present, OCR not needed"
dow-uap-d48-report-september-1996.pdf,126,true,2568,"22. 7C, 18 Mar 59, Response Mode 4, Flight Phase 1: Booster engines shut down prematurely at 129.4 seconds, but booster …",false,embedded text sufficient (2568 chars),"text layer present, OCR not needed"
dow-uap-d48-report-september-1996.pdf,127,true,2427,"38. 20D (Able M, 26 Nov 59, Response Mode 4, Flight Phase 1: Third and fourth stages and payload broke off about 47 seco…",false,embedded text sufficient (2427 chars),"text layer present, OCR not needed"
dow-uap-d48-report-september-1996.pdf,128,true,2743,"58. SOD (Mercury), 29 July 60, Response Mode 4, Flight Phase 1: Flight appeared normal till 57.6 seconds when missile br…",false,embedded text sufficient (2743 chars),"text layer present, OCR not needed"
dow-uap-d48-report-september-1996.pdf,129,true,2620,"72 and 73 seconds, and a final explosion occurred at 7 4 seconds. Impact was about 8 miles downrange and one mile crossr…",false,embedded text sufficient (2620 chars),"text layer present, OCR not needed"
dow-uap-d48-report-september-1996.pdf,130,true,2891,"94. 26E, 8 Sep 61, Response Mode 4, Flight Phase 2: Sustainer engine shut down prematurely during the booster jettison s…",false,embedded text sufficient (2891 chars),"text layer present, OCR not needed"
dow-uap-d48-report-september-1996.pdf,131,true,2516,Sustainer engine shut down at 282 seconds. Missile impacted 1300 miles downrange and 18 miles crossrange. 111. 114D (LV-…,false,embedded text sufficient (2516 chars),"text layer present, OCR not needed"
dow-uap-d48-report-september-1996.pdf,132,true,2699,"131. LV-3A/ Agena B (Rubber Gun), 17 June 62, Response Mode 4, Flight Phase 3: Although Atlas performance was satisfacto…",false,embedded text sufficient (2699 chars),"text layer present, OCR not needed"
dow-uap-d48-report-september-1996.pdf,133,true,2834,"94.3 seconds. A thrust-section fire before 20 seconds apparently failed the lube oil system, which led to cessation of p…",false,embedded text sufficient (2834 chars),"text layer present, OCR not needed"
dow-uap-d48-report-september-1996.pdf,134,true,2541,"the x and z velocity channels. As a result, the missile impacted about 12 miles short and 0.2 miles right of target. 170…",false,embedded text sufficient (2541 chars),"text layer present, OCR not needed"
dow-uap-d48-report-september-1996.pdf,135,true,2529,"191. 163D (Cool Water V), 7 Oct 63, Response Mode 4, Flight Phase 1: Flight was normal up to about 73 seconds when the m…",false,embedded text sufficient (2529 chars),"text layer present, OCR not needed"
dow-uap-d48-report-september-1996.pdf,136,true,2745,"240. 156D, 2 Mar 65, Response Mode 1 Flight Phase 1: At 0.36 seconds booster fuel- pump pressure dropped due to a fuel p…",false,embedded text sufficient (2745 chars),"text layer present, OCR not needed"
dow-uap-d48-report-september-1996.pdf,137,true,2572,"maintain thrust. 1hrust imbalance resulted in tumbling, followed by fuel starvation, and early thrust termination. 284. …",false,embedded text sufficient (2572 chars),"text layer present, OCR not needed"
dow-uap-d48-report-september-1996.pdf,138,true,2728,"318. 148F (Busy Stepson), 17 Jan 67, Response Mode NA, Flight Phase 2.5: Flight was norm.al except that reentry vehicle …",false,embedded text sufficient (2728 chars),"text layer present, OCR not needed"
dow-uap-d48-report-september-1996.pdf,139,true,2890,"388. 5003C AC-21 (OAO-B), 30 Nov 70, Response Mode 4, Flight Phase 2: Since the nose fairing failed to separate, Centaur…",false,embedded text sufficient (2890 chars),"text layer present, OCR not needed"
dow-uap-d48-report-september-1996.pdf,140,true,2889,"caused yaw and roll rates that the flight control system could not correct. As a result, attitude control was lost and t…",false,embedded text sufficient (2889 chars),"text layer present, OCR not needed"
dow-uap-d48-report-september-1996.pdf,141,true,1263,"engine, thus preventing the engine from achieving full thrust. Due to the resulting thrust imbalance, the vehicle tumble…",false,embedded text sufficient (1263 chars),"text layer present, OCR not needed"
dow-uap-d48-report-september-1996.pdf,142,true,2320,D.3 Delta Launch and Performance History The Delta launch-vehicle family originated in 1959 with a NASA contract to Doug…,false,embedded text sufficient (2320 chars),"text layer present, OCR not needed"
dow-uap-d48-report-september-1996.pdf,143,true,991,"Configuration Description 1910, 1913, Stg. 0: Nine Castor Ils employed 1914 Stg. 3: Varied: none (1910), TE-364-3 (1913)…",false,embedded text sufficient (991 chars),"text layer present, OCR not needed"
dow-uap-d48-report-september-1996.pdf,144,true,820,The entire Delta history through 1995 is depicted rather compactly in bar-graph form in Figure 38. The solid-block porti…,false,embedded text sufficient (820 chars),"text layer present, OCR not needed"
dow-uap-d48-report-september-1996.pdf,145,true,2016,D.3.1 Delta Launch History The data in Table 43 summarizes all Delta and Delta-boosted space-vehicle launches since the …,false,embedded text sufficient (2016 chars),"text layer present, OCR not needed"
dow-uap-d48-report-september-1996.pdf,146,true,1681,31 32 33 34 35 36 37 38 39 40 41 42 43 44 45 46 47 48 49 50 51 52 53 54 55 56 57 58 59 60 61 62 63 64 65 66 67 68 69 70 …,false,embedded text sufficient (1681 chars),"text layer present, OCR not needed"
dow-uap-d48-report-september-1996.pdf,147,true,1587,Launch Vehicle Test Response Flight Rep. No. Mission/lo Date Confiauration Ranae Mode Phase Cont. n NATO-A 03/20/70 DSV-…,false,embedded text sufficient (1587 chars),"text layer present, OCR not needed"
dow-uap-d48-report-september-1996.pdf,148,true,1542,Launch Vehicle Test Response Flight Rep. No. Mission/ID Date Confiauration Ranae Mode Phase Cont. 123 LAGEOS 05/04/76 29…,false,embedded text sufficient (1542 chars),"text layer present, OCR not needed"
dow-uap-d48-report-september-1996.pdf,149,true,1677,Launch Vehicle Test Response Flight Rep. No. Mission/ID Date Confiauration Range Mode Phase Conf. 169 EXOSAT 05/26/83 39…,false,embedded text sufficient (1677 chars),"text layer present, OCR not needed"
dow-uap-d48-report-september-1996.pdf,150,true,917,launch Vehicle Test Response Flight Rep. No. Mission/ID Date Confiauration Ranae Mode Phase Cont. 215 COPERNIKUS 10/12/9…,false,embedded text sufficient (917 chars),"text layer present, OCR not needed"
dow-uap-d48-report-september-1996.pdf,151,true,2445,D.3.2 Delta Failure Narratives The following narratives provide available details about each Delta failure since the beg…,false,embedded text sufficient (2445 chars),"text layer present, OCR not needed"
dow-uap-d48-report-september-1996.pdf,152,true,2654,spacecraft into a lunar orbit. Possible cause was malfunction of the coast-control system after third-stage spinup and s…,false,embedded text sufficient (2654 chars),"text layer present, OCR not needed"
dow-uap-d48-report-september-1996.pdf,153,true,2549,"96. ITOS:-E (WTR), 16 July 73, Response Mode 4T, Flight Phase 2: Pump-motor failure during second-stage bum at 490 secon…",false,embedded text sufficient (2549 chars),"text layer present, OCR not needed"
dow-uap-d48-report-september-1996.pdf,154,true,409,"228. Koreasat, 5 Aug 95, Response Mode NA, Flight Phase 1 and 5: One of three air- ignited strap-on GEMs did not separat…",false,embedded text sufficient (409 chars),"text layer present, OCR not needed"
dow-uap-d48-report-september-1996.pdf,155,true,1527,"D.4 Titan Launch and Performance History The Titan family of launch vehicles was established in 1955, when the Air Force…",false,embedded text sufficient (1527 chars),"text layer present, OCR not needed"
dow-uap-d48-report-september-1996.pdf,156,true,1275,"Shortly after the Challenger accident in 1986, when the US government decided to offload commercial payloads from the Sp…",false,embedded text sufficient (1275 chars),"text layer present, OCR not needed"
dow-uap-d48-report-september-1996.pdf,157,true,1476,The entire Titan history through 1995 is depicted rather compactly in bar-graph form in Figure 39. The solid-block porti…,false,embedded text sufficient (1476 chars),"text layer present, OCR not needed"
dow-uap-d48-report-september-1996.pdf,158,true,1992,I I L... D.4.1 Titan Launch History The data in Table 45 summarizes all Titan and Titan-boosted space-vehicle launches s…,false,embedded text sufficient (1992 chars),"text layer present, OCR not needed"
dow-uap-d48-report-september-1996.pdf,159,true,1594,Launch Vehicle Test Response Flight Rep. No. Mission/ID Date Configuration Ranae Mode Phase Cont. 31 ws 02/20/61 (J-13) …,false,embedded text sufficient (1594 chars),"text layer present, OCR not needed"
dow-uap-d48-report-september-1996.pdf,160,true,1880,Launch Vehicle Test Response Flight Rep. No. Mission/ID Date Confiauration Ranae Mode Phase Conf. 77 ws 05/09/63 II CN-1…,false,embedded text sufficient (1880 chars),"text layer present, OCR not needed"
dow-uap-d48-report-september-1996.pdf,161,true,2144,Launch Vehicle Test Response Flight Rep. No. Mission/ID Date Confiauration Range Mode Phase Cont. 123 LONG BALL 07/21/65…,false,embedded text sufficient (2144 chars),"text layer present, OCR not needed"
dow-uap-d48-report-september-1996.pdf,162,true,2060,Launch Vehicle Test Response Flight Rep. No. Mission/ID Date ConfKJuration Ranae Mode Phase Conf. 169 AFSC 12/05/67 1118…,false,embedded text sufficient (2060 chars),"text layer present, OCR not needed"
dow-uap-d48-report-september-1996.pdf,163,true,2023,Launch Vehicle Test Response Flight Rep. No. Mission/ID Date Confiauration Range Mode Phase Conf. 215 AFSC 05/20/72 1118…,false,embedded text sufficient (2023 chars),"text layer present, OCR not needed"
dow-uap-d48-report-september-1996.pdf,164,true,2018,Launch Vehicle Test Response Flight Rep. No.· Mission/ID Date Confiauration Ranae Mode Phase Conf. 261 AFSC 09/15176 111…,false,embedded text sufficient (2018 chars),"text layer present, OCR not needed"
dow-uap-d48-report-september-1996.pdf,165,true,1356,Launch Vehicle Test Response Flight Rep. No. Mission/ID Date Confiauratlon Ranae Mode Phase Conf. 307 AFSC 04/18/86 34D-…,false,embedded text sufficient (1356 chars),"text layer present, OCR not needed"
dow-uap-d48-report-september-1996.pdf,166,true,2313,D.4.2 Titan Failure Narratives The following narratives provide available details about each Titan failure since the beg…,false,embedded text sufficient (2313 chars),"text layer present, OCR not needed"
dow-uap-d48-report-september-1996.pdf,167,true,2217,"28. J-9, 20 Dec 60, Response Mode 4, Flight Phase 2: No Stage-Ilignition due to failure of gas generator to start. 29. J…",false,embedded text sufficient (2217 chars),"text layer present, OCR not needed"
dow-uap-d48-report-september-1996.pdf,168,true,2323,50% reduction of sustainer thrust for remainder of Stage II operation. Impact was 2888 miles short of target. . 63. I (Y…,false,embedded text sufficient (2323 chars),"text layer present, OCR not needed"
dow-uap-d48-report-september-1996.pdf,169,true,2490,"81. Titan II (Thread Needle), 20 June 63, Response Mode 5, Flight Phase 2: Flight appeared normal until BECO at about 14…",false,embedded text sufficient (2490 chars),"text layer present, OCR not needed"
dow-uap-d48-report-september-1996.pdf,170,true,2667,"127. Titan II (Bold Guy), 21 Sep 65, Response Mode 4, Flight Phase 2: After a normal first-stage flight, the second stag…",false,embedded text sufficient (2667 chars),"text layer present, OCR not needed"
dow-uap-d48-report-september-1996.pdf,171,true,2631,"200. IIIC-19, 6 Nov 70, Vehicle 19, Response Mode NA, Flight Phase 3.5 and 5: All booster systems performed essentially …",false,embedded text sufficient (2631 chars),"text layer present, OCR not needed"
dow-uap-d48-report-september-1996.pdf,172,true,2894,S/ A-1 shut down at 213 sec due to failure of its turbopump assembly. The vehicle continued flight till 221 seconds when…,false,embedded text sufficient (2894 chars),"text layer present, OCR not needed"
dow-uap-d48-report-september-1996.pdf,173,true,1506,D.5 Thor Launch and Performance History (Not Including Delta) The entire Thor history is depicted rather compactly in ba…,false,embedded text sufficient (1506 chars),"text layer present, OCR not needed"
dow-uap-d48-report-september-1996.pdf,174,true,1585,Mode column. The seventh column indicates the operational flight phase during which the failure occurred. The last colum…,false,embedded text sufficient (1585 chars),"text layer present, OCR not needed"
dow-uap-d48-report-september-1996.pdf,175,true,1619,Launch Vehicle Test Response Flight Rep. No. Mission/ID Date Confiauration Ranae Mode Phase Conf. 42 ws 06/11/59 ABLE 11…,false,embedded text sufficient (1619 chars),"text layer present, OCR not needed"
dow-uap-d48-report-september-1996.pdf,176,true,2320,D.5.2 Thor and Thor-Boosted Failure Narratives The following narratives provide information about flight failure of Thor…,false,embedded text sufficient (2320 chars),"text layer present, OCR not needed"
dow-uap-d48-report-september-1996.pdf,177,true,2430,"vehicle was destroyed by the RSO at 152 seconds. Missile impacted about 60 miles downrange. 12. 120, 28 Feb 58, Response…",false,embedded text sufficient (2430 chars),"text layer present, OCR not needed"
dow-uap-d48-report-september-1996.pdf,178,true,2661,"depletion before to reaching cutoff conditions. Impact was 28 miles short of target. 28. 146, 16 Dec 58, Response Mode 4…",false,embedded text sufficient (2661 chars),"text layer present, OCR not needed"
dow-uap-d48-report-september-1996.pdf,179,true,2320,"67. 281 (Transit 2A), 22 June 60, Response Mode NA, Flight Phase 2 and 5: Although boost phase was normal, anomalous per…",false,embedded text sufficient (2320 chars),"text layer present, OCR not needed"
dow-uap-d48-report-september-1996.pdf,180,true,1771,"References 1. Montgomery, R. M., and Ward, J. A., ""Computations of Hit Probabilities From Launch-Vehicle Debris"", RTI/46…",false,embedded text sufficient (1771 chars),"text layer present, OCR not needed"
dow-uap-d48-report-september-1996.pdf,181,true,827,"15. 11Titan IV, America's Silent Hero"", published by Lockheed Martin in Florida Today, 13 Nov 95. 16. ""Atlas Program Fli…",false,embedded text sufficient (827 chars),"text layer present, OCR not needed"
dow-uap-d49-launch-summary-february-2000.pdf,1,true,78,• VANDENB.ERG AFB LAUNCH SUMMARY 1958 - 2000 30th SPACE WING Office of History,false,embedded text sufficient (78 chars),"text layer present, OCR not needed"
dow-uap-d49-launch-summary-february-2000.pdf,2,true,599,• • • DISTRIBUTION LIST 1 30th RANS/DOUS 1 30th RANS/DOU 1 30th SW/CP 1 30th SW/PA 1 30th SW/SEOO 1 30th SW/XPR 1 30th S…,false,embedded text sufficient (599 chars),"text layer present, OCR not needed"
dow-uap-d49-launch-summary-february-2000.pdf,3,true,1001,"FOREWORD This is the official registry of all major launch operations conducted from Vandenberg Air Force Base, Californ…",false,embedded text sufficient (1001 chars),"text layer present, OCR not needed"
dow-uap-d49-launch-summary-february-2000.pdf,4,true,1314,• • • ABRES ABRV ACC ACE ADC AE AEC AFMC AFSC AFSPC AMARV AMROC ANT AST ASTP ASTRID BALLISTIC BATSAT BOMARC BMRS COBE co…,false,embedded text sufficient (1314 chars),"text layer present, OCR not needed"
dow-uap-d49-launch-summary-february-2000.pdf,5,true,1353,• • DT&E DT&E PHASE I DT&E PHASE II DUAL LAUNCH EOS ERCS EXOSAT FAST FOE FOT FTM GB\ GEOS GEOSAT GFO GLCM GRP HCMM HP IC…,false,embedded text sufficient (1353 chars),"text layer present, OCR not needed"
dow-uap-d49-launch-summary-february-2000.pdf,6,true,1430,"• • • ,., ,. KOMPSAT LAGEOS LANDSAT LBRV LE LF LLL LLV-1 LM MACSAT MAGSAT MaST MDA MINT MOD MS MSLS MSTI MSX MUBLCOM N/A…",false,embedded text sufficient (1430 chars),"text layer present, OCR not needed"
dow-uap-d49-launch-summary-february-2000.pdf,7,true,1077,• • OT PHASE/ OT PHASE II PALC PAS PLC PAP PVM QuickScat RADARSAT RADCAL RAF R&D REX RSLP SAC SAFEGUARD SALVO SAMAST SAM…,false,embedded text sufficient (1077 chars),"text layer present, OCR not needed"
dow-uap-d49-launch-summary-february-2000.pdf,8,true,790,• • • • SPACEPROBE ST STEX STM STP STREP SWAS TAC TARGET TAT TD TOT TDV TERRIERS TIP TOMS-EP TREP TP TRACE UTE WIRE Non-…,false,embedded text sufficient (790 chars),"text layer present, OCR not needed"
dow-uap-d49-launch-summary-february-2000.pdf,9,true,1205,• • • LAUNCH FACILITY GUIDE BLDG PRESENT FORMER BLDG PRESENT FORMER BLDG PRESENT FORMER NMBR DESIGNATION DESIGNATION NMB…,false,embedded text sufficient (1205 chars),"text layer present, OCR not needed"
dow-uap-d49-launch-summary-february-2000.pdf,10,true,543,ANNUAL LAUNCH SUMMARY BY COMMAND 1958 - 1998 Chart I 1958 - 1978 LAUNCH AGENCY 58 59 60 61 62 63 64 65 66 67 68 69 70 71…,false,embedded text sufficient (543 chars),"text layer present, OCR not needed"
dow-uap-d49-launch-summary-february-2000.pdf,11,true,1364,• • • .... ANNUAL LAUNCH SUMMARY BY COMMAND 1958 - 2000 Chart II 1979 - 2000 & Totals As of 3 Feb 2000 LAUNCH AGENCY 79 …,false,embedded text sufficient (1364 chars),"text layer present, OCR not needed"
dow-uap-d49-launch-summary-february-2000.pdf,12,true,1715,... ANNUAL LAUNCH SUMMARY BY BOOSTER Chart I 1958 - 1978 !LAUNCH VEHICLE AMROC ARG0-8 ASTRID ASTROBEE 1500 ATLAS D ATLAS…,false,embedded text sufficient (1715 chars),"text layer present, OCR not needed"
dow-uap-d49-launch-summary-february-2000.pdf,13,true,1639,ANNUAL LAUNCH SUMMARY BY BOOSTER • Chart II 1979 - 1998 • ILAUNCH VEHICLE l11s 80 AMROC ARG0-8 ASTRID ASTROBEE 1500 ATLA…,false,embedded text sufficient (1639 chars),"text layer present, OCR not needed"
dow-uap-d49-launch-summary-february-2000.pdf,14,true,1415,ANNUAL LAONCH SUMMARY BY BOOSTER T Chart Ill 1999 - 2018 kAUNCH VEHICLE 1199 loo AMROC ARGO-8 ASTRID ASTROBEE 1500 ATHEN…,false,embedded text sufficient (1415 chars),"text layer present, OCR not needed"
dow-uap-d49-launch-summary-february-2000.pdf,15,true,1252,•• • • LAUNCH SEQ DATE NICJCNAME QLI FACILITY VEHICLE TYPE PROGRAM CUM BY BOOSTER COMMAND COM BY COMMAND 1. 16 Dec .58 T…,false,embedded text sufficient (1252 chars),"text layer present, OCR not needed"
dow-uap-d49-launch-summary-february-2000.pdf,16,true,1269,"• • • LAUNCH CUM BY COM BY SEQ DATE NICKNAME ~ FACILITY VEHICLE TYPB PROGR""l BOOSTER COMMAND COMMAND 20. 3 Aug 59 BEAN B…",false,embedded text sufficient (1269 chars),"text layer present, OCR not needed"
dow-uap-d49-launch-summary-february-2000.pdf,17,true,1329,• • • LAUNCH COM BY COM BY SEO DATE NICltNAMB 2.L.t FACILITY VEHICLE TYPE PROGRAM BOOSTER COMMAND COMMAND 39. 15 Apr 60 …,false,embedded text sufficient (1329 chars),"text layer present, OCR not needed"
dow-uap-d49-launch-summary-february-2000.pdf,18,true,1339,LAUNCH CUM BY CUM BY SEO DAT:! NICJ!CNAMl!: OP ff FACILITY VEHICLE TYPB PROGRAM BOOSTER COMMAND COMMAND 58. 30 Sep 60 N/…,false,embedded text sufficient (1339 chars),"text layer present, OCR not needed"
dow-uap-d49-launch-summary-february-2000.pdf,19,true,1376,"• • • ,. LAUNCH COM BY COM BY SEQ DATB NICJCNAMB ~ FACILITY VEHICLB TYPB PROGRAM BOOSTBR COMMAND COMMAND 77. 17 Feb 61 S…",false,embedded text sufficient (1376 chars),"text layer present, OCR not needed"
dow-uap-d49-launch-summary-february-2000.pdf,20,true,1358,• • • LAUNCH CUM BY CUM BY SEO DATB NICXNAMB: QR..Jt FACILITY VEHICLE TYPB PROGRAM BOOSTER COMMAND COMMAND 96. 6 Sep 61 …,false,embedded text sufficient (1358 chars),"text layer present, OCR not needed"
dow-uap-d49-launch-summary-february-2000.pdf,21,true,1389,.. • • •· LAUNCH CUM BY COM BY SEQ DATB NICJCNAMB QLI FACILITY VEHICLB TYPB PROGRAM BOOSTER COMM.AND COMMAND 115. 22 Dec…,false,embedded text sufficient (1389 chars),"text layer present, OCR not needed"
dow-uap-d49-launch-summary-february-2000.pdf,22,true,1365,• • • LAUNCH CUM BY CUM BY SEO DATE N!C!CN.AME QLl FACILITY VEHICLE TYPB PROGRAM BOOSTER COMMAND COMMAND 134. 26 Apr 62 …,false,embedded text sufficient (1365 chars),"text layer present, OCR not needed"
dow-uap-d49-launch-summary-february-2000.pdf,23,true,1365,• • LAUNCH CUM BY CUM BY SEQ DATE NICJCNAMB Q.Lit J.l'ACILITY Vl!!HICLE TYPB PROGRAM BOOSTER COMMAND COMMAND 153. 13 Jul…,false,embedded text sufficient (1365 chars),"text layer present, OCR not needed"
dow-uap-d49-launch-summary-february-2000.pdf,24,true,1421,•• • • LAUNCH COM BY COM BY SEQ DATE NICKNAME QLI FACILITY VEHICLB TYPB PROGRAM BOOSTBR COMMAND COMMAND 172. 29 Sep 62 A…,false,embedded text sufficient (1421 chars),"text layer present, OCR not needed"
dow-uap-d49-launch-summary-february-2000.pdf,25,true,1354,• • LAUNCH CUM BY CUM BY SEQ DATE NICKNAME OP I FACILITY VEHICLE TYPE PROGRAM BOOSTER COMMAND COMMAND 191. 18 Dec 62 N/A…,false,embedded text sufficient (1354 chars),"text layer present, OCR not needed"
dow-uap-d49-launch-summary-february-2000.pdf,26,true,1413,• • • LAUNCH CUM BY CtJM BY SEQ DATE NICXNAME Q.Lit FACILITY V'BHICLI TYPE PROGRAM BOOST2R COMMAND COMMAND 210. 15 Mar 6…,false,embedded text sufficient (1413 chars),"text layer present, OCR not needed"
dow-uap-d49-launch-summary-february-2000.pdf,27,true,1435,• • • LAUNCH CUM BY CUM BY SEQ DATE NICJCNAMB: QLI PACILITY VBHICLB TYPB PROGRAM BOOSTER COMMAND COMMAND 230. 8 May 63 F…,false,embedded text sufficient (1435 chars),"text layer present, OCR not needed"
dow-uap-d49-launch-summary-february-2000.pdf,28,true,1424,• • • LAUNCH CUM BY CUM BY S!Q DATE NIClOTA.'!E Q.Lt P'.i\CILITY VEHICLE TYPB PROGRAM BOOSTER COMMAND COMMAND 250. 5 Jul…,false,embedded text sufficient (1424 chars),"text layer present, OCR not needed"
dow-uap-d49-launch-summary-february-2000.pdf,29,true,1397,• • • LAUNCH CUM BY CUM BY SEQ DAT!!! NICKNAME ~ FACILITY VEHICLB TYPB PROGRAM· BOOSTER COMMAND COMMAND 270. 6 Sep 63 FI…,false,embedded text sufficient (1397 chars),"text layer present, OCR not needed"
dow-uap-d49-launch-summary-february-2000.pdf,30,true,1401,• • • LAUNCH COM BY CUM BY SEO DATE NIC!tNAME QL! FACILITY VEHICLE TYPB PROGRAM BOOSTER COMMAND COMMAND 290. 9 Nov 63 FI…,false,embedded text sufficient (1401 chars),"text layer present, OCR not needed"
dow-uap-d49-launch-summary-february-2000.pdf,31,true,1419,• • • LAUNCH COM BY CUM BY SEQ DATE NICICNAMK QL.! PACILITY VERICLB TYPB PROGRAM BOOSTER COMMAND COMMAND 310. 21 Dec 63 …,false,embedded text sufficient (1419 chars),"text layer present, OCR not needed"
dow-uap-d49-launch-summary-february-2000.pdf,32,true,1399,• • • LAUNCH CUM BY COM BY SEQ DATE NICKNAME ~ FACILITY VEHICLE TYPI PROGRAM BOOSTER COMMAND COMMAND 330. 3 Mar 64 N/A 4…,false,embedded text sufficient (1399 chars),"text layer present, OCR not needed"
dow-uap-d49-launch-summary-february-2000.pdf,33,true,1415,• • • LAUNCH CUM BY CUM BY SEQ DATE NICKNAME QLI FACILITY VEHICLE TYPE PROGRAM BOOSTER COMMAND COMMAND 350. 25 May 64 DE…,false,embedded text sufficient (1415 chars),"text layer present, OCR not needed"
dow-uap-d49-launch-summary-february-2000.pdf,34,true,1398,LAUNCH s~o 370. 371. 372. 373. 374. 375. 376. 377. 378. 379. 380. 381. 382. 383. 384. 385. 386. 387. 388. 389. DATE 27 J…,false,embedded text sufficient (1398 chars),"text layer present, OCR not needed"
dow-uap-d49-launch-summary-february-2000.pdf,35,true,1438,• • • LAUNCH CUM BY COM BY SEQ DATE NICKNAME QLl FACILITY VEHICLE TYPE PROGRAM BOOSTER COMMAND COMMAND 390. 10 Sep 64 HO…,false,embedded text sufficient (1438 chars),"text layer present, OCR not needed"
dow-uap-d49-launch-summary-february-2000.pdf,36,true,1410,• • • LAUNCH COM BY CUM BY SEQ DATE NICKNAME Q.Lit FAC:ILITY VEH:ICLB TYPB PROGRAM BOOSTRR COMMAND COMMAND 410. 4 Nov 64…,false,embedded text sufficient (1410 chars),"text layer present, OCR not needed"
dow-uap-d49-launch-summary-february-2000.pdf,37,true,1430,• • • LAUNCH COM BY CUM BY SEQ DATE NICKNAME Ql_Jt FACILITY VEHICLE TYPB PROGRAM BOO.STER COMMAND COMMAND 430. 8 Jan 65 …,false,embedded text sufficient (1430 chars),"text layer present, OCR not needed"
dow-uap-d49-launch-summary-february-2000.pdf,38,true,1419,• • • LAUNCH COM BY CUM BY SEQ DATE NICKNAME Q.t.Jt FACILITY VEHICLE TYPE PROGRAM BOOSTRR COMMAND COMMAND 450. 12 Mar 65…,false,embedded text sufficient (1419 chars),"text layer present, OCR not needed"
dow-uap-d49-launch-summary-february-2000.pdf,39,true,1412,• • • LAUNCH SEQ DATE NICKNAME ~ FACILITY VEHICLE TYPE PROGRAM COM BY BOOSTER COMMAND COM BY COMMAND 470. 471. 472. 473.…,false,embedded text sufficient (1412 chars),"text layer present, OCR not needed"
dow-uap-d49-launch-summary-february-2000.pdf,40,true,1462,• • • LAUNCH COM BY CUM BY SEQ DATE NICXNAME Q.Ll FACILITY Vl!!HICLB TYPB PROGRAM BOOSTER COMMAND COM!of..AND 490. 12 Ju…,false,embedded text sufficient (1462 chars),"text layer present, OCR not needed"
dow-uap-d49-launch-summary-february-2000.pdf,41,true,1416,• • • LAUNCH SEQ DATE NICICNAMB ~ FACILITY VEHICLE TYPB PROGRAM CUM BY BOOSTER COMMAND CUM BY COMMAND 510. 511. 512. 513…,false,embedded text sufficient (1416 chars),"text layer present, OCR not needed"
dow-uap-d49-launch-summary-february-2000.pdf,42,true,1481,"• • • LAUNCH SEQ DATE NI CKNA..""!a CUM BY .Qf....! P'ACILITY VEHICLE TYPE CUM BY PROGRAM BOOSTER. COMMAND COMMAND 530. 2…",false,embedded text sufficient (1481 chars),"text layer present, OCR not needed"
dow-uap-d49-launch-summary-february-2000.pdf,43,true,1452,• • • LAUNCH CtJM BY COM BY SEO DATE NICJCNAMB QL! FAC:ILITY VEHICLE TYPB PROGRAM BOOSTER COMMAND COMMAND 550. 8 Mar 66 …,false,embedded text sufficient (1452 chars),"text layer present, OCR not needed"
dow-uap-d49-launch-summary-february-2000.pdf,44,true,1431,• • • LAUNCH CUM BY CUM SY SEQ DATE NICDiAMB QL.! PACILITY VEHICLE TYPB PROGRAM BOOSTER COMMAND COMMAND 570. 20 Apr 66 L…,false,embedded text sufficient (1431 chars),"text layer present, OCR not needed"
dow-uap-d49-launch-summary-february-2000.pdf,45,true,1454,• • • LAUNCH CUM BY COM BY SEQ DATE NICXNAMB Ql....! FACILITY VEHICLE TYPB PROGRAM BOOSTER COMMAND COMMAND 590. 9 Jun 66…,false,embedded text sufficient (1454 chars),"text layer present, OCR not needed"
dow-uap-d49-launch-summary-february-2000.pdf,46,true,1457,• • • LAUNCH CtJM BY COM BY S~Q DATE NICDJAME 2f..J. FACILITY Vl!!HICLB: TYPZ PROGRAM BOOSTB:R COMMA.ND COMMAND 610. B A…,false,embedded text sufficient (1457 chars),"text layer present, OCR not needed"
dow-uap-d49-launch-summary-february-2000.pdf,47,true,1464,-- • • • LAUNCH CUM BY CUM BY SEQ DATB NICJCNAMB QL! FACILITY VBHICLB TYPB PROGRAM BOOSTBR COMMAND COMMAND 630. 3 Oct 66…,false,embedded text sufficient (1464 chars),"text layer present, OCR not needed"
dow-uap-d49-launch-summary-february-2000.pdf,48,true,1477,"I.A.UNCH COM BY COM BY SEQ DATE NICKNAME Q!!....t l""ACILITY VEHJ:CLR TYP.B PROGRAM BOOSTER COMMAND COMMAND 649. 20 Dec 6…",false,embedded text sufficient (1477 chars),"text layer present, OCR not needed"
dow-uap-d49-launch-summary-february-2000.pdf,49,true,1473,• • • LAUNCH SEQ 669. 670. 671. 672. 673. 674. 675. 676. 677. 678. 679. 680. 681. 682. 683. 684. 685. 686. 687. 688. DAT…,false,embedded text sufficient (1473 chars),"text layer present, OCR not needed"
dow-uap-d49-launch-summary-february-2000.pdf,50,true,1426,• • • LAUNCH COM BY COM BY SEO DATE NICJCNA.M.3 ~ FACILITY VEHICLK TYPK PROGRAM BOOSTER COMMAND COM!O.ND 689. 27 Apr 67 …,false,embedded text sufficient (1426 chars),"text layer present, OCR not needed"
dow-uap-d49-launch-summary-february-2000.pdf,51,true,1420,• • • t.AUNCH COM BY COM BY SEO DATE NICKNAME .QL! FACILITY VEHICLE TYPE PROGRAM BOOSTER COMMAND COMMAND 709. 9 Jun 67 B…,false,embedded text sufficient (1420 chars),"text layer present, OCR not needed"
dow-uap-d49-launch-summary-february-2000.pdf,52,true,1408,• • • LAUNCH SEQ DAT2 NIClCNAME Q.U FACILITY 'VBHICLB TYPK PROGRAM COM BY BOOSTER CO!o!MAND CtlM SY COMMAND 729. 7 Aug 6…,false,embedded text sufficient (1408 chars),"text layer present, OCR not needed"
dow-uap-d49-launch-summary-february-2000.pdf,53,true,1413,• • • LAUNCH CUM BY CUM BY SEO DATB NICmAMB QLl FACILITY VEHICLE TYPE PROGRAM BOOSTER COMMAND COMMAND 749. 10 Nov 67 N/A…,false,embedded text sufficient (1413 chars),"text layer present, OCR not needed"
dow-uap-d49-launch-summary-february-2000.pdf,54,true,1392,• • • LAUNCH SEQ DATE N:ICJCNA!ra QL! FACILITY VBHICLB TYPB PROGRAM COM BY BOOSTER COMMAND COM BY COMMAND 769. 16 Jan 68…,false,embedded text sufficient (1392 chars),"text layer present, OCR not needed"
dow-uap-d49-launch-summary-february-2000.pdf,55,true,1358,• • • LAUNCH CUM BY COM BY SEQ DATE NICKNAME QLI FACILITY VEHICLB TYPE PROGRAM BOOSTER COMMAND COMMAND 789. 17 Apr 68 N/…,false,embedded text sufficient (1358 chars),"text layer present, OCR not needed"
dow-uap-d49-launch-summary-february-2000.pdf,56,true,1368,• • • LAUNCH CUM BY CUM BY SEO DATE NICKNAME Q.l..Jt FACILITY VBHICLB TYPB PROGRAM BOOSTER COMMAND COMMAND 809. 4 Jul 68…,false,embedded text sufficient (1368 chars),"text layer present, OCR not needed"
dow-uap-d49-launch-summary-february-2000.pdf,57,true,1408,• • LAUNCH CUM BY CUM BY SEQ DATE NIC!CNAME QL! FACILITY VEHICLE TYPE PROGRAM BOOSTER COMMAND COMMAND 829. 24 Oct 68 GIA…,false,embedded text sufficient (1408 chars),"text layer present, OCR not needed"
dow-uap-d49-launch-summary-february-2000.pdf,58,true,1385,LAUNCH SEO DATE NICi'aiAMK ~ FACILITY VEH:ICLB TYPB PROGRAM CUM BY BOOSTER COMMAND COM BY co~ 849. 29 Jan 69 N/A 5265 LF…,false,embedded text sufficient (1385 chars),"text layer present, OCR not needed"
dow-uap-d49-launch-summary-february-2000.pdf,59,true,1381,• • LAUNCH CUM BY CUM BY SEO DATB NICJCNAMB Q!._f_ FACILITY VEHICLE TYPE PROGRAM BOOSTER COMMAND COMMAND 869. 15 Apr 69 …,false,embedded text sufficient (1381 chars),"text layer present, OCR not needed"
dow-uap-d49-launch-summary-february-2000.pdf,60,true,1399,•• • • LAUNCH COM BY CUM BY SEQ. DATE NICKNAME Q.Lit FACILITY VEHICLB TYPB PROGRAM BOOSTER COMMAND COMMAND 889. 21 Jun 6…,false,embedded text sufficient (1399 chars),"text layer present, OCR not needed"
dow-uap-d49-launch-summary-february-2000.pdf,61,true,1372,• • LAUNCH CUM BY CUM BY SEQ DATE NICJCNAMB QLI FACILITY VEHICLE TYPE PROGRAM BOOSTER COMMAND COMMAND 909. 3 Sep 69 N/A …,false,embedded text sufficient (1372 chars),"text layer present, OCR not needed"
dow-uap-d49-launch-summary-february-2000.pdf,62,true,1358,• • • LAUNCH CUM BY CUM BY SEQ DATE NICJCNAME QU FACILITY VEHICLE TYPB PROGRAM BOOSTER COMMAND COMMAND 929. 7 Nov 69 N/A…,false,embedded text sufficient (1358 chars),"text layer present, OCR not needed"
dow-uap-d49-launch-summary-february-2000.pdf,63,true,1370,• LAUNCH COM BY CUM BY SEO DATE NICICNAME QLl FACILITY VEHICLE TYPE PROGRAM BOOSTER COMMAND COMMAND 949. 7 Mar 70 N/A 61…,false,embedded text sufficient (1370 chars),"text layer present, OCR not needed"
dow-uap-d49-launch-summary-february-2000.pdf,64,true,1478,LAUNCH CUM BY CUM BY SEO DATE NICKNAME QLI l'ACILITY Vl!:HICLB TYPB PROGRAM BOOSTBR COMMAND COMMAND 968. 27 May 70 GLORY…,false,embedded text sufficient (1478 chars),"text layer present, OCR not needed"
dow-uap-d49-launch-summary-february-2000.pdf,65,true,1506,"• • ,. LAUNCH CUM BY CUM BY SEQ DATE NICJCNAMB Q!.Jt FACILITY VEHICLE TYPE PROGRAM BOOSTER COMMAND COMMAND 988. 4 Aug 70…",false,embedded text sufficient (1506 chars),"text layer present, OCR not needed"
dow-uap-d49-launch-summary-february-2000.pdf,66,true,1547,• • • LAUNCH COM BY CUM BY SEQ DATE NICKNAME Qf.Jt FACILITY VEHICLB TYPB PROGRAM BOOSTER COMMAND COMMAND 1008. 5 .Oct 70…,false,embedded text sufficient (1547 chars),"text layer present, OCR not needed"
dow-uap-d49-launch-summary-february-2000.pdf,67,true,1507,"• • LAUNCH COM BY COM BY SEQ DATB NICJCNAMB Q.L! l""ACILITY VEHICLE TYPB PROGRAM BOOSTER COMMAND COMMAND 1028. 28 Jan 71 …",false,embedded text sufficient (1507 chars),"text layer present, OCR not needed"
dow-uap-d49-launch-summary-february-2000.pdf,68,true,1508,LAUNCH CUM BY COM BY SEQ DATE NICKNAME QLJ. FACILITY VBHICLB TYPB PROGRAM BOOSTER COMMAND COMMAND 1048. 8 Apr 71 STM-2W …,false,embedded text sufficient (1508 chars),"text layer present, OCR not needed"
dow-uap-d49-launch-summary-february-2000.pdf,69,true,1506,• LAUNCH SEO DATB NICICNAMB ~ FACILITY VEHICLE TYPB PROGRAM COM BY BOOSTBR COMMAND CUM BY COMMAND 1068. 1069. 1070. 1071…,false,embedded text sufficient (1506 chars),"text layer present, OCR not needed"
dow-uap-d49-launch-summary-february-2000.pdf,70,true,1514,• • • LAUNCH CUM BY CUM BY SEQ DATE NICKNAME Q.j_jt FACILITY VEHICLB TYPB PROGRAM BOOSTER COMMAND COMMAND 1088. 16 Sep 7…,false,embedded text sufficient (1514 chars),"text layer present, OCR not needed"
dow-uap-d49-launch-summary-february-2000.pdf,71,true,1476,• • LAUNCH CUM BY CUM BY SEQ DATE NICKNAME QU FACILITY VEHICLE TYPE PROGRAM BOOSTER COMMAND COMMAND 1108. 17 Dec 71 GLOR…,false,embedded text sufficient (1476 chars),"text layer present, OCR not needed"
dow-uap-d49-launch-summary-february-2000.pdf,72,true,1478,• • • LAUNCH CUM BY CUM BY SEQ DATE NICKNAME OP# FACILITY VBHICLB TYPB PROGRAM BOOSTER COMMAND COMMAND 1128. 24 May 72 M…,false,embedded text sufficient (1478 chars),"text layer present, OCR not needed"
dow-uap-d49-launch-summary-february-2000.pdf,73,true,1446,• LAUNCH CUM BY COM BY SEQ DATB NICJCNAMB QL! FACILITY VKHICLB TYPB PROGRAM BOOSTER COMMAND COMMAND 1148. 2 Oct 72 N/A 8…,false,embedded text sufficient (1446 chars),"text layer present, OCR not needed"
dow-uap-d49-launch-summary-february-2000.pdf,74,true,1476,• • • LAUNCH COM BY CUM BY SEQ DATE NICKNAME QLJt FACILITY VEHICLB TYPB PROGRAM BOOSTBR COMMAND COMMAND 1168. 18 Dec 72 …,false,embedded text sufficient (1476 chars),"text layer present, OCR not needed"
dow-uap-d49-launch-summary-february-2000.pdf,75,true,1464,• • LAUNCH CUM BY CUM BY SEO DATE NICKNAME OP# FACILITY VEHICLE TYPE PROGRAM BOOSTER COMMAND COMMAND 1188. 13 Jul 73 N/A…,false,embedded text sufficient (1464 chars),"text layer present, OCR not needed"
dow-uap-d49-launch-summary-february-2000.pdf,76,true,1426,• • • LAUNCH COM BY CUM BY SEQ DATB NICiCNAMB Q!L! FACILITY VEHICLE TYPB PROGRAM BOOSTER COMMAND COMMAND 1208. 2 Nov 73 …,false,embedded text sufficient (1426 chars),"text layer present, OCR not needed"
dow-uap-d49-launch-summary-february-2000.pdf,77,true,1449,• • LAUNCH SEO DATE NICJl:NAMB Q.f...J! FACILITY VEHICLE TYPE PROGRAM CUM BY BOOSTER COMMAND CUM BY COMMAND 1228. 1229. …,false,embedded text sufficient (1449 chars),"text layer present, OCR not needed"
dow-uap-d49-launch-summary-february-2000.pdf,78,true,1461,• • • LAUNCH SEQ DATE NICJCNAME OP# FACILITY VBHICLB TYPB PROGRAM CUM BY BOOSTBR COMMAND COM BY COMMAND 1248. 1249. 1250…,false,embedded text sufficient (1461 chars),"text layer present, OCR not needed"
dow-uap-d49-launch-summary-february-2000.pdf,79,true,1441,• LAUNCH SEO DATE NICICNAME ~ FACILITY VEHICLE TYPB PROGRAM CUM BY BOOSTER COMMAND COM BY COMMAND 1268. 1269. 1270. 1271…,false,embedded text sufficient (1441 chars),"text layer present, OCR not needed"
dow-uap-d49-launch-summary-february-2000.pdf,80,true,1513,• • • LAUNCH COM BY COM BY SEQ DATE NICKNAME QL! P'ACILITY VEHICLE TYPE PROGRAM BOOSTER COMMAND COMMAND 1288. 20 Jun 75 …,false,embedded text sufficient (1513 chars),"text layer present, OCR not needed"
dow-uap-d49-launch-summary-february-2000.pdf,81,true,1460,• • LAUNCH COM BY CUM BY SEO DATE NICJCNAME Q.L! FACILITY VEHICLE TYPE PROGRAM BOOSTER COMMAND COMMAND 1308. 4 Dec 75 N/…,false,embedded text sufficient (1460 chars),"text layer present, OCR not needed"
dow-uap-d49-launch-summary-february-2000.pdf,82,true,1464,• • • LAUNCH SEQ DATE NIClCNAME OP# FACILITY VEHICLE TYPB: PROGRAM CUM BY BOOSTER COMMAND CUM BY COMMAND 1328. 1329. 133…,false,embedded text sufficient (1464 chars),"text layer present, OCR not needed"
dow-uap-d49-launch-summary-february-2000.pdf,83,true,1524,I LAUNCH SEQ • DATE NICKNAME OP# FACILITY • VEHICLE TYPE PROGRAM CUM BY BOOSTER .i CUM BY COMMAND COMMAND 1348. 1349. 13…,false,embedded text sufficient (1524 chars),"text layer present, OCR not needed"
dow-uap-d49-launch-summary-february-2000.pdf,84,true,1485,• • • LAUNCH CUM BY CUM BY SEQ DATE NICKNAME OP# FACILITY VEHICLE TYPE PROGRAM BOOSTER COMMAND COMMAND 1368. 16 Jun 77 S…,false,embedded text sufficient (1485 chars),"text layer present, OCR not needed"
dow-uap-d49-launch-summary-february-2000.pdf,85,true,1474,"• • ., '➔ LAUNCH CUM BY CUM BY SEQ DATE NICJCNAMB Qtl FACILITY VEHICLE TYPB PROGRAM BOOSTER COMMAND COMMAND 1388. 8 Feb …",false,embedded text sufficient (1474 chars),"text layer present, OCR not needed"
dow-uap-d49-launch-summary-february-2000.pdf,86,true,1505,• • • LAUNCH COM BY CUM BY SEQ DATB N:ICXNAME QLit FACILITY VEHICLB TYPB PROGRAM BOOSTER COMMAND COMMAND 1408. 25 Jul 78…,false,embedded text sufficient (1505 chars),"text layer present, OCR not needed"
dow-uap-d49-launch-summary-february-2000.pdf,87,true,1553,"• • ., ' LAUNCH COM BY CUM BY SEQ DATB NICICNAME QL.t PACI.LITY VEHICLE TYPB PROGRAM BOOSTER COMMAND COMMAND 1428. 28 Ma…",false,embedded text sufficient (1553 chars),"text layer present, OCR not needed"
dow-uap-d49-launch-summary-february-2000.pdf,88,true,1493,• • • LAUNCH CUM BY COM BY SEQ DATB NICXNAME QL! P'ACILITY VEHICLE TYPB PROGRA..'l BOOSTER COMMAND COMMAND 1448. 6 Feb 8…,false,embedded text sufficient (1493 chars),"text layer present, OCR not needed"
dow-uap-d49-launch-summary-february-2000.pdf,89,true,1441,• • LAUNCH COM BY CUM BY SEQ DATE NICKNAME OP# FACILITY VEHICLB TYPE PROGRAM BOOSTER COMMAND COMMAND 1468. 17 Nov 80 N/A…,false,embedded text sufficient (1441 chars),"text layer present, OCR not needed"
dow-uap-d49-launch-summary-february-2000.pdf,90,true,1531,• • • LAUNCH SEQ DATE NICXNAMK Q.fJ. FACILITY VEHICLE TYPE PROGRAM CUM BY BOOSTER COMMAND CUM BY COMMAND 1487. 3 Sep 81 …,false,embedded text sufficient (1531 chars),"text layer present, OCR not needed"
dow-uap-d49-launch-summary-february-2000.pdf,91,true,1452,• • LAUNCH SEQ • DATE NICKNAME: QU FACILITY VEHICLE TYPE PROGRAM CUM BY BOOSTER COMMAND CUM BY COMMAND 1507. 14 Oct 82 G…,false,embedded text sufficient (1452 chars),"text layer present, OCR not needed"
dow-uap-d49-launch-summary-february-2000.pdf,92,true,1565,• • • I.AUNCH CUM BY COM BY SEQ DATE NICKNAME Q.Ll P'ACILITY VBHJ:CLB TYPE PROGRAM BOOSTER COMMAND COMMAND 1527. 25 ·Jun…,false,embedded text sufficient (1565 chars),"text layer present, OCR not needed"
dow-uap-d49-launch-summary-february-2000.pdf,93,true,1486,• • .• LAUNCH COM BY CUM BY SEQ DATB NICKNAME OP# FACILITY VEHICLE TYPE PROGRAM BOOSTER COMMAND COMMAND 1547. 17 Apr 84 …,false,embedded text sufficient (1486 chars),"text layer present, OCR not needed"
dow-uap-d49-launch-summary-february-2000.pdf,94,true,1501,• • • LAUNCH CUM BY CUM BY SEQ DATE NICKNAME QLI! FACILITY VEHICLB TYPB PROGRAM BOOSTBR COMMAND COMMA.tm 1567. 22 May 85…,false,embedded text sufficient (1501 chars),"text layer present, OCR not needed"
dow-uap-d49-launch-summary-february-2000.pdf,95,true,1510,• • .i .. LAUNCH SEO DATK NICICNAMB OP# FACILITY VEHICLE TYPK PROGRAM CUM BY BOOSTER COMMAND CUM BY COMMAND 1587. 1588. …,false,embedded text sufficient (1510 chars),"text layer present, OCR not needed"
dow-uap-d49-launch-summary-february-2000.pdf,96,true,1495,• • • LAUNCH COM BY CUM BY SEQ DATE NICRNAMB OP# FACILITY VEHICLB TYPB PROGRAM BOOSTER COMMAND COMMAND 1607. 7 Jul 87 GL…,false,embedded text sufficient (1495 chars),"text layer present, OCR not needed"
dow-uap-d49-launch-summary-february-2000.pdf,97,true,1568,• • • LAUNCH CUM BY CUM BY SEO DATE NICKNAME QR_jt FACILITY VEHICLE TYPE PROGRAM BOOSTER COMMAND COMMAND 1627. 27 Oct 88…,false,embedded text sufficient (1568 chars),"text layer present, OCR not needed"
dow-uap-d49-launch-summary-february-2000.pdf,98,true,1517,L.~UNCH CUM BY CUM BY SEO DATE NICKNAME OP# FACILITY VEHICLE TYPE PROGR.~ BOOSTER COMMAND COMMAND 1647. 11 Apr 90 STACKS…,false,embedded text sufficient (1517 chars),"text layer present, OCR not needed"
dow-uap-d49-launch-summary-february-2000.pdf,99,true,1531,",, I • • \ .• LAUNCH CUM BY CUM BY SEO DATE NICKNAME QR__jt FACILITY VEHICLE TYPE PROGRAM BOOSTER COMMAND COMMAND 1667. …",false,embedded text sufficient (1531 chars),"text layer present, OCR not needed"
dow-uap-d49-launch-summary-february-2000.pdf,100,true,1481,• • • LAUNCH CUM BY CUM BY SEO DATE NICKNAME .QU FACILITY VEHICLE TYPE PROGRAM BOOSTER COMMAND COMMAND 1687. 25 Jun 93 R…,false,embedded text sufficient (1481 chars),"text layer present, OCR not needed"
dow-uap-d49-launch-summary-february-2000.pdf,101,true,1544,.. .. • • \• LAUNCH CUM BY CUM BY SEO DATE NICKNAME QLi! FACILITY VEHICLE TYPE PROGRAM BOOSTER COMMAND COMMAND 1705. 7 S…,false,embedded text sufficient (1544 chars),"text layer present, OCR not needed"
dow-uap-d49-launch-summary-february-2000.pdf,102,true,1576,"LAUNCH CUM BY CUM BY SEO DATE NICK.""iAME ~ FACILITY VEHICLE TYPE PROGRAM BOOSTER COMMAND COMMAND 1723. 8 May 96 GLORY TR…",false,embedded text sufficient (1576 chars),"text layer present, OCR not needed"
dow-uap-d49-launch-summary-february-2000.pdf,103,true,1575,t I#' • -. • • LAUNCH CUM BY AGENCY/ CUM BY SEO DATE NICKNAME _QRJ. FACILITY VEHICLE TYPE PROGRAM BOOSTER COMMAND COMMAN…,false,embedded text sufficient (1575 chars),"text layer present, OCR not needed"
dow-uap-d49-launch-summary-february-2000.pdf,104,true,1526,• • • LAUNCH CUM BY AGENCY/ CUM BY SEO DATE NICKNAME QRJ FACJ:LITY VEHICLE! TYPE PROGRAM BOOSTER CO!WAND COMMAND 1760. 1…,false,embedded text sufficient (1526 chars),"text layer present, OCR not needed"
dow-uap-d49-launch-summary-february-2000.pdf,105,true,1608,"• • • -. ,_. LAUNCH CUM BY AGENCY/ CUM BY SEO DATE NICKNAME ~ FACILITY VEHICLE TYPE PROGRAM BOOSTER COMMAND COMMAND 1777…",false,embedded text sufficient (1608 chars),"text layer present, OCR not needed"
dow-uap-d49-launch-summary-february-2000.pdf,106,true,1935,11111111111 VANDENBERG LAUNCHER STATUS AND HISTORY Prepared by the lSTRAD Office of History (HO) (Revised March i9B3) LA…,false,embedded text sufficient (1935 chars),"text layer present, OCR not needed"
dow-uap-d49-launch-summary-february-2000.pdf,107,true,1895,'I ..... VANDENBERG LAUNCHER STATUS AND HISTORY (lSTRAD/HO - Har 83) LAUNCH FACILITY Blda ACCEPTANCE DATE BY AIR FORCE D…,false,embedded text sufficient (1895 chars),"text layer present, OCR not needed"
dow-uap-d49-launch-summary-february-2000.pdf,108,true,1562,"1111111111 ■ VANDENBERG LAUNCHER STATUS AND HISTORY <1srRAD/110- Ma.:r 93r· - ..,, LAUNCH FACILITY ACCEPTANCE DATE DATE …",false,embedded text sufficient (1562 chars),"text layer present, OCR not needed"
dow-uap-d49-launch-summary-february-2000.pdf,109,true,1748,.... VANDENBERG LAUNCHER STATUS AND HISTORY ( lSTRAD/HD - ~.ar 83). LAUNCH FACILITI ACCEPTANCE DATE DATE OF FIRST PRESEN…,false,embedded text sufficient (1748 chars),"text layer present, OCR not needed"
dow-uap-d49-launch-summary-february-2000.pdf,110,true,1853,VANDENBERG LAUNCHER STATUS AND HISTORY . ·-;·· .... LA.UNCH FACILITY ACCEPTANCE DATE DATE OF FIRST PRESENT ORIGINAL CURR…,false,embedded text sufficient (1853 chars),"text layer present, OCR not needed"
dow-uap-d49-launch-summary-february-2000.pdf,111,true,2154,"...... VANDENBERG LAUNCHER STATUS AND HISTORY (1S'1.'RAD/HO -· Har 83) LAUNCH FACILI"",~i ACCEPTANCE DATE DATE OF FIRST P…",false,embedded text sufficient (2154 chars),"text layer present, OCR not needed"
dow-uap-d49-launch-summary-february-2000.pdf,112,true,2207,"-- --------- GLOSSARY SOFT - Missile emplaced and launched from exposed launcher above ground (e.g., Gantry-type; er Tes…",false,embedded text sufficient (2207 chars),"text layer present, OCR not needed"
dow-uap-d49-launch-summary-february-2000.pdf,113,true,1291,.... ATLAS ICBM BMRS A-1 BHR.S A-2 BMRS A-3 AB..~ES B--1 ABRES B-2 ABRES B-3 576-C 576-D 576-E 576-F 576-G ATLAS SPAE£ *…,false,embedded text sufficient (1291 chars),"text layer present, OCR not needed"
dow-uap-d5-mission-report-arabian-gulf-2020.pdf,1,partial,6,1.4(a),true,only 6 chars extracted — possibly page number or header only,"partial text layer detected; may be page numbers, stamps, or OCR artifacts"
dow-uap-d5-mission-report-arabian-gulf-2020.pdf,2,partial,6,1.4(a),true,only 6 chars extracted — possibly page number or header only,"partial text layer detected; may be page numbers, stamps, or OCR artifacts"
dow-uap-d5-mission-report-arabian-gulf-2020.pdf,3,partial,6,1.4(a),true,only 6 chars extracted — possibly page number or header only,"partial text layer detected; may be page numbers, stamps, or OCR artifacts"
dow-uap-d5-mission-report-arabian-gulf-2020.pdf,4,partial,6,1.4(a),true,only 6 chars extracted — possibly page number or header only,"partial text layer detected; may be page numbers, stamps, or OCR artifacts"
dow-uap-d5-mission-report-arabian-gulf-2020.pdf,5,true,172,"1.4(a) GENTEXT/UAP • Description: (S//REL) AT 1354Z, 1.4(a)OBSERVED 1X UAP IVO 34SCE7566990098. VELOCITY WAS 40 KNOTS AT…",false,embedded text sufficient (172 chars),"text layer present, OCR not needed"
dow-uap-d5-mission-report-arabian-gulf-2020.pdf,6,true,216,"1.4(a) GENTEXT/UAP • Description: (S//REL) AT 2243Z, 1.4(a) OBSERVED 2X POSS UAPS IVO 35TQK1580995057. VELOCITY WAS ESTI…",false,embedded text sufficient (216 chars),"text layer present, OCR not needed"
dow-uap-d50-email-correspondence-indopacom-april-2025.pdf,1,true,524,I just got oﬀ the phone with the unit that ﬂies They said to me (b) (6) 1.4(a) that the two lines listed are on the UNCL…,false,embedded text sufficient (524 chars),"text layer present, OCR not needed"
dow-uap-d50-email-correspondence-indopacom-april-2025.pdf,2,true,642,"(b) (6) CLASSIFICATION: SECRET//NOFORN (b) (6) CLASSIFICATION: SECRET//NOFORN Hello, I wanted to clarify that these tear…",false,embedded text sufficient (642 chars),"text layer present, OCR not needed"
dow-uap-d51-email-correspondence-pacific-time-zone-march-2023.pdf,1,true,575,"(b) (6) Good morning! Thank you for your patience on this-- like I said, this was a first for me. Upon consulting intern…",false,embedded text sufficient (575 chars),"text layer present, OCR not needed"
dow-uap-d51-email-correspondence-pacific-time-zone-march-2023.pdf,2,true,409,"1.4(a) Good morning, Thank you for your request. Our process for declassifying IIRs is lengthy and requires AFOSI Comman…",false,embedded text sufficient (409 chars),"text layer present, OCR not needed"
dow-uap-d51-email-correspondence-pacific-time-zone-march-2023.pdf,3,partial,6,1.4(a),true,only 6 chars extracted — possibly page number or header only,"partial text layer detected; may be page numbers, stamps, or OCR artifacts"
dow-uap-d51-email-correspondence-pacific-time-zone-march-2023.pdf,4,true,1542,1.4(a) CURRENT CLASSIFICATION S//NF-REQUESTED CLASSIFICATION UNCLASSIFIED Reported Appearance: An individual reported ob…,false,embedded text sufficient (1542 chars),"text layer present, OCR not needed"
dow-uap-d51-email-correspondence-pacific-time-zone-march-2023.pdf,5,true,464,Speed: Not reported Size: Large Shape: Triangular Color: Blue Material: Not reported Markings: Featureless Behavior: Emi…,false,embedded text sufficient (464 chars),"text layer present, OCR not needed"
dow-uap-d51-email-correspondence-pacific-time-zone-march-2023.pdf,6,false,0,,true,no extractable text found on this page,no text layer; OCR required
dow-uap-d52-email-correspondance-na-august-2024.pdf,1,true,370,"(b) (6) CLASSIFICATION: SECRET//NOFORN Good morning, Below is the requested additional information (include the year) to…",false,embedded text sufficient (370 chars),"text layer present, OCR not needed"
dow-uap-d52-email-correspondance-na-august-2024.pdf,2,true,387,"shaped, likely moving at a low speed. The U.S Aircraft had eyes on the poss UAP for over 2 hours. //UNCLASSIFIED// (b) (…",false,embedded text sufficient (387 chars),"text layer present, OCR not needed"
dow-uap-d54-mission-report-mediterranean-sea-na.pdf,1,partial,6,1.4(a),true,only 6 chars extracted — possibly page number or header only,"partial text layer detected; may be page numbers, stamps, or OCR artifacts"
dow-uap-d54-mission-report-mediterranean-sea-na.pdf,2,partial,6,1.4(a),true,only 6 chars extracted — possibly page number or header only,"partial text layer detected; may be page numbers, stamps, or OCR artifacts"
dow-uap-d54-mission-report-mediterranean-sea-na.pdf,3,partial,6,1.4(a),true,only 6 chars extracted — possibly page number or header only,"partial text layer detected; may be page numbers, stamps, or OCR artifacts"
dow-uap-d54-mission-report-mediterranean-sea-na.pdf,4,partial,6,1.4(a),true,only 6 chars extracted — possibly page number or header only,"partial text layer detected; may be page numbers, stamps, or OCR artifacts"
dow-uap-d54-mission-report-mediterranean-sea-na.pdf,5,partial,6,1.4(a),true,only 6 chars extracted — possibly page number or header only,"partial text layer detected; may be page numbers, stamps, or OCR artifacts"
dow-uap-d54-mission-report-mediterranean-sea-na.pdf,6,partial,6,1.4(a),true,only 6 chars extracted — possibly page number or header only,"partial text layer detected; may be page numbers, stamps, or OCR artifacts"
dow-uap-d54-mission-report-mediterranean-sea-na.pdf,7,true,446,"1.4(a) 1.4(a) GENTEXT/UAP • UAP Description (e.g., size, shape, color, markings, recognizable features): (SECRET//NOFORN…",false,embedded text sufficient (446 chars),"text layer present, OCR not needed"
dow-uap-d55-mission-report-syria-november-2016.pdf,1,true,1561,Declassified by MG Richard A. Hamson USCENTCOM Chief of Staff Declassified on: 20 M~ 67.1 P-8A OBSERVES UNIDENTIFIED LOW…,false,embedded text sufficient (1561 chars),"text layer present, OCR not needed"
dow-uap-d56-range-fouler-debrief-arabian-sea-august-2020.pdf,1,true,3432,"Deel d 11 ,1son u.. purple S&Sli&i!lllll lfUI Deel; ,Ge. ve and F manually R F I D b · ange OU er e ne orm (see below). …",false,embedded text sufficient (3432 chars),"text layer present, OCR not needed"
dow-uap-d57-mission-report-gulf-of-aden-september-2020.pdf,1,true,3071,Range Fouler Reportin Form Please complete this form to the best of your ability. If you do n~ot have the requested info…,false,embedded text sufficient (3071 chars),"text layer present, OCR not needed"
dow-uap-d58-range-fouler-debrief-na-october-2020.pdf,1,true,3267,Declassified by MG Richard A. Harrison usctf.le~~~.fil~ Aie-l~~raftUrple II!!! I Rl!!T 111 Ii IF 11 Oecla~M~ffif~R~li~Bf…,false,embedded text sufficient (3267 chars),"text layer present, OCR not needed"
dow-uap-d6-mission-report-arabian-gulf-2020.pdf,1,partial,6,1.4(a),true,only 6 chars extracted — possibly page number or header only,"partial text layer detected; may be page numbers, stamps, or OCR artifacts"
dow-uap-d6-mission-report-arabian-gulf-2020.pdf,2,partial,6,1.4(a),true,only 6 chars extracted — possibly page number or header only,"partial text layer detected; may be page numbers, stamps, or OCR artifacts"
dow-uap-d6-mission-report-arabian-gulf-2020.pdf,3,partial,6,1.4(a),true,only 6 chars extracted — possibly page number or header only,"partial text layer detected; may be page numbers, stamps, or OCR artifacts"
dow-uap-d6-mission-report-arabian-gulf-2020.pdf,4,partial,6,1.4(a),true,only 6 chars extracted — possibly page number or header only,"partial text layer detected; may be page numbers, stamps, or OCR artifacts"
dow-uap-d6-mission-report-arabian-gulf-2020.pdf,5,partial,6,1.4(a),true,only 6 chars extracted — possibly page number or header only,"partial text layer detected; may be page numbers, stamps, or OCR artifacts"
dow-uap-d6-mission-report-arabian-gulf-2020.pdf,6,partial,6,1.4(a),true,only 6 chars extracted — possibly page number or header only,"partial text layer detected; may be page numbers, stamps, or OCR artifacts"
dow-uap-d6-mission-report-arabian-gulf-2020.pdf,7,true,163,"1.4(a) 1.4(a) 1.4(a) • Description: (S//REL) AT 1246Z, 1.4(a) 1.4(a) OBSERVED 1X PROB UAP IVO 3SKT4255899519. NO MISSION…",false,embedded text sufficient (163 chars),"text layer present, OCR not needed"
dow-uap-d60-mission-report-persian-gulf-august-2020.pdf,1,false,0,,true,no extractable text found on this page,no text layer; OCR required
dow-uap-d60-mission-report-persian-gulf-august-2020.pdf,2,false,0,,true,no extractable text found on this page,no text layer; OCR required
dow-uap-d60-mission-report-persian-gulf-august-2020.pdf,3,false,0,,true,no extractable text found on this page,no text layer; OCR required
dow-uap-d60-mission-report-persian-gulf-august-2020.pdf,4,false,0,,true,no extractable text found on this page,no text layer; OCR required
dow-uap-d60-mission-report-persian-gulf-august-2020.pdf,5,false,0,,true,no extractable text found on this page,no text layer; OCR required
dow-uap-d60-mission-report-persian-gulf-august-2020.pdf,6,false,0,,true,no extractable text found on this page,no text layer; OCR required
dow-uap-d61-mission-report-persian-gulf-august-2020.pdf,1,true,1303,Dectass1f1ed by MG Richard A. Hamson USCENTCOM Chief of Staff Dectass1fied on 22 January 2026 Misrep 4685903 Narrative (…,false,embedded text sufficient (1303 chars),"text layer present, OCR not needed"
dow-uap-d61-mission-report-persian-gulf-august-2020.pdf,2,true,981,Declass fiea by MG Rae ard A. Harnso USCFN fCOM C ef of St ff Declass fi a on 22 January 2026 • Tasking Order (ATO)I 1.4…,false,embedded text sufficient (981 chars),"text layer present, OCR not needed"
dow-uap-d61-mission-report-persian-gulf-august-2020.pdf,3,true,1208,":Jec:lass1fied by MG R1ct-ard A, Hamsor uSCENTCOM Ct- ef of Staff Dec:lass1fieel on 22 Jam.ary 2026 • Rank: • Full Name:…",false,embedded text sufficient (1208 chars),"text layer present, OCR not needed"
dow-uap-d61-mission-report-persian-gulf-august-2020.pdf,4,true,1043,"Declassified by MG R1ct-ard A, Hamsor USCENTCOM Ct- ef of Staff Dec:lass1fieel on 22 January 2026 • Gentext: ­ Timeline …",false,embedded text sufficient (1043 chars),"text layer present, OCR not needed"
dow-uap-d61-mission-report-persian-gulf-august-2020.pdf,5,true,1647,":Jec:lass1fied by MG R1ct-ard A, Hamsor uSCENTCOM Ct- ef of Staff Dec:lass1fieel on 22 Jani.ary 2026 • Sensors Available…",false,embedded text sufficient (1647 chars),"text layer present, OCR not needed"
dow-uap-d61-mission-report-persian-gulf-august-2020.pdf,6,true,1371,Declass fiea by MG Ric ard A. Harnsor USCFN fCOM C f of St ff Declass fi a on 22 January 2026 O.ffStation • Time Off Sta…,false,embedded text sufficient (1371 chars),"text layer present, OCR not needed"
dow-uap-d61-mission-report-persian-gulf-august-2020.pdf,7,true,330,:::iectass fiea by MG R1e; rd A. Harnso \JSCE-N fCOM C ef of St ff Declass fi a on 22 J m. rv 2026 CLOUD COVER. AIRCREW …,false,embedded text sufficient (330 chars),"text layer present, OCR not needed"
dow-uap-d62-mission-report-strait-of-hormuz-september-2020.pdf,1,true,1478,Declassified by MG Richard A. Hanison USCENTCOM Chief of Staff Declassified or: 22 January 2026 Misrep 4782130 Narrative…,false,embedded text sufficient (1478 chars),"text layer present, OCR not needed"
dow-uap-d62-mission-report-strait-of-hormuz-september-2020.pdf,2,true,961,Declassified by I\ G R1cha d A Harr so USCENTCOM Chi f o' St ff D class1fed on 22 J u ry 2026 MSNID • Tasking Order (ATO…,false,embedded text sufficient (961 chars),"text layer present, OCR not needed"
dow-uap-d62-mission-report-strait-of-hormuz-september-2020.pdf,3,true,1171,"Deel ., ed by MG Richard A Harr so USCE'NTCOM C'l1ef o'St ff Declass ed or 22 Ja uary 2026 INGEST • Rank: • FuUName: • U…",false,embedded text sufficient (1171 chars),"text layer present, OCR not needed"
dow-uap-d62-mission-report-strait-of-hormuz-september-2020.pdf,4,true,1051,"--- Declassified by MG R.1cl'ard A. Harnsor, USCENTCOM Cl' ef of Staff Declass fled on 22 Jam,ary 2026 • Data Link: ­ • …",false,embedded text sufficient (1051 chars),"text layer present, OCR not needed"
dow-uap-d62-mission-report-strait-of-hormuz-september-2020.pdf,5,true,1422,"• Primary Sensor: ANDAS4 • Sensors Available: AH\GMESH • Tasking Type: PLANNED • Tasking or Request Number (JTAR#, AEM#,…",false,embedded text sufficient (1422 chars),"text layer present, OCR not needed"
dow-uap-d62-mission-report-strait-of-hormuz-september-2020.pdf,6,true,1282,Declassified by MG Richard A. Harrsor USCENTCOM Chief of Staff Deciassmed or. 22 Jtnuary 2026 • Time Off Station DTG: I …,false,embedded text sufficient (1282 chars),"text layer present, OCR not needed"
dow-uap-d62-mission-report-strait-of-hormuz-september-2020.pdf,7,true,1165,• Ground Station Callsign: IRANIAN AIR DEFENSE • Aircraft Location: 40RCP2l1.4aBOual • Aircraft Heading: 277 T • Aircraf…,false,embedded text sufficient (1165 chars),"text layer present, OCR not needed"
dow-uap-d62-mission-report-strait-of-hormuz-september-2020.pdf,8,true,1208,"Declassified by MG R.1cl'ard A. Harnsor, USCENTCOM Cl' ef of Staff Declass fled on 22 Jam,ary 2026 • Aircraft CaUsign:! …",false,embedded text sufficient (1208 chars),"text layer present, OCR not needed"
dow-uap-d62-mission-report-strait-of-hormuz-september-2020.pdf,9,true,208,Declassr ied by MG Richard A. Harrsor USCENTCOM Chief of Staff Deciassmed or. 22 Jtnuary 2026 • Weather: (U) WEATiffiR W…,false,embedded text sufficient (208 chars),"text layer present, OCR not needed"
dow-uap-d63-mission-report-strait-of-hormuz-october-2020.pdf,1,false,0,,true,no extractable text found on this page,no text layer; OCR required
dow-uap-d63-mission-report-strait-of-hormuz-october-2020.pdf,2,false,0,,true,no extractable text found on this page,no text layer; OCR required
dow-uap-d63-mission-report-strait-of-hormuz-october-2020.pdf,3,false,0,,true,no extractable text found on this page,no text layer; OCR required
dow-uap-d63-mission-report-strait-of-hormuz-october-2020.pdf,4,false,0,,true,no extractable text found on this page,no text layer; OCR required
dow-uap-d63-mission-report-strait-of-hormuz-october-2020.pdf,5,false,0,,true,no extractable text found on this page,no text layer; OCR required
dow-uap-d63-mission-report-strait-of-hormuz-october-2020.pdf,6,false,0,,true,no extractable text found on this page,no text layer; OCR required
dow-uap-d63-mission-report-strait-of-hormuz-october-2020.pdf,7,false,0,,true,no extractable text found on this page,no text layer; OCR required
dow-uap-d63-mission-report-strait-of-hormuz-october-2020.pdf,8,false,0,,true,no extractable text found on this page,no text layer; OCR required
dow-uap-d64-mission-report-iran-november-2020.pdf,1,true,1299,Misrep 5039166 Narrative Declassified by MG Richard A. Harrison USCENTCOM Chief of Staff Declassified on 16 March 2026 F…,false,embedded text sufficient (1299 chars),"text layer present, OCR not needed"
dow-uap-d64-mission-report-iran-november-2020.pdf,2,true,1085,• Tasking Order (ATO): EX • Mission Type: AREC • ATO Mission Number;dgJ(Ul.4~ • Country Tasked: US - UNITED STATES • Ser…,false,embedded text sufficient (1085 chars),"text layer present, OCR not needed"
dow-uap-d64-mission-report-iran-november-2020.pdf,3,true,1228,• Rank: • Full Name: • Unit: • Wing: • Phone Number: • Email: • Service: • Operations Center: ACEQUIP ACEQUIP • Aircraft…,false,embedded text sufficient (1228 chars),"text layer present, OCR not needed"
dow-uap-d64-mission-report-iran-november-2020.pdf,4,true,1089,• Gcntext: - Timeline Landing • Last Land Location (ICAO Code): OK.AS • Last Land Time: 030250:00ZNOV20 • Last Engine Sh…,false,embedded text sufficient (1089 chars),"text layer present, OCR not needed"
dow-uap-d64-mission-report-iran-november-2020.pdf,5,true,1619,"• Sensors Available: AH\GMESH • Tasking Type: PLANNED • Tasking or Request Number (JTAR#, AEM#, PRI#, or TIC#): ~ • BE N…",false,embedded text sufficient (1619 chars),"text layer present, OCR not needed"
dow-uap-d64-mission-report-iran-november-2020.pdf,6,true,1276,"GUARDCALL • GUARDCALL D,A.:..r..t...l.Lo..u.i..r.......1c,u.,,~'lov20 • Aircraft Callsign ..___-4 • Ground Station Calls…",false,embedded text sufficient (1276 chars),"text layer present, OCR not needed"
dow-uap-d64-mission-report-iran-november-2020.pdf,7,true,675,• Observation DTG: 022l48:00ZNOV20 • Aircraft Callsign:I 1.4a I • Aircraft Location: 39RWKq~a • Aircraft Heading: 110 T …,false,embedded text sufficient (675 chars),"text layer present, OCR not needed"
dow-uap-d65-mission-report-persian-gulf-july-2020.pdf,1,false,0,,true,no extractable text found on this page,no text layer; OCR required
dow-uap-d65-mission-report-persian-gulf-july-2020.pdf,2,false,0,,true,no extractable text found on this page,no text layer; OCR required
dow-uap-d65-mission-report-persian-gulf-july-2020.pdf,3,false,0,,true,no extractable text found on this page,no text layer; OCR required
dow-uap-d65-mission-report-persian-gulf-july-2020.pdf,4,false,0,,true,no extractable text found on this page,no text layer; OCR required
dow-uap-d65-mission-report-persian-gulf-july-2020.pdf,5,false,0,,true,no extractable text found on this page,no text layer; OCR required
dow-uap-d65-mission-report-persian-gulf-july-2020.pdf,6,false,0,,true,no extractable text found on this page,no text layer; OCR required
dow-uap-d65-mission-report-persian-gulf-july-2020.pdf,7,false,0,,true,no extractable text found on this page,no text layer; OCR required
dow-uap-d65-mission-report-persian-gulf-july-2020.pdf,8,false,0,,true,no extractable text found on this page,no text layer; OCR required
dow-uap-d7-mission-report-arabian-gulf-2020.pdf,1,partial,6,1.4(a),true,only 6 chars extracted — possibly page number or header only,"partial text layer detected; may be page numbers, stamps, or OCR artifacts"
dow-uap-d7-mission-report-arabian-gulf-2020.pdf,2,partial,6,1.4(a),true,only 6 chars extracted — possibly page number or header only,"partial text layer detected; may be page numbers, stamps, or OCR artifacts"
dow-uap-d7-mission-report-arabian-gulf-2020.pdf,3,partial,6,1.4(a),true,only 6 chars extracted — possibly page number or header only,"partial text layer detected; may be page numbers, stamps, or OCR artifacts"
dow-uap-d7-mission-report-arabian-gulf-2020.pdf,4,partial,6,1.4(a),true,only 6 chars extracted — possibly page number or header only,"partial text layer detected; may be page numbers, stamps, or OCR artifacts"
dow-uap-d7-mission-report-arabian-gulf-2020.pdf,5,partial,6,1.4(a),true,only 6 chars extracted — possibly page number or header only,"partial text layer detected; may be page numbers, stamps, or OCR artifacts"
dow-uap-d7-mission-report-arabian-gulf-2020.pdf,6,true,411,"1.4(a) 1.4(a) GENTEXT/UAP • UAP Description (e.g., size, shape, color, markings, recognizable features): LOOKS LIKE A BA…",false,embedded text sufficient (411 chars),"text layer present, OCR not needed"
dow-uap-d74-mission-report-syria-november-2023.pdf,1,true,1765,USCENTCOM MDR 25-0072 06/02/2025 000001 SECRET//NOFORN Recommendation by MG Brandon R. Tegtmeier USCENTCOM Chief of Staf…,false,embedded text sufficient (1765 chars),"text layer present, OCR not needed"
dow-uap-d74-mission-report-syria-november-2023.pdf,2,true,1094,USCENTCOM MDR 25-0072 06/02/2025 000002 Recommendation by MG Brandon R. Tegtmeier USCENTCOM Chief of Staff Recommended o…,false,embedded text sufficient (1094 chars),"text layer present, OCR not needed"
dow-uap-d74-mission-report-syria-november-2023.pdf,3,true,955,"USCENTCOM MDR 25-0072 06/02/2025 000003 SECRET//NOFORN POC • Rank:3.5c,(b)(6) • Full Name:3.5c, (b)(3)130b, (b)(6) • Uni…",false,embedded text sufficient (955 chars),"text layer present, OCR not needed"
dow-uap-d74-mission-report-syria-november-2023.pdf,4,true,395,USCENTCOM MDR 25-0072 06/02/2025 000004 SECRET//NOFORN ACEQUIP ACEQUIP • Aircraft Callsign: 1.4a 1.4g • Gentext: Timelin…,false,embedded text sufficient (395 chars),"text layer present, OCR not needed"
dow-uap-d74-mission-report-syria-november-2023.pdf,5,true,1082,USCENTCOM MDR 25-0072 06/02/2025 000005 SECRET//NOFORN • Aircraft Tail Number(s): 1.4a • Takeoff Location (ICAO Code): 1…,false,embedded text sufficient (1082 chars),"text layer present, OCR not needed"
dow-uap-d74-mission-report-syria-november-2023.pdf,6,true,1400,USCENTCOM MDR 25-0072 06/02/2025 000006 SECRET//NOFORN Recommendation by MG Brandon R. Tegtmeier USCENTCOM Chief of Staf…,false,embedded text sufficient (1400 chars),"text layer present, OCR not needed"
dow-uap-d74-mission-report-syria-november-2023.pdf,7,true,1148,USCENTCOM MDR 25-0072 06/02/2025 000007 SECRET//NOFORN Recommendation by MG Brandon R. Tegtmeier USCENTCOM Chief of Staf…,false,embedded text sufficient (1148 chars),"text layer present, OCR not needed"
dow-uap-d74-mission-report-syria-november-2023.pdf,8,true,1569,USCENTCOM MDR 25-0072 06/02/2025 000008 SECRET//NOFORN Recommendation by MG Brandon R. Tegtmeier USCENTCOM Chief of Staf…,false,embedded text sufficient (1569 chars),"text layer present, OCR not needed"
dow-uap-d74-mission-report-syria-november-2023.pdf,9,true,1860,USCENTCOM MDR 25-0072 06/02/2025 000009 SECRET//NOFORN • Initial Contact DTG: 092153:00ZNOV23 • UAP Event Type: UAP Inci…,false,embedded text sufficient (1860 chars),"text layer present, OCR not needed"
dow-uap-d74-mission-report-syria-november-2023.pdf,10,true,1386,USCENTCOM MDR 25-0072 06/02/2025 000010 SECRET//NOFORN Recommendation by MG Brandon R. Tegtmeier USCENTCOM Chief of Staf…,false,embedded text sufficient (1386 chars),"text layer present, OCR not needed"
dow-uap-d75-mission-report-gulf-of-aden-july-2024.pdf,1,true,1518,Recommendation by MG Brandon R. Tegtmeier USCENTCOM Chief of Staff Recommended on: 2 June 2025 FOUO / Privacy Act applie…,false,embedded text sufficient (1518 chars),"text layer present, OCR not needed"
dow-uap-d75-mission-report-gulf-of-aden-july-2024.pdf,2,true,961,Recommendation by MG Brandon R. Tegtmeier USCENTCOM Chief of Staff Recommended on: 2 June 2025 FOUO / Privacy Act applie…,false,embedded text sufficient (961 chars),"text layer present, OCR not needed"
dow-uap-d75-mission-report-gulf-of-aden-july-2024.pdf,3,true,612,"SECRET//REL TO USA, FVEY Recommendation by MG Brandon R. Tegtmeier USCENTCOM Chief of Staff Recommended on: 2 June 2025 …",false,embedded text sufficient (612 chars),"text layer present, OCR not needed"
dow-uap-d75-mission-report-gulf-of-aden-july-2024.pdf,4,true,858,"SECRET//REL TO USA, FVEY 1.4g • Air-to-Ground Wpn to Include Num of Each: 1.4a 1.4g Timeline Takeoff • Callsign: 1.4a • …",false,embedded text sufficient (858 chars),"text layer present, OCR not needed"
dow-uap-d75-mission-report-gulf-of-aden-july-2024.pdf,5,true,1413,"SECRET//REL TO USA, FVEY Recommendation by MG Brandon R. Tegtmeier USCENTCOM Chief of Staff Recommended on: 2 June 2025 …",false,embedded text sufficient (1413 chars),"text layer present, OCR not needed"
dow-uap-d75-mission-report-gulf-of-aden-july-2024.pdf,6,true,1382,"SECRET//REL TO USA, FVEY • Killbox (Location): • Mission Type: 1.4a • JTAC Callsign: • Gentext/Additional Details: • Did…",false,embedded text sufficient (1382 chars),"text layer present, OCR not needed"
dow-uap-d75-mission-report-gulf-of-aden-july-2024.pdf,7,true,1538,"SECRET//REL TO USA, FVEY Recommendation by MG Brandon R. Tegtmeier USCENTCOM Chief of Staff Recommended on: 2 June 2025 …",false,embedded text sufficient (1538 chars),"text layer present, OCR not needed"
dow-uap-d75-mission-report-gulf-of-aden-july-2024.pdf,8,true,1605,"SECRET//REL TO USA, FVEY • UAP Objects/Material Recovered (yes/no; if yes, describe): NO • UAP Effects on Equipment: NON…",false,embedded text sufficient (1605 chars),"text layer present, OCR not needed"
dow-uap-d8-mission-report-djibouti-2025.pdf,1,partial,6,1.4(a),true,only 6 chars extracted — possibly page number or header only,"partial text layer detected; may be page numbers, stamps, or OCR artifacts"
dow-uap-d8-mission-report-djibouti-2025.pdf,2,partial,6,1.4(a),true,only 6 chars extracted — possibly page number or header only,"partial text layer detected; may be page numbers, stamps, or OCR artifacts"
dow-uap-d8-mission-report-djibouti-2025.pdf,3,partial,6,1.4(a),true,only 6 chars extracted — possibly page number or header only,"partial text layer detected; may be page numbers, stamps, or OCR artifacts"
dow-uap-d8-mission-report-djibouti-2025.pdf,4,partial,6,1.4(a),true,only 6 chars extracted — possibly page number or header only,"partial text layer detected; may be page numbers, stamps, or OCR artifacts"
dow-uap-d8-mission-report-djibouti-2025.pdf,5,partial,6,1.4(a),true,only 6 chars extracted — possibly page number or header only,"partial text layer detected; may be page numbers, stamps, or OCR artifacts"
dow-uap-d8-mission-report-djibouti-2025.pdf,6,partial,6,1.4(a),true,only 6 chars extracted — possibly page number or header only,"partial text layer detected; may be page numbers, stamps, or OCR artifacts"
dow-uap-d8-mission-report-djibouti-2025.pdf,7,true,418,"1.4(a) 1.4(a) GENTEXT/UAP • UAP Description (e.g., size, shape, color, markings, recognizable features): (SECRET//REL TO…",false,embedded text sufficient (418 chars),"text layer present, OCR not needed"
dow-uap-pr20.pdf,1,true,301,USCENTCOM MDR 25-0094 thru MDR 25-0099 / JS-250710-TM8S USCENTCOM Recommendation to AARO 10/17/25 001 Recommendation by …,false,embedded text sufficient (301 chars),"text layer present, OCR not needed"
fbi-photo-b1.pdf,1,false,0,,true,no extractable text found on this page,no text layer; OCR required
fbi-photo-b10.pdf,1,false,0,,true,no extractable text found on this page,no text layer; OCR required
fbi-photo-b11.pdf,1,false,0,,true,no extractable text found on this page,no text layer; OCR required
fbi-photo-b12.pdf,1,false,0,,true,no extractable text found on this page,no text layer; OCR required
fbi-photo-b13.pdf,1,false,0,,true,no extractable text found on this page,no text layer; OCR required
fbi-photo-b14.pdf,1,false,0,,true,no extractable text found on this page,no text layer; OCR required
fbi-photo-b15.pdf,1,false,0,,true,no extractable text found on this page,no text layer; OCR required
fbi-photo-b16.pdf,1,false,0,,true,no extractable text found on this page,no text layer; OCR required
fbi-photo-b17.pdf,1,false,0,,true,no extractable text found on this page,no text layer; OCR required
fbi-photo-b18.pdf,1,false,0,,true,no extractable text found on this page,no text layer; OCR required
fbi-photo-b19.pdf,1,false,0,,true,no extractable text found on this page,no text layer; OCR required
fbi-photo-b2.pdf,1,false,0,,true,no extractable text found on this page,no text layer; OCR required
fbi-photo-b20.pdf,1,false,0,,true,no extractable text found on this page,no text layer; OCR required
fbi-photo-b21.pdf,1,false,0,,true,no extractable text found on this page,no text layer; OCR required
fbi-photo-b22.pdf,1,false,0,,true,no extractable text found on this page,no text layer; OCR required
fbi-photo-b23.pdf,1,false,0,,true,no extractable text found on this page,no text layer; OCR required
fbi-photo-b24.pdf,1,false,0,,true,no extractable text found on this page,no text layer; OCR required
fbi-photo-b3.pdf,1,partial,2,..,true,only 2 chars extracted — possibly page number or header only,"partial text layer detected; may be page numbers, stamps, or OCR artifacts"
fbi-photo-b4.pdf,1,false,0,,true,no extractable text found on this page,no text layer; OCR required
fbi-photo-b5.pdf,1,false,0,,true,no extractable text found on this page,no text layer; OCR required
fbi-photo-b6.pdf,1,false,0,,true,no extractable text found on this page,no text layer; OCR required
fbi-photo-b7.pdf,1,false,0,,true,no extractable text found on this page,no text layer; OCR required
fbi-photo-b8.pdf,1,false,0,,true,no extractable text found on this page,no text layer; OCR required
fbi-photo-b9.pdf,1,false,0,,true,no extractable text found on this page,no text layer; OCR required
nasa-uap-d1-apollo-12-transcript-1969.pdf,1,true,1397,05 19 14 58 05 19 16 31 05 19 16 35 05 19 16 37 05 19 16 45 05 19 20 05 05 19 20 09 05 19 20 14 05 19 20 22 05 19 20 27 …,false,embedded text sufficient (1397 chars),"text layer present, OCR not needed"
nasa-uap-d1-apollo-12-transcript-1969.pdf,2,true,1449,05 19 24 11 05 19 24 23 05 19 24 43 05 19 24 52 05 19 25 33 05 19 25 40 05 19 25 41 05 19 25 48 05 19 27 17 05 19 27 20 …,false,embedded text sufficient (1449 chars),"text layer present, OCR not needed"
nasa-uap-d1-apollo-12-transcript-1969.pdf,3,true,1481,- 05 20 08 23 05 20 09 25 05 20 09 30 05 20 09 34 05 20 10 00 05 20 10 06 05 20 10 52 05 20 10 59 ) 05 20 11 03 05 20 11…,false,embedded text sufficient (1481 chars),"text layer present, OCR not needed"
nasa-uap-d1-apollo-12-transcript-1969.pdf,4,true,1518,.. 06 00 21 42 06 co 21 51 06 00 22 11 06 00 22 22 06 00 22 26 06 00 22 27 06 00 22 28 ( 06 00 22 33 06 00 22 47 . 06 00…,false,embedded text sufficient (1518 chars),"text layer present, OCR not needed"
nasa-uap-d2-apollo-17-transcript-1972.pdf,1,true,1080,"Tape 5/2 CC Yes, we copied your VI and your EMS numbers, and we've got a number for you. Maneuver start time will be at …",false,embedded text sufficient (1080 chars),"text layer present, OCR not needed"
nasa-uap-d2-apollo-17-transcript-1972.pdf,2,true,1312,Tape 5/3 CC Roger. They look like fluid of some sort? CMP Not to me. They look like pieces of something. CC Roger. CMP T…,false,embedded text sufficient (1312 chars),"text layer present, OCR not needed"
nasa-uap-d2-apollo-17-transcript-1972.pdf,3,true,1010,Tape 5/4 00 03 38 01 cc CMP CC CMP LMP CMP CC CMP CC CDR 00 03 00 03 00 03 39 39 39 35 53 57 cc CMP LMP cc CMP LMP CMP L…,false,embedded text sufficient (1010 chars),"text layer present, OCR not needed"
nasa-uap-d2-apollo-17-transcript-1972.pdf,4,true,977,Tape 5/5 00 03 40 01 CMP Okay. LOGIC SECS LOGIC is POWER is ON. CLOSED; SECS ARM are CLOSED; LMP Okay. 00 03 40 13 cc 17…,false,embedded text sufficient (977 chars),"text layer present, OCR not needed"
nasa-uap-d2-apollo-17-transcript-1972.pdf,5,true,1435,"Tape 46/4 02 18 4111 CDR CMP 02 18 41 59 CMP CDR cc 02 18 42 34 CDR CC CDR CC CDR CMP CC Okay. Is that it? Yes, I can ge…",false,embedded text sufficient (1435 chars),"text layer present, OCR not needed"
nasa-uap-d2-apollo-17-transcript-1972.pdf,6,true,1500,"Tape 46/5 02 l8 44 40 CDR Okay, I just wanted you to we saw them. That's all. - just told them like CC Roger. CDR I will…",false,embedded text sufficient (1500 chars),"text layer present, OCR not needed"
nasa-uap-d2-apollo-17-transcript-1972.pdf,7,true,1492,"Tape 46/6 02 18 46 46 cc CMP CC CMP CC CMP CC CMP CC 02 18 47 51 CMP CDR Jack, are you sto - you all stowing the ALFMED …",false,embedded text sufficient (1492 chars),"text layer present, OCR not needed"
nasa-uap-d2-apollo-17-transcript-1972.pdf,8,true,1510,Tape 46/7 CC 02 18 49 02 CDR 02 18 50 13 SC CMP CC 02 18 50 58 CDR CC CDR LMP CDR CDR very rhythmic fashion because the …,false,embedded text sufficient (1510 chars),"text layer present, OCR not needed"
nasa-uap-d2-apollo-17-transcript-1972.pdf,9,true,1377,Tape 46/8 02 18 51 32 CDR CC CDR 02 18 52 18 02 18 53 10 02 18 55 24 LMP LMP cc CDR CMP cc CMP LMP CC LMP 02 18 56 27 cc…,false,embedded text sufficient (1377 chars),"text layer present, OCR not needed"
nasa-uap-d2-apollo-17-transcript-1972.pdf,10,true,1394,"Tape 46/9 CC Okay; I was just going to update that. The Cowboys won it 34 to 24. And by winning it, they wrap up the wil…",false,embedded text sufficient (1394 chars),"text layer present, OCR not needed"
nasa-uap-d2-apollo-17-transcript-1972.pdf,11,true,1519,Tape 47/14 And I'll just confirm that the - that disturbance over the So - Solomon Islands is an awfully tightly wound l…,false,embedded text sufficient (1519 chars),"text layer present, OCR not needed"
nasa-uap-d2-apollo-17-transcript-1972.pdf,12,true,1479,"CC Go ahead. LMP Yes, Bob, what is your ­ have it - surface tenns Hawaii today? CC Stand by on that. CC Jack, according …",false,embedded text sufficient (1479 chars),"text layer present, OCR not needed"
nasa-uap-d2-apollo-17-transcript-1972.pdf,13,true,1078,"Tape 47/16 02 21 04 23 cc Roger, Jack. The Solomon Islands disturbance and everything is confirmed on this chart that I'…",false,embedded text sufficient (1078 chars),"text layer present, OCR not needed"
nasa-uap-d2-apollo-17-transcript-1972.pdf,14,true,585,"cc 03 15 33 25 I.MP Tape 59/19 mare. Still looking at Oceanus Procellarum. And now, out window 3, up to the northwest, G…",false,embedded text sufficient (585 chars),"text layer present, OCR not needed"
nasa-uap-d2-apollo-17-transcript-1972.pdf,15,true,1897,Tape 60/1 APOLLO 17 AIR-TO-GROUND VOICE TRANSCRIPrION 03 15 33 44 cc Roger. LMP For our interp - If we can extrapolate f…,false,embedded text sufficient (1897 chars),"text layer present, OCR not needed"
nasa-uap-d2-apollo-17-transcript-1972.pdf,16,true,1506,"Tape 60/2 CC Roger. LMP That's the small craters. There, in the Mare Procellarum closest to Grimaldi, there are two arcu…",false,embedded text sufficient (1506 chars),"text layer present, OCR not needed"
nasa-uap-d4-apollo-11-technical-crew-debriefing-1969.pdf,1,false,0,,true,no extractable text found on this page,no text layer; OCR required
nasa-uap-d4-apollo-11-technical-crew-debriefing-1969.pdf,2,false,0,,true,no extractable text found on this page,no text layer; OCR required
nasa-uap-d4-apollo-11-technical-crew-debriefing-1969.pdf,3,false,0,,true,no extractable text found on this page,no text layer; OCR required
nasa-uap-d4-apollo-11-technical-crew-debriefing-1969.pdf,4,false,0,,true,no extractable text found on this page,no text layer; OCR required
nasa-uap-d4-apollo-11-technical-crew-debriefing-1969.pdf,5,false,0,,true,no extractable text found on this page,no text layer; OCR required
nasa-uap-d4-apollo-11-technical-crew-debriefing-1969.pdf,6,false,0,,true,no extractable text found on this page,no text layer; OCR required
nasa-uap-d4-apollo-11-technical-crew-debriefing-1969.pdf,7,false,0,,true,no extractable text found on this page,no text layer; OCR required
nasa-uap-d4-apollo-11-technical-crew-debriefing-1969.pdf,8,false,0,,true,no extractable text found on this page,no text layer; OCR required
nasa-uap-d4-apollo-11-technical-crew-debriefing-1969.pdf,9,false,0,,true,no extractable text found on this page,no text layer; OCR required
nasa-uap-d4-apollo-11-technical-crew-debriefing-1969.pdf,10,false,0,,true,no extractable text found on this page,no text layer; OCR required
nasa-uap-d4-apollo-11-technical-crew-debriefing-1969.pdf,11,false,0,,true,no extractable text found on this page,no text layer; OCR required
nasa-uap-d5-apollo-17-crew-debriefing-for-science-1973.pdf,1,true,1376,"....................... Cg_, ,_,,_,,_,,Z'_ iiiiiiii!i!i!i!i!iiiill ..... MSC-07632 :i:>>................ iiiii!iiiiiiiii…",false,embedded text sufficient (1376 chars),"text layer present, OCR not needed"
nasa-uap-d5-apollo-17-crew-debriefing-for-science-1973.pdf,2,true,1354,ll9 HENRY gravitationally holding it together° We though it might be (CONT 'D) in the form of ionized hydrogen. We looke…,false,embedded text sufficient (1354 chars),"text layer present, OCR not needed"
nasa-uap-d5-apollo-17-crew-debriefing-for-science-1973.pdf,3,true,1309,"120 HENRY star; however, we know that there were no hot stars within (CONT'D) our field of view. Therefore, the most con…",false,embedded text sufficient (1309 chars),"text layer present, OCR not needed"
nasa-uap-d6-apollo-17-technical-crew-debriefing-1973.pdf,1,false,0,,true,no extractable text found on this page,no text layer; OCR required
nasa-uap-d6-apollo-17-technical-crew-debriefing-1973.pdf,2,false,0,,true,no extractable text found on this page,no text layer; OCR required
nasa-uap-d7-skylab-technical-crew-debriefing-1973.pdf,1,false,0,,true,no extractable text found on this page,no text layer; OCR required
nasa-uap-d7-skylab-technical-crew-debriefing-1973.pdf,2,false,0,,true,no extractable text found on this page,no text layer; OCR required
nasa-uap-d7-skylab-technical-crew-debriefing-1973.pdf,3,false,0,,true,no extractable text found on this page,no text layer; OCR required
nasa-uap-d7-skylab-technical-crew-debriefing-1973.pdf,4,false,0,,true,no extractable text found on this page,no text layer; OCR required
nasa-uap-d7-skylab-technical-crew-debriefing-1973.pdf,5,false,0,,true,no extractable text found on this page,no text layer; OCR required
nasa-uap-d7-skylab-technical-crew-debriefing-1973.pdf,6,false,0,,true,no extractable text found on this page,no text layer; OCR required
nasa-uap-d7-skylab-technical-crew-debriefing-1973.pdf,7,false,0,,true,no extractable text found on this page,no text layer; OCR required
nasa-uap-d7-skylab-technical-crew-debriefing-1973.pdf,8,false,0,,true,no extractable text found on this page,no text layer; OCR required
nasa-uap-d7-skylab-technical-crew-debriefing-1973.pdf,9,false,0,,true,no extractable text found on this page,no text layer; OCR required
nasa-uap-d7-skylab-technical-crew-debriefing-1973.pdf,10,false,0,,true,no extractable text found on this page,no text layer; OCR required
nasa-uap-d7-skylab-technical-crew-debriefing-1973.pdf,11,false,0,,true,no extractable text found on this page,no text layer; OCR required
serial 5 redacted_redacted.pdf,1,false,0,,true,no extractable text found on this page,no text layer; OCR required
serial 5 redacted_redacted.pdf,2,true,216,FD-302a (Rev. 5-8-10) ( / thought the light might have been a meteor coming straight toward them and burning up in the a…,false,embedded text sufficient (216 chars),"text layer present, OCR not needed"
serial-3_redacted.pdf,1,false,0,,true,no extractable text found on this page,no text layer; OCR required
serial-3_redacted.pdf,2,false,0,,true,no extractable text found on this page,no text layer; OCR required
serial-4-redacted_redacted.pdf,1,false,0,,true,no extractable text found on this page,no text layer; OCR required
serial-4-redacted_redacted.pdf,2,true,864,FD-302a (Rev. 5-8-10) ( / The object stayed the same size and kept the same light intensity during the time observed it.…,false,embedded text sufficient (864 chars),"text layer present, OCR not needed"
usper-statement-redacted.pdf,1,true,2546,"SECRET//NOFORN On 2025, at approximately 1700 hoursllll [WITNESS 1 (a senior US inte Igence o Ic1al)], [FEDERAL PARTNER …",false,embedded text sufficient (2546 chars),"text layer present, OCR not needed"
usper-statement-redacted.pdf,2,true,2834,SECRET//NOFORN At 2207 hoursilllll JOC reported five [MILITARY AIRCRAFT] from were in the air space conducting a trainin…,false,embedded text sufficient (2834 chars),"text layer present, OCR not needed"
usper-statement-redacted.pdf,3,true,1741,"SECRET//NOFORN At 2249 hours- while positioned IVO [SITE CODE NAME], [CALL SIGN 1] ­ [WITNESS 1] (na~ilots (NVG) spotted…",false,embedded text sufficient (1741 chars),"text layer present, OCR not needed"
western_us_event_slides_5.08.2026.pdf,1,true,1116,“Orbs Launching Orbs” • Location: Western U.S. • Time of Day: Dusk (on two separate days) • Three teams of two federal l…,false,embedded text sufficient (1116 chars),"text layer present, OCR not needed"
western_us_event_slides_5.08.2026.pdf,2,true,1204,"“Large, Fiery Orb” • Location: Western U.S. • Time of Day: Dusk • Two federal law enforcement special agents (USPER5 and…",false,embedded text sufficient (1204 chars),"text layer present, OCR not needed"
western_us_event_slides_5.08.2026.pdf,3,true,1696,“Dark Kite” • Location: Western U.S. • Time of Day: Pre-dawn hours • Two federal law enforcement special agents (USPER5 …,false,embedded text sufficient (1696 chars),"text layer present, OCR not needed"
western_us_event_slides_5.08.2026.pdf,4,true,1709,“Transparent Kite” • Location: Western U.S. • Time of Day: Pre-dawn hours • About 30 minutes after the “Dark Kite” sight…,false,embedded text sufficient (1709 chars),"text layer present, OCR not needed"
