pdf_file,page_number,image_file,classification,ocr_engine,extracted_text,extracted_char_count,confidence_estimate,review_required,reason,notes
65_hs1-834228961_62-hq-83894_section_10,1,page_0001.png,mixed_annotation,tesseract-5.5.2,,0,95.0,true,"confidence 95.0/100, extraction likely reliable","psm=3 lang=eng; very short extraction (0 chars), possible blank or image-only page"
65_hs1-834228961_62-hq-83894_section_10,2,page_0002.png,mixed_annotation,tesseract-5.5.2,"September 6, 1966, ae
X\ L

Mrs. Levi Li Dow
Com. New Hampshire 03045 ' Oy,
Dear ‘Mrs Dow:

Your letter of August 3ist, with enclosures,
has been received and I appreciate the interest which prompted
you to write.

In response to your inquiry, this Bureau is
strictly an investigative agency of the Federal Government
and, as such, neither makes evaluations nor draws conclusions
as to the character or integrity of any organization, publication
or individual. Iam sorry I cannot be of assistance to you;
however, you may be sure your communication will be made a
matter of record.

Sincerely yours,

Ee
oa!

John Edgar Hoover
Director

I@4
O0U SNIGV3SY-0,938

|
NOTE: Bufiles contain no record of correspondent or Amalgamated
Flying Saucer Clubs of America, Inc. 4%) /

MAILED 3

ED:jeg (3)

Poste tal

ype unit L_]",816,85.3,true,"confidence 85.3/100, extraction likely reliable",psm=3 lang=eng
65_hs1-834228961_62-hq-83894_section_10,3,page_0003.png,mixed_annotation,tesseract-5.5.2,"VO7

Jue Hi 92

dJ¢",19,43.5,true,"medium confidence (43.5/100), review recommended for mixed pages","psm=3 lang=eng; very short extraction (19 chars), possible blank or image-only page"
65_hs1-834228961_62-hq-83894_section_10,4,page_0004.png,mixed_annotation,tesseract-5.5.2,"® | é

TRUE COPY

August 31, 1966

J. E. Hoover, F.B.I. Director
Wash. D. C.

Dear Sir:

Ia member of ''Nicap'' and am very much
interested in U. F.O-(Flying Saucers)

Several weeks ago a fellow employee received a
letter (business) from Arizona with a stamp on the back (see
enclosed)

Being interested in U. F.O's I asked for the stamp
& sent $3.00 for the 12 issues of AFSCA.

Having received & read my first issue I feel it isn't
just what it appears on the surface. I can't say just why, but with
my limited idea of how communists operate it strikes me it is backed
by them.

My reason for writing this is that I consider myself
a true American, I am told my ancestors go back to a Gr Gr Gr
Grandmother who was an Indian Squaw & I'm proud of it. If, by
writing for this AFSCA Report, my name could in anyway be aligned
with the communist party, I would like to know if there is any wayI _~
can get things straightened out.

I may be all wrong about my interpretation of this
report but i'd like to be sure since I expect I will get the other issues
as they come up. REC 98 2 ye Yy

I will be 63 yrs old in a few days. My husband passed
away 4-30-65 I have worked as Mer of Reins Dept for the N. H. Ins
Co in Manchester N. H 44 years this month

Mrs. Levi J. Dow Very truly yours, ~
Goffstown (Mrs) Florence C. Dow 4 stp 8 13
New Hampshire Py",1346,92.3,true,"confidence 92.3/100, extraction likely reliable",psm=3 lang=eng
65_hs1-834228961_62-hq-83894_section_10,5,page_0005.png,mixed_annotation,tesseract-5.5.2,"sais a 3) \Qbe
\ & eres, A. Bd Vode \ we E

aah S S
NNULAMe

No Se
Weary Suv:
Qam o Nuke a ace bp Oud om men4

ules? wm U 4.9 (Jubegin Sourene )
Dupuad Walo eyo pee: a guez neeired Q> nes (Busine)

mM

[yon Gurgera val @ dow
soa waded wn U4 (0s dh aca fo Ve TNs a puck 30

jo \> Weurs a AFSC,
Merwe (Letured irad ANA jak eae & w ax wl wal
urna wy ™ tle eases S| pour ape oh
with, yous Dat daa wu Cina ce
Adis he UX ta \aelud p tha,

thus va thet Ah tnaidie Ww

“Wy ALaron fLazm worries

thug alicia’ . cQ OM hey Ww sos Qmelas ay \ach t oOo

Yaa Saw Yau Viveudunatlun, Urs Wied OW Ch dLOM oe .
cin god of 216 & b oy wry fr tie ATSCA 5 ae

ANY Nae esd t Wn ay a ye i, with Che
Communiat, ose ov ae Sidhe YON

Amman ke all UUs re a nvolcus ap

{| .\

ind cd ae pure auinee Ah 2rl of voll oct. ollie
m4 v ay
iS
Kj

Saale a aA Ay
< Yuudl-augd A enmy ** 39 IGS ;
a Shame urruel ae 5 Rains Weer FY Urn. clu te Y
“maucudie® H a ya “lua AW ait aN

MRs Levi J. Dow Vey Tradl,
Ne hi Ew) Qy Vertes G . SY um

a Hue Ww aun

-
©",1014,35.3,true,"low confidence (35.3/100), may contain noise or degraded scan",psm=3 lang=eng
65_hs1-834228961_62-hq-83894_section_10,6,page_0006.png,typed_text,tesseract-5.5.2,,0,95.0,true,"confidence 95.0/100, extraction likely reliable","psm=3 lang=eng; very short extraction (0 chars), possible blank or image-only page"
65_hs1-834228961_62-hq-83894_section_10,7,page_0007.png,mixed_annotation,tesseract-5.5.2,,0,95.0,true,"confidence 95.0/100, extraction likely reliable","psm=3 lang=eng; very short extraction (0 chars), possible blank or image-only page"
65_hs1-834228961_62-hq-83894_section_10,8,page_0008.png,newspaper_or_print_clipping,tesseract-5.5.2,"AFSCA's |

(Amalgamated Flying Saucer Clubs of America )
3rd National

LYING SAUCER |
SS CONVENTION cng

9A

EXHIBITS
BOOKS At The Beautiful, New $2.00 per day’

LITERATURE CENTENNIAL COLISEUM (4590 S. Virginia St.)
Official Journal of the

Reno, Nevada - July 89,10, 1966, { Amalgamated Flying Saucer Clubs of America, Inc. |

Program: 10A.M. to 11P.M.

SPEAKERS ARE: Wayne S. Aho, Carl A. Anderson, Orfeo Angelucci, Michael 'X'' Barton, |
Wesley Bateman, Marianne Francis, Dr. Daniel W. Fry, Calvin C. Girvin, Gabriel Green,

Dr. George King, Hanno Mayberry, Howard Menger, Laura Mundo, Mel Noel, Sidney Padrick, |
Chief Standing Horse, Dr. Frank E, Stranges, Mollie Thompson, Hope Troxell, George W. |
Van Tassel, Hal Wilcox. |

Amazing experiences with spacecraft from other planets and their occupants by the 4
greatest assembly of contactee-speakers since our Los Angeles convention in 1959
at the Statler-Hilton.
Startling new photographic evidence —the biggest collection of Flying Saucer photos
on display in the history of the saucer movement. Actual color movies and new still
photos of Flying Saucers.

MEET: IN PERSON, PEOPLE WHO HAVE HAD ACTUAL CONTACTS WITH SPACESHIPS

AND THEIR CREWS FROM OTHER WORLDS. i
LEARN: About this important subject which is so vital to the welfare and survival of humanity {

in our times. \ '
ATTEND: AFSCA's 3rd National Convention. You'll be glad you did! Fill out the Advance
Registration form below. Do it Now!

For Motel & Hotel room information, write to: The Greater Reno Chamber of Commerce
P.O. Box 2109; Reno, Nevada

AFSCA 3rd NATIONAL CONVENTION ADVANCE REGISTRATION FORM

To: AFSCA Headquarters; 2004 N. Hoover St., Los Angeles, Calif. 90027. Phone: 662-4404, } ®&.

Yes, count me in! I don't want to miss joining with you at this important convention
and helping to support this vital movement. Here is my $ . Please send me
Advance Reservation tickets ($5.00 for the 3 days, or $2.00 per day). IMPORTANT: Iam
also enclosing a stamped, self-a…[truncated]",2244,90.9,true,"confidence 90.9/100, extraction likely reliable",psm=4 lang=eng; layout OCR may have column ordering issues
65_hs1-834228961_62-hq-83894_section_10,9,page_0009.png,newspaper_or_print_clipping,tesseract-5.5.2,"SPECIAL AFSCA CONVENTION MESSAGE

BRIGHT WORLD IN HANDS OF SAUCER MOVEMENT humanity. FLYING SAUCER NEWS IN _ BRIEF
Make no mistake. Your government is not in the

; ' : This special message was White House or the Congress. IT IS IN THE PENTA-

sccgttee, Wace Kalen Li Retan Gane of the GON, AND IN THE HEADQUARTERS OF THE VAST _ NEW_BOOKS NOW AVAILABLE FROM AFSCA: Wa

lanet Korendor, about 400 light years distant) on ""DEFENSE""-ORIENTED INDUSTRIES. It is THEY, (Price includes 15¢ mailing charge. California Saucers. Brochures are 1¢ each (this just about pays
P. ker? . é : e di not the President or the Congressmen, who run the residents also add 47 sales tax.) the postage to mail them to you). Saucer post cards
May 4, 1966 via special directional short-wave radio P g ise 1 I 50
by Bob Renaud, the young electronic-technician whose United States. The facade government is merely to + COUNCIL OF SEVEN LIGHTS by George Van are for $1.00.

tA ae “i ced printcd in issues #18, 19, 20,21, allay undue alarm or suspicion of the people. Tassel, now reprinted — $3.65. WHEN WRITING AFSCA, if you wish a personal
sari and-whict Will be continisd incur hext lesue. Examine another aspect of the Asian war, the 2. THE ADVENT OF THE COSMIC VIEWPOINT by reply to a specific inquiry, please enclose a stamped,

Since Bob's initial radio contact in 1961, he has ECONOMIC side. Do you recall that, in the stock Bryant Reeve — $6.15. self-addressed envelope. No replies can otherwise
talked with the crew of a spacecraft as he watched reports just recently, the Dow-Jones average 3. FLYING SAUCERS THROUGH THE AGES by Paul be sent. General information may be obtained via
them on his special TV screen in his home — and dropped sharply BECAUSE OF A RUMOR THAT Thomas — $4.15. our brochures and magazines. We are sorry that we
eventually met his contacts in-person; visited their NORTH VIETNAM HAD MADE A PEACE BID? Does f 4. OTHER TONGUES, OTHER FLESH by George cannot have a lengthy correspondence with all th…[truncated]",12843,91.7,true,"confidence 91.7/100, extraction likely reliable",psm=4 lang=eng; layout OCR may have column ordering issues
65_hs1-834228961_62-hq-83894_section_10,10,page_0010.png,newspaper_or_print_clipping,tesseract-5.5.2,"The Military-Industrial complex, by opinion-control We are able to increase our height while on
through the use of psycho-politics (brainwashing b Earth through a technical process related to telepor-
FLYING SAUCER NEWS IN BRIEF controlled news management). oy tation. It is concerned with recording the atomic and
Consider this: In order to survive, a commer- molecular structures of our bodies, and then repro-
COMING 1966 FLYING SAUCER CONVENTIONS walking around the premises, left his blessing on the cial medium, such as a newspaper or magazine, ducing them identically on a larger scale. Differ-
Aetherius Society and its work. For further inform- requires a vast amount of advertising revenue. The ences in our internal structure are adjusted by the
JULY 8,9,10: AFSCA's 3rd National Convention, ation call 465-9652, or write to the above address. mere subscription fees will not cover the costs. computer which controls the reproducer.
Centennial Coliseum, Reno, Nev. (See details on back) DELLA LARSON, who for over a decade was the Thus, they depend for their continued existence upon Our most common skin color is a little darker

JULY 15,16,17: WAYNE AHO sponsors the guiding light and main instigator of Flying Saucer money paid by advertisers. Suppose, then, that the than yours, although we have skin colors which vary
Northwest's 5th Annual Interplanetary Age Conven- meetings and activities in the San Francisco Bay editor of a certain newspaper decides that he is as yours do all over the Earth. Usually, however,
tion. Lectures, exhibits and New Age topics. Ad- Area, passed away on October 25, 1965. She was opposed to the Vietnam policy, and says so in his we would look ''tan'' to you. We are NOT green, blue,
vance registrations — $1.00 per day for adults, 50¢ 70 years old. She will be remembered for her paper. The advertisers simply say to the editor, or heliotrope, as has been suggested!
for students. Write to: Mrs. Lorena Vogt; 815 N.E. energetic and enthusiastic dedica…[truncated]",14155,92.7,true,"confidence 92.7/100, extraction likely reliable",psm=4 lang=eng; layout OCR may have column ordering issues
65_hs1-834228961_62-hq-83894_section_10,11,page_0011.png,newspaper_or_print_clipping,tesseract-5.5.2,"seeree cay, 7 Ss b |

% a D | ; i A 4 f IFO SIGHTED BY
% } LEWISTON PEOPLE
ALS | rh , ne ae Pony tks""

] wi

""SI { Western Outario’s Foremost Newspaper owiston by family ‘of lt
1 SCewision police said Patricia’
fie UFO. at about xt st
118th YEAR OF PUBLICATION LONDON, ONTARIO, TUESDAY, MARCH 29, 1966—36 PAGES eT | PRO at about 9:17"".
dad ae According to police, _ the|
Landry ‘woman and’ seven other
persons spotted the object which |
was described as bright blue}

and gray in color, oval in shape.

It was sfid the UFO hovered
for a few seconds and then|
“took off” at a high rate of]
‘speed in an easterly direction,
[eo

UFOs Sighted Over Wide Section of District

‘An unidentified flying ob- Woodstock. ‘The mysterious some were travelling slowly jet planes carrying the usual is far more advanced than Ontario sightings came from . Thorndale, a mother and her

Ject ws tracked briefly on objects came in a variety of with Intermittent bursts of red and green running lights anything we have and is con- London and Sarnia. two children saw a white light,

radar by a US. Air Force forms, according to their ob- speed. and leaving white vapor trolled by Mrs. J. Fielding, of 1025 Ox- “auite high in the sky, that

base in Michigan ‘iast night, servers. ‘A spokesman at the US. trails tion,” he tol ford St. E, London, reported seemed to be blinking:

and a multitute of new sight. ‘There was an orange one at Air Force base in Selfridge, Maj. Donald E. Keyhoe, the ence. Be eres ein te. Wee oe aonee OC,

ings were reported by Western Sarnia. And another giving off Mich, sald one was tracked Marine officer who advanced “These things are real and eae, 8 rte light ip the | Ors. 2 Haynes, of in; frwoman reported the

Ontario residents. Fed, white and blue flashes. briefly on radar, but “could the outer-spaceapy-in-the-sky under Intelligent control” he Eerutrorg at j26 woe Mt’ we watched it for. 10 | Object hovered over Hutton
A retired U.S. Marine Corps ‘There was a red one in Lon- not sa…[truncated]",18873,74.8,true,"confidence 74.8/100, extraction likely reliable",psm=4 lang=eng; layout OCR may have column ordering issues
65_hs1-834228961_62-hq-83894_section_10,12,page_0012.png,newspaper_or_print_clipping,tesseract-5.5.2,"Would You Believe—‘Saucer’ Visits Wichita? :Obiectt Imm». ssionse AFSCA CONVENTION SPEAKERS

Deocon Sat Wier eet aire Spin ce fa Eeruty ing pee coon nat welts ‘Sky Near ipl Pl ft WAYNE S. AHO; The New Age Foundation, Inc. ; 11, JOHANNES ''HANNO"" MAYBERRY;
Aa thyarald Weta by hs ned MOEN CONTACTED a, te me, han te easter. eve a semen set"" adhe was ot amie ines dale | anet Pluto 8 Smith St.; Seattle, Wash. 98109. Unified Research Center, Inc.3

it somebody was in one... that they
scattered into the driveway would be friendly.

Pept peat lineata day Jey came resng tp br they a hae Soper cee ey became Sat oe eree noticed hoped if Gay eves cane beck ee Re. S S n Publish: ''The Aquarian Dawn!"" (Donation basis). P.O. Box 764; Selma, Oregon 97538.
Shey prs vl Wat erty Pay apng SS oa “epee ob Sancer? Report aucers ee ' CARL A. ANDERSON; 12. HOWARD MENGER;

Sarma meng me wre wth ad ot renin fag é meanest! Talked With? 2522 &. Pearson Ave.; Fullerton, Calif. 202 Schumann Drive; Sebastian, Florida 32958.
Soo aes Siar es ae 7 SSE SS | ser Ph NONI as ut ORFEO ANGELUCCH 13. LAURA MUNDO; The Interplanetary Center;

Here s the story the way he told it: pulling into the driveway, but then the z ; id ae Doug morte 3,” a9 4, |'Séveral pertugsiainy have tens couersd' by mesacn:| 4160 Verdugo Road; Los Angeles, Calif. 90065. 27359 Cranford Lane; Dearborn Heights, Mich.

humming noise started

“Thad been upstairs to my mother's a r : . a lpers ace will be available Wednesday f fiptadl A A re ay, io

room and Gen Thenrd this fuoay nse, _,2Shtty sud be dn, know abou! the :.— 7a } ee A : 7 hey were alg noth othe Bo ious at GOOD Saneet blvar"" the “several at tn MICHAEL ""X'""' BARTON; Futura Press; 48127. Publish: 'The Interplanetary News"" (Free).
“Wt went mmmmmmm—like a flying Until after he told a neighbor about his ; . es ‘about 9 p.m. In the vicinity of jheadquarters of World Harmony, Inc., turned out to be: 5949 Gregory Ave.; Hollywood, Calif. 90038. 14. MEL NOEL;

epi 7 seated. ms acts bl…[truncated]",17505,57.0,true,"medium confidence (57.0/100), review recommended for mixed pages",psm=4 lang=eng; layout OCR may have column ordering issues
65_hs1-834228961_62-hq-83894_section_10,13,page_0013.png,newspaper_or_print_clipping,tesseract-5.5.2,"THE WALL STREET JOURNAL The spokesman quickly adds: “We have nei- - =
2 Monday, December 13, 1965 ther received nor discovered any evidence that Troon, Ontario Free Hong Kong China Mail

COC | | proves the existence of parece Lantana? fe t “ine h in
New ‘Fireball’ Raises Sect cet of Se cea lg atc
1 L estion: Do in our atmosphere.” And he states: ‘No i ‘ 2 i
iste fa see oe || |eteemtiamratGtasess| Disc-Like Object Hovers,, Rises saucers
a a ""|| (SSthe™ ais sorce's approach alsturbs some! For Two Hours East of Kettle Point mystery ly

. : people, however. ‘The Air Force should admit meine aS I Ree aa
Californian, Who “Talks’ to Men || | there are natural phenomena taking place un-| BY JIM geerrap ia Seo. oe 573-66)
¥ *, der our noses of which we know nothing,” says} Free Press Sarnia Bureau saturday night as far north
From the Stars, Says ‘Yes’; || |r a. uevitt, director of Fels Planetarium at the] SARNIA — A revolving ob- as the tip of the “Thumb” in EOPLE in North Queens-
Scientists Assail Air ‘Force Franklin Institute in Philadelphia. He adds:| ject, sighted in the sky east Lake Huron. land are mystified by

“The Air Force is trying to explain something| o¢ Kettle Point last night, was 2 ‘ KA
that isn’t susceptible to explanation.” watched for more than two , O04 lights_were, reported in three separate reports

It
By ELuior CARLSON Robert Risser, director of the Oklahoma Sel-| hours by about 100 persons. {he SEY ene Oakland County | ‘Flying Saucers.
Staff Reporter of THe WALL STREET JOURNAL ence and Art Foundation planetarium at Okla-|  yawrence Bressette, who Op- area, Others were reported The first report came from a

‘They'se back. The latest was sighted a few| | homa City, believes “‘the Air Force must have| g.stes a otore on the Kettle Otherivess,. Feattes | ee ace sage

nights ago by residents and pllots im the north-| |had its star‘finder upside down during Aug-| Post’ indian Reserve, said “OS™ ia Pettey who while driving &
ust,""” when several reparts of fly…[truncated]",13242,76.2,true,"confidence 76.2/100, extraction likely reliable",psm=4 lang=eng; layout OCR may have column ordering issues
65_hs1-834228961_62-hq-83894_section_10,14,page_0014.png,newspaper_or_print_clipping,tesseract-5.5.2,". 2 SOUTH AFRICAN POLICEMEN 1
World Flying Saucer | REPORT SIGHTING OF sauce’ || tll be Long Before ee ON ATE

Believers Convene oumaane it i Tein nacional] Saucer” Is Forgotten dma ine

ca—South “African police and they approached the object, it THE HERALD-NEW:

MINNEAPOLIS TRIBUNE { scientists investigated Thursday too By PETER A. DVA! ‘AS jmystery which has yet to be
N « a } off silently at great speed y ER A. RACKAS te 93rd YEAR, NO. 84 <i> B FRIDAY, MARCH 25, 1966 og DAILY, $2.
lew York Times Service They accept spacecraft as a|} a report that a flying saucer- 115 flames shooting out of its Herald-News Sports Writer |solved. : :

LOS ANGELES, Calif, —|fact of lite Their Interest is type object had landed on & tidersiga, Many months will pass before] “Listen . . , this sounds crazy,
The “urgent problem” of|im contacting spacemen di- main highway near Pretoria, the the impact of the strange flying|pbut I saw something in the sky.

e
improving communications| ""ectly or through telepathy.” || country's administrative capital. Scientists who examined the. objects which _fiominated | the|Do you know what it is?” This
with the thousands of visitors|_ G Shc HAG tad : ang police officers Spot Where the officers said that ‘orth Jersey skies this weeklwas the question posed to the
from outer space who sup-|for president as a “‘space age ted eeine, Pace tiers they saw the object are reported oo police at the North Jersey police

‘ reported ing th ig ‘ "" - v
posedly are circling the earth|candidate,” says he cannot|! ‘“esucer,” about 30 aa to have found that a six-foot The bright white disk that/radio hook-up in Pompton Lakes.

rl ic cant - streaked across three counties|The calls came in from Wana-
was afforded, solemn delib-|practice telepathy but insists|} ameter, shortly after midnight. Wide, seein. of Tunilaises rood. and hovered periodically over|que, Ringwood, West Milford,
eration here this weekend at/he has met spacemen on at }, One of them, Koos de Klerk, ye the W…[truncated]",17169,63.6,true,"confidence 63.6/100, extraction likely reliable",psm=4 lang=eng; layout OCR may have column ordering issues
65_hs1-834228961_62-hq-83894_section_10,15,page_0015.png,newspaper_or_print_clipping,tesseract-5.5.2,"oeaeed ee y <:.Civil Defense Director

DETROIT, MICHIGAN

Who's in All — 2 | ha Report”

Those Saucers? ; a 4. eee Wa f C h es F lyi Nn g S qucer

: a Northwest’ Precinct police
“Packing between my ball and the green—T'd hardly GABRIEL co Schaefer one, and Palmer
By Harold Scarlett call THAT intelligent life from another planet.” ‘On Monday, 7:20 p.m, sev-

career x Uncle Martin. on ‘My Favorite — enteen year old Mike Woods,

Was Jesus Christ a Martian? artian.” 8418 Fuast, states that he saw
ett nd {3 my"" maid Cabrio! Green said he had never seen one % very high object with white

‘teen. thoughtfully. Then he added of the unearthlings beside his space s
that it certainly seems plausible. ship. Then how could he be sure they {he southwest, in the. Faust- GOLDEN GATE wall METRO

It’s no trick at all to walk on water weren't a hoax — practical - joking Vaz Buren Avenue area.

= an him on? > 17, dis

or ascend to the heavens if you have a earthlings just putting ? Grescrtes tel tis enaeitaee: 3 FINAL
Martian levitation belt around your “Oh, I wouldn't believe just anyone Robert Syallneo, 15, 19743 Handicap---Results
waist and an anti-gravity beam to who walked up to me and said he waS Greenview, obsetvedan object
ride, Green explained. > from Mars,” Green replied. over Crunk’s home at about

etre ie, begs Martians “But if you get a call from the White &:20 pum. | Crunk sald. that ‘
now visiting earth gn flying saucers House and were told President Eisen- the UF( camie from the west, :
are trying to save the earth's people hower would meet you at a certain  stoppegdur a moment andi 93rd YEAR, NO. 81 <> TUESDAY, MARCH 22, 1966 10¢ DAILY, $2.25 .A MONTH
from their own follies — just as the time on the corner of Hollywood and Was jast seen Golfig cast, wr
Savior was. Vine, and you went there, and a man lights changing fram the coi .

Green can speak with some au- there who looked like the President  ""@d to green and then ambe mean Binghamton, N. Y., October 24, 1965 'THE S…[truncated]",31219,69.2,true,"confidence 69.2/100, extraction likely reliable",psm=4 lang=eng; layout OCR may have column ordering issues
65_hs1-834228961_62-hq-83894_section_10,16,page_0016.png,newspaper_or_print_clipping,tesseract-5.5.2,"FLYING SAUCERS ARE REAL!

AMALGAMATED FLYIN",43,92.7,true,"confidence 92.7/100, extraction likely reliable",psm=4 lang=eng; layout OCR may have column ordering issues
65_hs1-834228961_62-hq-83894_section_10,18,page_0018.png,mixed_annotation,tesseract-5.5.2,"OWTIONAL FORM NO. 10 5010-106
MAY 1962 EDITION

GSA GEN. REG. NO. 27
UNITED state@overnment

Memorandum

DIRECTOR, FBI : 10/3/66

a ; SAC, LOS ANGELES (100-24)}0-40/),

SUBJECT: FLYING SAUCERS INTERNATIONAL,
OFFICIAL JOURNAL OF THE
AMALGAMATED FLYING SAUCER
CLUBS OF AMERICA, INC.
IS - MISCELLANEOUS

The Philadelphia Division by letter dated 9/22/66, ...,
furnished the Los Angeles Division with Issue No. 24 datea @’""°""°
July, 1966, enti tied FLTING SAUCERS INTERNATIONAL"", which is
the official journal’ of tie Amalgamated Flying Saucer Clubs
of America, Inc. The Philadelphia Division received the
magazine from Mr. JARVIS He&COOPER, IRS, 401 North Broad Street,
Philadelphia, Pennsylvania on 9/19/66. Mr. COOPER stated he
subscribed to the magazine because his son had exhibited an
interest in flying saucers and outer space. He said that on
pages 2 and 3 of Issue No. 24 was an article which he believed
expounded the Communist Party (CP) line.

For the pe pense of the Bureau, the International
Headquarters of the<Amalgamated Flying Saucer Clubs of America,
Inc, ‘is located at\ 2004 North Hoover Street, Los Angeles,
California. The article, on pages 2 and 3, were allegedly Y~
written by Master KALEN-LI RETAN, Head of the pl KORENDOR,
which was received on 5/4/66 by special directional short-wave
radio by BOB /RENAUD.
U.or

The indiees of the Los Angeles Division contain no
information identifiable with RENAUD, and no investigation has
ever been conducted on captioned organization. poorc6. wip mae a

No further action is peer in this matter
by the Los Angeles Office, UACB. ‘y' REC-g

The foregoing is furnished to the Bureau for
information. 2
é, SLOSYRE
2 - Bureau ( (V6 =I
1 - Los Angeles
JST: gcw
(3)

pL 0cl Ea",1732,84.6,true,"confidence 84.6/100, extraction likely reliable",psm=3 lang=eng
65_hs1-834228961_62-hq-83894_section_10,19,page_0019.png,mixed_annotation,tesseract-5.5.2,"NAVAL IAS ~ ,J36

AIQ VISLNE west

},32¥",40,30.9,true,"low confidence (30.9/100), may contain noise or degraded scan",psm=3 lang=eng
65_hs1-834228961_62-hq-83894_section_10,20,page_0020.png,mixed_annotation,tesseract-5.5.2,")
Qe’

& r
2-3 LIFE — 450

CA-i13

October 17, 1966

Mr. Paul L, Wright
1$31 Lucile Avenue, Southwest
Atlanta, Georgia 30310

Dear Mr. Wright:
Your letter of October 9th has been received.

With respect to your inquiry, matters pertaining to
sightings of Unidentified Flying Objects or‘Flying Saucers are not
within the jurisdiction of the FBI.

Inasmuch as your communication is of interest to
another governmental agency, I am referring a copy of it to the
Director of Special Investigations, The Inspector General, De-
Air Force, Washington, D. C. 20333.

Dili

OCT 17 1966 Sincerely yours,

COMM-FB} J. Edgar Hoover
OP rae ee |

NOTE: We have had one outgoing to correspondent dated 3/10/66 in
response to his letter regarding the TV program, ""The FBI,"""" A
copy of his letter is being sent by form to the Department of the Air
Force.

DFC:rlf (3) ,",852,86.5,true,"confidence 86.5/100, extraction likely reliable",psm=3 lang=eng
65_hs1-834228961_62-hq-83894_section_10,21,page_0021.png,mixed_annotation,tesseract-5.5.2,,0,95.0,true,"confidence 95.0/100, extraction likely reliable","psm=3 lang=eng; very short extraction (0 chars), possible blank or image-only page"
65_hs1-834228961_62-hq-83894_section_10,22,page_0022.png,mixed_annotation,tesseract-5.5.2,"€ phlice
serious
ridiculed
g,along with

I"" see
Air Force
is so",63,84.5,true,"confidence 84.5/100, extraction likely reliable",psm=3 lang=eng
65_hs1-834228961_62-hq-83894_section_10,23,page_0023.png,typed_text,tesseract-5.5.2,,0,95.0,true,"confidence 95.0/100, extraction likely reliable","psm=3 lang=eng; very short extraction (0 chars), possible blank or image-only page"
65_hs1-834228961_62-hq-83894_section_10,24,page_0024.png,typed_text,tesseract-5.5.2,12 OCT 20 1966,14,95.2,true,"confidence 95.2/100, extraction likely reliable","psm=3 lang=eng; very short extraction (14 chars), possible blank or image-only page"
65_hs1-834228961_62-hq-83894_section_10,25,page_0025.png,mixed_annotation,tesseract-5.5.2,"OPTIONAL FORM NO. 10 |
so1o-1yt

_ “UNITED STATES GOM@KNMENT é}

Memorandum

DIRECTOR, FBI fica. 10/19/66

TDites, 2
ether SAC, SAN FRANCISCO ie 2

hh

O oiss= =
SUBJECT: UNIDENTIFIED FLYING/OBJECTS
TS) ——

Re Bureau Bulletins No. 57 dated 10/1/47, and No.
38 dated 3/25/49, entitled ""FLYING DISCS. ~

Enclosed are copies of an article entitled ""Armed
Forces - Focus on UFO"", which was published in the This World
supplement of the San Francisco Examiner & Chronicle, Sunday,
October 16, 1966.

This article deals with the current controversy over
the existence or nonexistence of flying saucers or Unidentified
Flying Objects (UFOs), and quotes Michigan's Congressional
Representative GERALD FORD ~ suggesting that Con; gress look
into UFOs; also it announces that the Air Force, which is
charged with investigating UFOs, has commissioned the Univer-

months, at an estimated cost of $300,@00

sity of Colorado and Pavelce -Figine oa EDWARD ’ _to
conduct an in-depth study of flyi ng 4005 [ Te

MIVERS LY ¢ .
The article also points out that since Tast summer th
pressure has been mounting for the es aries of an inde- i
pendent, civilian controlled investigative agency to look into [iid
the UFO problem,

Also, for the Bureau's information, there was re-
cently published (first printing June 1966) a book entitled
""Flying Saucers - Serious Business"", Lyle Stuart, Inc.,
publishers, authored by Frank Edwards, This book is now in
its third edition and is available in paperback, published
by Bantam Books, and it is probably a contributing factor to
the current controversy;

In this book author’ Edwards points out that flying
saucers were observed in thé) spring of 1946, in Scandinavia
and Russia (which he points’out is about a year from the date

\\ of the testing of the a atomic bomb), and the book

Denver Bnel. “1)
1 - San Francisco
DET: 1ms ooo) 3 OCT-21 1966

5

(5) a EX-114 rey
5",1895,83.6,true,"confidence 83.6/100, extraction likely reliable",psm=3 lang=eng
65_hs1-834228961_62-hq-83894_section_10,26,page_0026.png,mixed_annotation,tesseract-5.5.2,"“Aig TIBLNE ROE
0.334",21,41.8,true,"medium confidence (41.8/100), review recommended for mixed pages","psm=3 lang=eng; very short extraction (21 chars), possible blank or image-only page"
65_hs1-834228961_62-hq-83894_section_10,27,page_0027.png,typed_text,tesseract-5.5.2,"SF 62-2927
DET: 1ms

documents many reports throughout the world of UFOs since that
date, and claims that 1965 was the year of the greatest number
of UFO sightings and that these were observed by multiple wit-
nesses. It is author Edwards! contention that UFOs are space
vehicles sent to observe activities on earth and the Air Force,
which is charged with the responsibility of investigating UFOs,
has deliberately withheld information and given misleading
explanations because it fears a mass panic by the public if
the public were told the truth.

The book describes UFOs as polished metal objects,
radiating heat and light (sufficient to have burned witnesses
who were too near), and emitting some force field that inter-
feres with electromagnetic instruments and power sources,
Colors range from brilliant white to dull reds and brilliant
orange. Some objects have carried blinking lights. There are
three basic shapes: 1) zeppelin-shaped ships up to 300 feet
long; 2) disk-shaped objects ranging from a few feet in dia-
meter to 100 feet, with many reported at about 30 feet diameter;
and 3) egg-shaped objects, which according to the author are
the ones most recently sighted.

According to the book, the objects move silently and
attain fantastic speeds, yet can hover motionless in mid-air;
they have been reported to land and to take off with great
speed, usually with a burst of light from the underside, which
in some cases has left the ground beneath them scorched.

Many of the persons named in the book who have re-
ported them are reliable individuals, including law enforce-
ment officers, military personnel on official duty, military
pilots, commercial airline pilots, civilian defense officials,
etc. A number of photographs of the objects have been repro-
duced in the book, some reportedly taken by reputable persons.
Many reported sightings are from atomic and missile researc}
areas,

Wreckage of crashed saucers has been reportedly re-
covered on at least three occasions, i…[truncated]",2381,94.6,false,"confidence 94.6/100, extraction likely reliable",psm=3 lang=eng
65_hs1-834228961_62-hq-83894_section_10,28,page_0028.png,mixed_annotation,tesseract-5.5.2,"ed seeing crewmen wl
are described as three
} ppear to be space

Author Edwards concludes this book with a prediction
the near future UFOs will ‘akon an ""overt landing"" or
erate contact with eart

A copy of this letter is being directed to Denver,
ew of the contract awarded to Dr, EDWARD U, CONDON.

The above is being called to the Bureau's attention
of the press report of mounting pressure for a civiliar
lied investigative agency to handle UFO matters.",457,92.7,true,"confidence 92.7/100, extraction likely reliable",psm=3 lang=eng
65_hs1-834228961_62-hq-83894_section_10,29,page_0029.png,mixed_annotation,tesseract-5.5.2,"' ARMED FORCES

Focus on UFO
Winking, blinking and nod-
ding — red lights over Pasa-
dena, blue lights over
Greensboro, silver cigars
rer Detroit — people kept
eeing sti lying objects,
and-officials kept saying
nothing was out there.

But in recent years, and
particularly ce last sum-
mer, the e had been

i ther a full-

onal investi-

e establish-

ment of an ir ndent, ci-

vilian-controlled investigato-
ry agency.

ad been a big year for

od Flying Objects.

sightings had come in

punches, the bulk of them

last spring and summer. And

the reports had come from
all over.

“Like Neon Lamps”
Among the most intriguing
items in this year’s crop:

e@ At Milan, Michigan, 15
miles south of Ann Arbor,
bluish- yellow bars of light
were spotted, looking ‘“‘like
neon lamps dangling in the
sky.”

oe In East Delhi, Mich., a
15-year-old boy called in to
report seeing lights in the
sky alternately standing still
and moving, sometimes
flashing on and off.

e In Altadena and San
Marino, Calif., police switch-
boards logged dozens of calls
after a pair of red lights in
the sky were reported by
residents.

© In Toledo, Ohio, officials
at the local airport received
seven calls from persons who
said they saw a glowing ob-
ject that was red, green and
white.

e In suburban -Detroit,.a
man saw a nois s, wing-
less, cigar-shaped flying ob-
ject.

e In Bryan, Texas, resi-

‘dents said they heard a

star-like object purr.

e@ Over Valdese, N.C., a
“glowing blue thing’ explod-
ed, then lit up the town like a
giant flashbulb.

Somet

he alleged
ied over into
pace ship full
ly landed
Hopkins-
y. The little

, and t

A grain buyer in Nebraska
said he was ited into a
space ship where he chatted
with four men and two wom-
en. They spoke only broken

-English—but fluent High

German which, as it hap-
pened, was the grain buyer’s
native tongue.
Silvery Cigar

Nor did America have any
corner on the UFO market.
In Northern Ireland, Tom
Hutchinson saw a saucer
drop into a peat bog near his
home in Mo…[truncated]",3734,91.5,true,"confidence 91.5/100, extraction likely reliable",psm=3 lang=eng
65_hs1-834228961_62-hq-83894_section_10,30,page_0030.png,mixed_annotation,tesseract-5.5.2,"of the 11,000 sightings since
1947, did have some ex-
planations.°""The mysterious
flaming object in the East
was “probably a meteor.’

As for Michigan’s much-
publicized and plentiful
unidentified flying objects,
they turned out to be
monkeyshines instead of
moonshir “Unidentified
college boys’’ playing pranks
with flares to frighten the
girls in the dormitories,
came the august report from
a distinguished astronomer
celled in by the Air Force to

investigate the Hillsdale af-_

fair.

Every report of a ‘flying
saucer” had ostensibly been
checked out by the Air
Force’s special squad known
as “Project Blue Book,’’ al-
though the staff was woefully
small. Of the 10,147 sightings
Since 1947, the Air Force
insisted that only 646 remain
unexplained — and most of
these because of insufficient
information. The others have
been attributed to planes,
balloons, astronomical
causes, missiles, swamp gas,
meteors, fireworks and, in
some cases, to hallucinations
and psychological reasons.

Ball Lightning?

Philip Klass, avionics edi-
tor of Aviation Week & Space
Technology magazine,
recently proposed some other

explanations. Klass, an
electronics engineer, said a
form of “ball lightning,’’ gen-
erated by high tension power
lines, could explain the phe-
nomena.

Many of the sightings, said
Klass, occurred along or very
near high-tension lines where
luminous balls of ionized air
could be generated under
certain conditions.

‘No Threat’

The main_ conclusions
reached by the Air Force
were:

@ “No unidentified flying
objects reported, investigat-
ed and evaluated by the Air
Force have ever given any in-
dication of a threat to our
national security.”

e@ “There has been no ev-
{ence submitted to or discov-

ered by the Air Force that
sightings represent techno-
logical developments or prin-
ciples beyond the range of
present day scientific knowl-
edge.”’

© “There has been no evi-

dence that sightings catego-

d as unidentified are ex-
traterrestrial vehicles.”

Major Donald Keyhoe…[truncated]",3940,91.6,true,"confidence 91.6/100, extraction likely reliable",psm=3 lang=eng
65_hs1-834228961_62-hq-83894_section_10,31,page_0031.png,typed_text,tesseract-5.5.2,"FROM

SUBJECT:

ormionat rom wo 10 > 5010-106 9
UNITED STATES GC® ERNMENT ‘ 3
Memorandum

Mr. Wick DATE: 10-24-66

sonia R () pte
_FREE-LANCE WRITER Ni Ux Y
4811 ILLINOIS AVENUE, NORTHWEST \
WASHINGTON, D.C. t

On October 21, 1966, captioned individual telephonically
contacted the Bureau and spoke with SA Thomas B. Coll of the Crime
Research Section,

/
US

He advised that he is a free-lance writer and is working
on a story for a TV production concerning unidentified flying objects.
He stated that he has been in Me Noel contact with a former Air Force

officer who uses the alias o' of M oel concerning unidentified flying
objects and that it is the TV producer's intention to use this individual
in the forthcoming TV show. He advised that Noel is not the individual's
true name and inquired as to whether the FBI could advise him of Noel's
real identity.

Moss was advised that the FBI could not be of any
assistance to him and that all information in FBI files is confidential.
He was also advised that the investigation of unidentified flying objects /—
is not, and never has been, a matter within the investigative jurisdiction
of the FBI,

Bufiles contain no information which can be identified

with Moss, 4

en wo ©

For record purposes, Wee {
pareeset oy WY? og oct 25 988

— -— aa v\f yy
Pi) ' V j
1 - Mr, DeLoach ye (\
1- Mr, Wic fi]
1 - 62-83894 (Unidentified flying objects) MN""
TBC: tier (6)
7% 0£T31 1966",1425,82.8,false,"confidence 82.8/100, extraction likely reliable",psm=3 lang=eng
65_hs1-834228961_62-hq-83894_section_10,32,page_0032.png,mixed_annotation,tesseract-5.5.2,"MOIM 0-934

I¢4
qo Hse | 2 19H qj, Wd 21S 2 190

“AIO TIALNL BEE
0,934",70,45.8,true,"medium confidence (45.8/100), review recommended for mixed pages",psm=3 lang=eng
65_hs1-834228961_62-hq-83894_section_10,33,page_0033.png,mixed_annotation,tesseract-5.5.2,"November 30, 1966

, Mr. J. A< Hennessey

10 Manson Place
South Kensington
London, 8. W. 7, England

Dear Mr/ Hennessey: ;

I have received your letter of lovember 26th.

In response to your inquiry, the policy of this
Bureau regarding the investigation of Unidentified Flying Objects
has not changed since I wrote to you on January 26, 1965. Also,
it is contrary to my long-standing policy to express an opinion on
such matters.

Since my prior communication to you has been
destroyed, I am enclosing another for your files and trust this
will be of help to you in reconstructing your recerds,

Sincerely yours,

T
J

Enclosure

1 - London - Enclosure
1 - Foreign Liaison Unit - Enclosure

NOTE: Bufiles disclose one prior letter from correspondent and
a reply, made to him 1-26-65.

TELETYPE UNIT",798,91.7,true,"confidence 91.7/100, extraction likely reliable",psm=3 lang=eng
65_hs1-834228961_62-hq-83894_section_10,34,page_0034.png,mixed_annotation,tesseract-5.5.2,,0,95.0,true,"confidence 95.0/100, extraction likely reliable","psm=3 lang=eng; very short extraction (0 chars), possible blank or image-only page"
65_hs1-834228961_62-hq-83894_section_10,35,page_0035.png,mixed_annotation,tesseract-5.5.2,"ASSOCIATE MEMBER OF THE AMERICA
OF MERONAUTICS & ASTRONAUTICS.

MEMBER OF THE NATIONAL INVESTIGATIONS
COMMITTEE ON AERIAL PHENOMENA

Nat

TITUTE

gar d.
rector,
eral Bureau of

Hoover,

on, .

two

to the

About
you Bureau inves
entified flying
their findings was

ated

had

agents investi
law

confid

Since
ly

records, many

destroyed recent
be

therefore

records, confirm

ition, I
of

would

in add

opinion is the u

decline, I

position.

fl ey - -Dw

a toate

rer ae

0'9)

v¥* j

ENctost

year:

best of

eceiving

erateful if,

your letter of

apprecia

sf

10 MANSON PLACE

OFF QUEENSGATE
SOUTH KENSINGTON
LONDON, S.W.7

TELEPHONE: KENSINGTON 4200

November,

Investigation,

s o or so I wrote to

collection,

tigated reported land

and whether
ilable,

these cas

objects

ava You replied

+

es to

been broken and

ential as were

your letter which

was

records includine your

in a fire at my

for the nurnoses

19064

REC- 62 -

ple

ed flying
that it

would be
nidentifi

te

Yours sincerely,

62 J Henmes#é¢y.

ings
data
say
determine
that their
all other FBI

home and

and

ou
why agents
of
regarding
ring that
whether

records,

pleced in my
let

it

ter were
would
my new

situation

7 Y

+ 4
whe

i OD",1228,85.5,true,"confidence 85.5/100, extraction likely reliable",psm=3 lang=eng
65_hs1-834228961_62-hq-83894_section_10,36,page_0036.png,typed_text,tesseract-5.5.2,,0,95.0,true,"confidence 95.0/100, extraction likely reliable","psm=3 lang=eng; very short extraction (0 chars), possible blank or image-only page"
65_hs1-834228961_62-hq-83894_section_10,37,page_0037.png,mixed_annotation,tesseract-5.5.2,"é Best Possible Image

A am
enuary 2
vahuary <u,

AYR vr
Pereaieer eee!

icucr Of January <VUM Bas neen received.

uiry, the FBI has not conducted
ch as this would not come
) presence of an Agent was
lation may have occurred
for no other reason.

nee to you, the files
ox official

rT cannot

Sincer

MLC LCL,

8. Edgar &

rque -
] ullivan - Haclosu:
Foreign Liaison Unit - Enclosure

WAM; pem

(7)",398,70.9,true,"confidence 70.9/100, extraction likely reliable",psm=3 lang=eng
65_hs1-834228961_62-hq-83894_section_10,38,page_0038.png,mixed_annotation,tesseract-5.5.2,"NOTE: Buiiles reflect that an unidentified flying object was sighted
ne2 sorro, New Mé >, on April ¢ 1964. Captain Holder, United
Force, alor 1SA D. A ¢ Byrnes, Jr., interviewed
ie Zamora of the Socorro Police Department who had observed
1omena. SA Byrnes typed such a statement from Zamora which
included in a memo for dissemination. The Albuquerque
Office did not conduct any investigation other than to keep the Bureau
advised and maintain liaison with the Air Force. This is apparently
the situation to which the correspondent is referring. Bufiles contain
no information identifiable with the correspondent.",612,89.5,true,"confidence 89.5/100, extraction likely reliable",psm=3 lang=eng
65_hs1-834228961_62-hq-83894_section_10,39,page_0039.png,mixed_annotation,tesseract-5.5.2,"e

December 21, 1966

fl a\ \08re, Joe Thorn
e Chief of Police
Princeton, West Virginia 24740

-

My dear Chief:
Your letter was received on December 19th,

Although I appreciate the motives prompting you to
write me, unidentified flying objects do not come within the scope
of this Bureau's authority. Iam, however, referring a copy of your
letter to the Director of Special Investigations, The Inspector Gen-
eral, Department of the Air Force, Washington, D. C., whose
agency has conducted related studies,

Sincerely yours,
@. Edgar Hoover

1 .- Pittsburgh - Enclosure
-_Attention SAC: Correspondent is not identifiable in Bureau indices,

NOTE: Copy of incoming sent to OSI by form.

DCLisep (4)

'

v""

J

Al Vv
VV

rat '",726,83.6,true,"confidence 83.6/100, extraction likely reliable",psm=3 lang=eng
65_hs1-834228961_62-hq-83894_section_10,40,page_0040.png,mixed_annotation,tesseract-5.5.2,,0,95.0,true,"confidence 95.0/100, extraction likely reliable","psm=3 lang=eng; very short extraction (0 chars), possible blank or image-only page"
65_hs1-834228961_62-hq-83894_section_10,41,page_0041.png,mixed_annotation,tesseract-5.5.2,,0,95.0,true,"confidence 95.0/100, extraction likely reliable","psm=3 lang=eng; very short extraction (0 chars), possible blank or image-only page"
65_hs1-834228961_62-hq-83894_section_10,42,page_0042.png,mixed_annotation,tesseract-5.5.2,"December 27, 1966

04-6399 L-YsS
we X-108
=~
Miss Judith Goodman
12 Williams Street
Bradford, Pennsylvania 16701

Dear Miss Goodman:

I have received your letter of December 20th.

Although I would like to be of assistance, matters
pertaining to Unidentified Flying Objects are not within the juris-
diction of the FBI.

Inasmuch as your communication is of interest
to another governmental agency, I am referring a copy of it to
the Director of Special Investigations, The Inspector General,
Department of the Air Force, Washington, D. C. 20333.

Sincerely yours,

J. Edgar Hoover

NOTE:.. Bufiles contain no record of correspondent. A copy of
her letter was sent to the Department of the Air Force by form
referral this date.

BGH:gda (3)
dd,
(OWA

J ¢] ¢
MAIL, ROOM (3 TELETYPE UNIT CI ipl .",794,87.2,true,"confidence 87.2/100, extraction likely reliable",psm=3 lang=eng
65_hs1-834228961_62-hq-83894_section_10,43,page_0043.png,mixed_annotation,tesseract-5.5.2,,0,95.0,true,"confidence 95.0/100, extraction likely reliable","psm=3 lang=eng; very short extraction (0 chars), possible blank or image-only page"
65_hs1-834228961_62-hq-83894_section_10,44,page_0044.png,mixed_annotation,tesseract-5.5.2,". TOLSON —
OFFICE OF DIRECTOR . DELOACH

FEDERAL BUREAU OF INVESTIGA? Yn MOHR
UNIVED STATES DEPARTMENT OF s@STICE a
+ CASPER — vat

(December 23, 1966) i al
Judith Goodman apap hae
12 Williams St. i Moet ae Sse
Bradford, Pa. 16701 . SULLIVAN

SU CL 3 . TROTTER

» TAVEL

Mr. J. Edgar Hoover eR
4936 30th Place MISS HOLMES
Washington, i Oe MRS. METCALF

MISS GANDY ———

Dear Mr. Hoover,

Iam doing my Science Fair project on

U. F.O.s. Could you please send me any and
all imformation you have on this subject ?

would also appreciate any imformation you
may have as to how many planes we have lost - aS
chasing U. F.O.s. Why has this imformation
been kept a secret? Why is it important to
national defense ?

Also would you happen to know if any other
sides ourself have spotted U. F.O.s in
2s?

Judith Goodman. =
¥3 5 T ¥f oe as
bale Nee eee

REU- 48 2 DEC 29 1968!

2",869,78.0,true,"confidence 78.0/100, extraction likely reliable",psm=3 lang=eng
65_hs1-834228961_62-hq-83894_section_10,46,page_0046.png,mixed_annotation,tesseract-5.5.2,"Dares 4 ’ g ae Ans Noo VRAD
N93 Go™P) aan
~
Walks maton Ve

ole ‘ HH Gye. r ;
= is
fr x Tau ee |
ON Ue a) D AM Qs ww ol bomen p aoas, AL TY vrre @ site

n

SAN m'a\ L mow Pah Nek ‘ies ey rt ¢ ntehes = 4 a ct!

we: Wow \ ale kee ss eek POA. \"" ry Jon , ees bi as
SNe a. tho } ¥ . OU CRE aa ND UR Ws gn
onst dain APD one ar vroumatin

dunt ph arate rea Lo Mais du. eter 4 Mi ic. moe

Ay A!

QL Lae. Pee — ae pe n te Ma YEOH d

oe 0 Nie sauve x Freeda AA oral} av PALE op dUoal

= ‘ Wi \ 5 Ss ow i ee ‘",499,35.3,true,"low confidence (35.3/100), may contain noise or degraded scan",psm=3 lang=eng
65_hs1-834228961_62-hq-83894_section_10,47,page_0047.png,mixed_annotation,tesseract-5.5.2,"IIe Hd 9% G 27 Jag

I@4

YOLI3yiG - Q3AI393y",44,45.4,true,"medium confidence (45.4/100), review recommended for mixed pages",psm=3 lang=eng
65_hs1-834228961_62-hq-83894_section_10,48,page_0048.png,mixed_annotation,tesseract-5.5.2,,0,95.0,true,"confidence 95.0/100, extraction likely reliable","psm=3 lang=eng; very short extraction (0 chars), possible blank or image-only page"
65_hs1-834228961_62-hq-83894_section_10,49,page_0049.png,mixed_annotation,tesseract-5.5.2,"0-20 (Rev. 1-26-66) Tolson %
|] eLoach
M
ap,

Casper 222 oe
Callahan
Conrad
Felt
, paale

ede —
oe
T Pee a

Tidttiet <7 see
Tele. Room
Holmes

Gandy

iV

4

4

JINIVERSITY C
1 WHAT BASIS

\ a JAN 20 1967

79 JAN 23 1967

WASHINGTON CAPITAL NEWS SERVIC Eowwmese: pee

\",268,70.5,true,"confidence 70.5/100, extraction likely reliable",psm=3 lang=eng
65_hs1-834228961_62-hq-83894_section_10,50,page_0050.png,mixed_annotation,tesseract-5.5.2,,0,95.0,true,"confidence 95.0/100, extraction likely reliable","psm=3 lang=eng; very short extraction (0 chars), possible blank or image-only page"
65_hs1-834228961_62-hq-83894_section_10,51,page_0051.png,mixed_annotation,tesseract-5.5.2,"q@

Mr. DeLoach

Mr. Gale
Liaison Section
Mr. McAndrews

Mr. Ware January 18, 1967

a
x yb b yer
a UNIDENTIFIED FLYING OBJECT x

7 ee JANUARY 17, 1967 pp yr wo A

At 4:10 a.m., January 18, 1967, James 7 Collins,
212 Sharon Drive, Chesapeake, Virginia, telephone ” 547-4648,
advised that he desired to report that he had observed a large
eblong-shaped object which alighted in the street in front
of him when he was on his way home from his television repair
shop, the Oak Grove T. ¥., 6424. Great Bridge Road, Chesapeake,
Virginia. He believes that he was taken into this craft which
he recalls as being made of a glass like substance and being
transparent. It was manned by several individuals who appeared
to be undersized creatures similar to members of the human
race, probably not more than 4 feet tall. They were allegedly
wearing regular trouser pants and T-Shirts. Collins believes
that he was transported by this craft for an undetermined
distance and returned to his point of take-off approximately
one hour later.

Collins spoke in a coherent manner although he
appeared to be under certain emotional strain. He claimed
he had not been drinking any intoxicants but he was unable
to account for the time between 8:00 p.m. and 4:00 a.m.. He
stated he was telephoning from his workshOp)but had no recollection
of being elsewhere between 8:90 p.m. and 4:00 a.m.

The above is being furnished for your information.

Q

A. R. Ware, Special Investigative Division. A check of Bureau
indices did not disclose any information which could be identified

NOTE: Collins furnished information to night supervisor SA

with Collins. pie

nec of

ARW: djg i ne This document contains neither
(9) ?

y:

recommendations nor conclusions of |

‘ A
A) the FBI. It is the property of ay
\ eB H ner r “nev
‘ the FBI and is loaned to your agency, (
it and its contents are not to be “ona aa a
distributed outside you

=6-2UAN , 61967) ae m9 JAN 20 1967

MAIL, roomL_] TELETYPE UNIT",1969,86.3,true,"confidence 86.3/100, extraction likely reliable",psm=3 lang=eng
65_hs1-834228961_62-hq-83894_section_10,52,page_0052.png,mixed_annotation,tesseract-5.5.2,,0,95.0,true,"confidence 95.0/100, extraction likely reliable","psm=3 lang=eng; very short extraction (0 chars), possible blank or image-only page"
65_hs1-834228961_62-hq-83894_section_10,53,page_0053.png,mixed_annotation,tesseract-5.5.2,"Ge. ‘Ri fusawai a
as ue

(yet Onwony ciZ7 307667 pelassiLied, TEBOREU!: with inseraet:
ai not. dissominated tin _wheilevor3n anartoutside the
3 Buréauiyith

ached for ypu infoxuation® “and vee heron 2
(pHa Federals

z a iver: ‘sent Ke ee er in Chareesi Roxas Dep
Pap paet ety: i é rexecs re

iY ry “te is alekben de hinlway, ‘0:
Penarea tipon my. © fageident report anc
SF in datea this ‘date* and délivered >

Pays, OL Foohatt, tay tsi
‘LO, aveocogn arc nd
enclosed and the",474,38.8,true,"low confidence (38.8/100), may contain noise or degraded scan",psm=3 lang=eng
65_hs1-834228961_62-hq-83894_section_10,54,page_0054.png,mixed_annotation,tesseract-5.5.2,"‘MEX 105-5844

4 absolutely Manipilated-your lie detector tests ican’ pe we
positively controlled without’ your knowledge.’
« VAny smell, taste, hearing by sound ox, word, sight | ~
» can ""bé' Controlled hy vision blocks ox ‘intensity of clarity
or pinpoint ‘control of eye ‘direction itself, Any physiew
Sensation can be duplicated; Mental and conversational:
biocks' can be created at any times ~ Ustally with public
enbarrassment ‘to that person, Nabiraily natfgiatios faa
1. typing, ‘book ‘keéping ‘can: be manipulated to thé extremes
_ + of! frustration or hervyous or mental Collapse. Sexual
“(climax can be made to most-any individual anywhere or
~ anytime, tg Ye Wen, “ ‘
""Any type. machine can be manipulated, destroydd ov.

damage: rom unexplainable, reasons or Sources, This»means

*: r

2-0 component) of any partyof ‘that machine or MOtGh-— 9.

of kind or type. Any ignition System can’ be ¢
“random, Previously the /méthod. used Was"" connecting’
tay, tO electric or telephone tines, which gave access “to
hewmonitoring of anyones. thoughts wherever hei may. bes y p
iLoularly while at ‘work at your desk, Thoughts. Uséd'on}
(> “the ‘highway while driving were monitored by eduipner k
in trucks, rental trailors, autos, etc.’ | 4 ,
- stent is from out of State, particularly. California, sused, in®, )
thesvaliley by non-tourists who are here for reasons xbending
~ over’ 30: daysand who do) not pay for ‘Texas plates. = aU AD
ve infiltrated almost “every business level, XS]
""Any. man in, busines. cannot realize the reason) so any ©
eompany, secrets or’ confidences are lest. A.business; — )

- competitor can eventually bankrupt any ox alll. of his coms!) :
petition how can a defense attorney present fa defense when —*).
his strategy is iknown to the opposing attorney previously.

“in ahintéetsive review of my driving record, particularly,» | 7.

accidents; I believe most aré premeditated, all isince’ 1946, ..~

+ because -I\ learned too muchin- the Navy, while ‘at War, Reames …[truncated]",2117,60.2,true,"confidence 60.2/100, extraction likely reliable",psm=3 lang=eng
65_hs1-834228961_62-hq-83894_section_10,55,page_0055.png,mixed_annotation,tesseract-5.5.2,"saw Hiadentieaedes ‘ab je an 1945 On, combat.
They were not’ the en 7, - ek
saat. Seen, oo t :

jaan Rirthey believes that I will possibly exper possibly experience
‘forgery. and ‘very. possibly""be convicted for it}? from valid:
. (signatures made at service Stations using credit cards ¢! cs
. The? customer gets the copy, the Station keeps the hard ‘copy, =
and the clear® “carbon with the valid signature is purchased
ev n away for fraiming purposes. These signatures) aah Muse
imely valid and in Court will be’ so appriased by any ©) .
ing: caeeth ‘This dave lve PRE aie by ee Anvcivaig ie

ave stated -the poueibbieys ay By asditated endee ls

: ‘standpoint of the? operator,

this thé same: conditions! for: the other étes :
' These ‘ake tianipulated by the trdtten’ apples’ in the barrel —
vot anys ul security arm, whore ui wehabile: ‘because £
* i ¥ederal: top secrets they. have sword toi dere

fag Buspéct. especially the Ci ItA and the

dénal intervention necessary State 1
. domestic. <netgenent it

ve tis letter wi
: rai cee eutpor ities, Ineac

rc Beisede it is tlandatory £08 the
opubt c eed and. man, i
font ; r

ar believe that. the ne tee ok this iaeornante
atute a: breach of trusts Anvahy way, and’ ti
equipment is” “‘obsolte, having been: Teplaced ' by.
ite 'samos, our. Spy inthe’ sky, and Sinilar aevicé
E which: were) dass aa arinoiinced ee the ipyese and/or, ~

olig gurther suspect ne nos ie not ah nope Goneredsnen
Sénatorsi know Of the mebhod and have? used at for, Pree athe",1505,47.0,true,"medium confidence (47.0/100), review recommended for mixed pages",psm=3 lang=eng
65_hs1-834228961_62-hq-83894_section_10,56,page_0056.png,mixed_annotation,tesseract-5.5.2,": | purposes. in Election ‘races, and pobsibly on the. stats
Tevel. © I wilt enlarge upon these VECWS 4
if necessary at Wn ria anbe and stand
<contens. herein, &

ae this: “tatber I expressly. tek the. ‘conoperation, 0
g of Public Safety. of Texas, Penns yi
toTexasiprefers;

inations’ to be condi
Rochester s, Aree é Sok:

’ ny) ubmit myself aS o£ sound mind and Body, ‘and. chee

- the ‘abave is true.and correct ov ny sound, epinions. “There

i sash OQ. proot-of a tangible: nature other than’ public’ ace BG)
Of: Cee fox ye use: Ag was’ =i jented

ee The oa
1 the see te",574,51.2,true,"medium confidence (51.2/100), review recommended for mixed pages",psm=3 lang=eng
65_hs1-834228961_62-hq-83894_section_10,57,page_0057.png,mixed_annotation,tesseract-5.5.2,"4-22 (Rev. 122-60)
« “* Federal Bureau @f investiadkion

RecordS “6 - ‘
73 —_—""——_—— , 19__

LEINéme Searching Unit - Room 6527
Sees Unit ~ Room 6524
Fofward to File Revie
Attention poe,
TH to B
Supervisor Room Ext.

Type_of Reférentes Requested:

egular Request (Analytical Search)
All References (Subversive & Nonsubversive).
Subversive References Only
Lael rangle References Only
a Main —________§_. References Only

(>

Type _of Search Requested;

L_.] Restricted to Locality of

L_JExact Name Only (On the Nose)
Variations

Subject )
Birthdate ace
Address

ox

Localitiegs =
yl Q Searcher

Ra________ Date

Initials Bsa ll
Prod.

FILE aa SERIAL
NE Lf ¢ Lys BY) Cassel)",673,69.6,true,"confidence 69.6/100, extraction likely reliable",psm=3 lang=eng
65_hs1-834228961_62-hq-83894_section_10,58,page_0058.png,mixed_annotation,tesseract-5.5.2,"Pee
--3010~107-02

| QSA'GER. REG. HO. a

EySetre SrATES. Go} NMENT

J Toke _BEnas57
18.= CH’

PHD Ohabloaea ‘are’’3 copies of- fg (>) (7)(D) es
(b) (7)(D) letter “dated 4/27 Whe ‘Classified’ eRe A
Aral alates self-explanatory... : i

The Bureau. may desire to: AtontuH a eépy
“enclosed letter ‘to See ore FOR: informat fon rus eae

“Bureau. (ine.
tiaison (seat
london ee",371,41.2,true,"medium confidence (41.2/100), review recommended for mixed pages",psm=3 lang=eng
65_hs1-834228961_62-hq-83894_section_10,59,page_0059.png,mixed_annotation,tesseract-5.5.2,"cooaniaeeniee
Coes
Rowe KR

CVs Tee

Cory
Q
~—Q
iS)
2a
rs
D
as
we
g
A
i
Q
si
<4
Ay

EOS0x1 STATE
|EO50x6 STATE

fi

8
re
a
a
2D
2
ty
fist
o.
we
8,
Re
=]
a
@

dividual

6

‘THe Secrprary, Box 500

an:

in

ence-to
Ay.

myelop:

d

8)

‘
-DI-734 6050 Ext!

d wot to
Telephone Nos,

lerkespon

The outer

Cer

10)

toh
ig}

ay
sue",327,43.8,true,"medium confidence (43.8/100), review recommended for mixed pages",psm=3 lang=eng
65_hs1-834228961_62-hq-83894_section_10,60,page_0060.png,mixed_annotation,tesseract-5.5.2,"sive References Only
~... References Only",41,67.1,true,"confidence 67.1/100, extraction likely reliable",psm=3 lang=eng
65_hs1-834228961_62-hq-83894_section_10,61,page_0061.png,mixed_annotation,tesseract-5.5.2,"References ‘Only

Tepe of Search Requantea: “s
[=] Restricted to sLeedtity of =
fear) E Name Only, On the: Noiek

‘Variations ©",127,55.3,true,"medium confidence (55.3/100), review recommended for mixed pages",psm=3 lang=eng
65_hs1-834228961_62-hq-83894_section_10,62,page_0062.png,mixed_annotation,tesseract-5.5.2,"OPTIONAL FORM NO. 10
MAY 1962 EDITION

1. Dy Gsa rpme (41 cer) 101-11.6
a UNITED STATES

- Memorandum

DIRECTOR, FBI
SAC, MIAMI (62-0-11328 )

SUBJECT: PAUL L, PEYERL
INFORMATION CONCERNING

A review of the Miami indices revealed information
reflecting subject appeared at the Miami Office on July 24,
1959, and uwlunteered to return to Austria as an intelligence
agent. His expressed motivation was to do something to repay
the debt he felt he owed the United States, He was afforded
the Washington, D, C, Headquarters address of the Central
Intelligence Agency and told his inquiry should be directed
tere,

Also, on July 4, 1961, he appeared at the Miami
Office and gave an incoherent story of recently meeting an
individual who asked him to kill his mother, PEYERL appeared %
to be somewhat bewildered and continuously gazed away from the» ¢
interviewing Agent,

During his most recent visit to the Miami Office,
PEYERL seemed genuinely concerned about the existence j
of the object he allegedly photographed during November, 1944,
He exhibited no emotional nor mental disorder and appeared to
be rational,

In view of recent publicity afforded UFO sightings,
some apparently by responsible sources, this information
is submitted to the Bureau for consideration of transmittal
to the U. S. Air Force,

secs, corn, anceemi
14 JUN 2219624
@. Bureau (Hnc,. ~ emer gee
- Miami (f/) /
LB/bab AY

(3) q
jun 2 7196!

Buy U.S. Savings Bonds Regularly on the Payroll Savings Plan

¥

5010-10801",1489,86.9,true,"confidence 86.9/100, extraction likely reliable",psm=3 lang=eng
65_hs1-834228961_62-hq-83894_section_10,63,page_0063.png,mixed_annotation,tesseract-5.5.2,"UNITED STATES DEPARTMENT OF JUSTICE

FEDERAL BUREAU OF INVESTIGATION

In Reply, Please Refer to

File No.

62-0-11328 Miami, Florida
June 8, 1967

PAUL L/| PEYERL
INFORMATION CONCERNING

On April 26, 1967, PAUL L, PEYERL, 1430 Southwest
76th Street, Miami, Florida, appeared at the Miami Office and
furnished the following information relating to an object,
presently referred to as an unidentified flying object, he
allegedly photographed during November, 1944:

Sometime during 1943, he graduated from the
German Air Academy and was assigned as a member of the
Luftwaffe on the Russian Front, Near the end of 1944, he
was released from this duty and was assigned as a test
pilot to a top secret project in the Black Forest of Austria,
During this period he observed the aircraft described above.
It was saucer shaped, about twenty-one feet in diameter,
radio controlled, and mounted several jet engines around the
exterior portion of the craft. He further described the
exterior portion as revolving around the dome in the center
which remained stationary, It was PEYERL's responsibility
to photograph the object while in flight. He asserted he
was able to retain a negative of a photograph he made at 7,000
meters (20,000 feet), A Xerox copy of the negative, as furnished
by PEYERL, appears on the last page of this communication,
Also, a still photograph he allegedly made ""at the risk of my
life"", illustrating the object parked in a hanger, appears on
the last page,

According to PEYERL, the aboye aircraft was designed
and engineered by (First Name Unknown)f\KUEHR, a German engineer
whose present whereabouts is unknown him, He assumed KUEBR
was taken into custody by Allied Forcés upon the termination
of hostilities, PEYERL stated KUEHR unsuccessfully attempted
to avoid the German draft, but was apprehended by the Gestapo",1834,94.2,true,"confidence 94.2/100, extraction likely reliable",psm=3 lang=eng
65_hs1-834228961_62-hq-83894_section_10,64,page_0064.png,mixed_annotation,tesseract-5.5.2,"PAUL L, PEYERL
INFORMATION CONCERNING

in Vienna, Austria, sometime during late 1943 or early 1944,
PEYERL also assumed the secrets pertaining to this aircraft
were captured by Allied Forces, He said this type of aircraft
was responsible for the downing of at least one American B-26
airplane. He furnished the following fuel and engine data:

"",e.eFuel mixture of NoH4,0 in Methyl Alcohol
(CH30H) rather than ‘oxygen-holding' mixture of
3

hydrogen peroxide H505 in water, 7m 1,3m high two
rocket motors; smooth flow, rotary drive over 2,000
meters per second,...""

PEYERL said he copied this data from a board
located in the hanger area,

PEYERL asserted he was shot down by the British
on March 14, 1945, after having been reassigned to the
Western Front. He was held prisoner by the British in
London and later in Brussels until his release in 1946,

He departed for the United States from Bremerhaven, Germany,
on December 26, 1951; entering the United States in New
Jersey on January 7, 1952, and was subsequently naturalized
in Miami during 1958, He is presently employed as a
mechanic at Eastern Airlines, Miami, Florida, He related

he was born May 3, 1924, in Austria,

PEYERL stated he has withheld this information
because he assumed the United States possessed it. He has
become increasingly concerned because of the unconfirmed
reports concerning a similar object and denials the United
States has such an aircraft. He feels such a weapon would
be beneficial in Vietnam and would prevent the further loss
of American lives which was his paramount purpose in contacting
the Federal Bureau of Investigation (FBI).

PEYERL reiterated he has the original negatives
of both photographs, He said the shots were taken at a thirty
second time exposure,

This document contains neither recommendations nor
conclusions of the FBI. It is the property of the FBI and is
loaned to your agency; it and its contents are not to be
distributed outside your agency.",1961,94.2,true,"confidence 94.2/100, extraction likely reliable",psm=3 lang=eng
65_hs1-834228961_62-hq-83894_section_10,65,page_0065.png,mixed_annotation,tesseract-5.5.2,"« »

UNITED STATES DEPARTMENT OF JUSTICE
FEDERAL BUREAU OF INVESTIGATION

In Reply, Please Refer to

File No. 69..0011328 Miami, Florida
June 8, 1967

RE; PAUL L. PEYERL
INFORMATION CONCERNING

On April 26, 1967, PAUL L. PEYERL, 1430 Southwest
76th Street, Miami, Florida, appeared at the Miami Office and
furnished the following information relating to an object,
presently referred to as an unidentified flying object, he
allegedly photographed during November, 1944;

Sometime during 1943, te graduated from the
German Air Academy and was assigned as a member of the
Luftwaffe on the Russian Front. Near the end of 1944, he
was released from this duty and was assigned as a test
pilot to a top secret project in the Black Forest of Austria.
During this period he observed the aircraft described above.
It was saucer shaped, about twenty-one feet in diameter,
radio controlled, and mounted several jet engines around the
exterior portion of the craft. He further described the
exterior portion as revolving around the dome in the center
which remained stationary. It was PEYERL's responsibility
to photograph the object while in flight. He asserted he
was able to retain a negative of a photograph he made at 7,000
meters (20,000 feet). A Xerox copy of the negative, as furnished
by PEYERL, appears on the last page of this communication,
Also, @ still photograph he allegedly made ""at the risk of my
life"", illustrating the object parked in a hanger, appears on
the last page.

According to PEYERL, the above aircraft was designed
and engineered by (First Name Unknown) KUEHR, a German engineer
whose present whereabouts is unknown to him, He assumed KUEHR
was taken into custody by Allied Forces upon the termination
of hostilities. PEYERL stated KUEHR unsuccessfully attempted
to avoid the German draft, but was apprehended by the Gestapo",1843,93.8,true,"confidence 93.8/100, extraction likely reliable",psm=3 lang=eng
65_hs1-834228961_62-hq-83894_section_10,66,page_0066.png,mixed_annotation,tesseract-5.5.2,"iL

ee
z
Att

%m.1,3m high two

in Methyl Alcohol
» rotary drive over 2,000

1 he i
vi ea Ale
ae

gue

flow

meters per second....""

*. eceFucel mixture of

Hu
7
r
:

Sirpiane.
hydrogen peroxide
rocket motors;",209,60.1,true,"confidence 60.1/100, extraction likely reliable",psm=3 lang=eng
65_hs1-834228961_62-hq-83894_section_10,67,page_0067.png,mixed_annotation,tesseract-5.5.2,,0,95.0,true,"confidence 95.0/100, extraction likely reliable","psm=3 lang=eng; very short extraction (0 chars), possible blank or image-only page"
65_hs1-834228961_62-hq-83894_section_10,68,page_0068.png,mixed_annotation,tesseract-5.5.2,"@ oe STATES DEPARTMENT ae

FEDERAL BUREAU OF INVESTIGATION

In Reply, Please Refer to
File No.
62-0-11328 Miami, Florida
dune 8, 1967

On April 26, 1967, PAUL L. PEYERL, 1430 Southwest
76th Street, Miami, Florida, appeared at the Miami Office and
furnished the following information relating to an object,
presently referred to as an unidentified flying object, he
allegedly photographed during November, 1944;

Sometime during 1943, he graduated from the
German Air Academy and was assigned as a member of the
Laftwaffe on the Russian Front. Wear the end of 1944, he
was released from this duty and was assigned as a test
pilot te a top secret project in the Black Forest of Austria.
During this period he observed the aircraft described above.
It was saucer shaped, about twenty-one feet in diameter,
vadio controlled, and mounted several jet engines around the
exterior portion of the craft. He further described the
exterior portion as revolving around the dome in the center
which remained stationary. It was PEYERL'’s responsibility
to photograph the object while in flight. He asserted he
was able to retain a negative of a photograph he made at 7,000
meters (20,000 feet). A Xerox copy of the negative, as furnished
by PEYERL, appears on the last page of this communication.
Also, a stall photograph he allegedly made “at the risk of ny
life"", illustrating the object parked in a hanger, appears =
the last page.

According to PEYERL, the above aircraft was designed
and engineered by (First Name Unknown) KUEHR, a German engineer
whose present whereabouts is unknown to him. He assumed KUEHR
was taken into custody by Allied Forces upon the termination
of hostilities. PEYERL stated KUEHR unsuccessfully attempted
to avoid the German draft, but was apprehended by the Gestapo",1784,93.1,true,"confidence 93.1/100, extraction likely reliable",psm=3 lang=eng
65_hs1-834228961_62-hq-83894_section_10,69,page_0069.png,mixed_annotation,tesseract-5.5.2,"in Vienna, Austria, sometime during late 1943 or early 1944,
PEYERL also assumed the secrets pertaining to this aircraft
were captured by Allied Forces. Fe pho Fin dling Flos Braye w=
pd oe agg ce Boe Mr «say oe Boe at least one American B-26
airplane. He furnished the following fuel and engine data:

“.ece¥uel mixture of Ngl,O in Methyl Alcohol
(CH,0H) rather than ‘oxygen-holding’ mixture of
hydrogen peroxide in water. Ym 1,3m high two
rocket motors; flow, rotary drive over 2,000
meters per second....""

PEYERL said he copied this data from a board
lecated in the hanger area,

PEYERL asserted he was shot down by the British
on March 14, 1945, after having been reassigned to the
Western Front. He wes held prisoner by the British in
London and later in Brussels until his release in 1946.

presently employed
mechanic at Eastern Airlines Miami, Florida, He related
he was born May.3, 1924, in Austria.

PEYERL stated he has withheld this information
because he assumed the United States possessed it. He has
become increasingly concerned because of the unconfirmed

concerning & similar object and denials the United
States has such an aircraft, He feels such a weapon would
pd an ne rca Ble Bige crreae nn Rag 5B tien lh dl tag ray Mle man
of American lives which was his paramount purpose in contacting
the Federal Bureau of inventigntien (FBI).

PEYERL reiterated he has the original negatives
of beth photographs, He said the shots were taken at a thirty
second time exposure.

This document contains neither recommendations nor
conclusions of the FBI. It is the property of the FBI and is
leaned to your agency; it and its contents are not to be
distributed outside your agency.",1691,83.6,true,"confidence 83.6/100, extraction likely reliable",psm=3 lang=eng
65_hs1-834228961_62-hq-83894_section_10,70,page_0070.png,mixed_annotation,tesseract-5.5.2,ladle ee ee I oY TR,19,22.9,true,"low confidence (22.9/100), may contain noise or degraded scan","psm=3 lang=eng; very short extraction (19 chars), possible blank or image-only page"
65_hs1-834228961_62-hq-83894_section_10,71,page_0071.png,mixed_annotation,tesseract-5.5.2,"o
D
o

£—

at

a
o
o
fe}

a

~
o
o

a",37,56.1,true,"medium confidence (56.1/100), review recommended for mixed pages",psm=3 lang=eng
65_hs1-834228961_62-hq-83894_section_10,72,page_0072.png,mixed_annotation,tesseract-5.5.2,"SUBJECT:

UNITED. STATES GOVERNMENT

Memoranggm : &

DIRECTOR, FBI pate: 7/25/67

SAC, NEWARK (47-0)

UNIDENTIFIED AERIAL OBJECTS

IVAN SANDERSON, COMPLAINANT

ALLEGED IMPERSONATION OF FBI AGENTS

AND MILITARY PERSONNEL
Ce ee

Enclosed/herewith for the Bureau ar hapters
13 and 14 of a book now being prepared by- IVAN)RANDERSON,
The book relates to\Unidentified Aerial Objects (UAO) which

SANDERSON states will soon be published in magazine form on
a nation-wide basis. f \—< / |

SANDERSON, who claims to have writte

en several books,
is a graduate of Oxford in England and has various degrees.

He states that he has appeared on the Gary Moore Show and
other types of television projects. He relates that he has
been extremely concerned about UAOs and in the submitted
material he eludes briefly to the FBI and the CIA.

There does not appear to be a violation of the

ersonation Statute or any other violation over which this
Bureau now has jurisdiction. The enclosed information is
submitted only for the Bureau's interest and no further
action is sayarhrpe no Newark.

2 - Bureau (En cae
1 - Newark V Bf
NSI; JuP

(3)

¥3 y¥/ / “Hole fue 27 \yg7
Not RECORDED Misti
152 JUL 28 1967

6/ Buy U.S. Savings Bonds Regularly on the Payroll Savings Plan

ORIGINAL FILED IN",1272,86.2,true,"confidence 86.2/100, extraction likely reliable",psm=3 lang=eng
65_hs1-834228961_62-hq-83894_section_10,73,page_0073.png,mixed_annotation,tesseract-5.5.2,"August 24, 1967

Yo R

REG- 14 \
Mr. Theodore Gray Hullett
561 37th Avenue.
San Francisco, California 94121

Dear Mr. Hullett:

Mr. Hoover received your letter of
August 19th, with enclosure, and wanted you to know
he appreciates your best wishes. He asked me to
thank you for sending the publication you forwarded
to him.

Sincerely yours,
| MAILED 19.

| AUG 24 1967

\ comM - FBI Helen W. Gandy
a Secretary

NOTE: Bufiles contain nothing identifiable regarding correspondent
and no record of the publication, ‘ufo contact."""" Inasmuch as
correspondent might possibly, ube letter from the Director in some
manner to promote this — an in-absence reply is deemed
advisable. 7 1

TELETYPE UNIT",691,87.3,true,"confidence 87.3/100, extraction likely reliable",psm=3 lang=eng
65_hs1-834228961_62-hq-83894_section_10,74,page_0074.png,mixed_annotation,tesseract-5.5.2,"WOVA O-938

ee]
#9 Hd 90 EF) Bf

q

RoOoU Sniayat",49,36.8,true,"low confidence (36.8/100), may contain noise or degraded scan",psm=3 lang=eng
65_hs1-834228961_62-hq-83894_section_10,75,page_0075.png,mixed_annotation,tesseract-5.5.2,"Mr. Nir ares
ie peiee

bhr__ ie

August 19, 1967

O

Director J. Edgar Hoover
Federal Burean of Investigation
Washington, D. C,

Dear Mr. Hoover:
A very Happy Birthday....... July 196

I am very Lucky to have the opportunity this afternoon to be
able to Introduce to you the ufo contact igap journal. This
magazine has been dedicated to Mr. George Adar
My letter to you and the enclosed magazine is a project of my
own, J am a reporter for ufo contact, and in this way I hope to
bring to the attention.of V.I.P. of our country, our magazine and =
| the message that it c@gtains, to the reader, I don't sell the 7
| magazine, but plan tomive it,to the person I write to as a gift.>
The cost is my own, and t prekperiience I will gain will be my
| reward, perhaps an advan ccna to the position of co-worker for,
'IGAP in the future. py = 2

Thank you very mueh for Fiving me a moment of your time, “T

» you will find our.magazine interesting.

he
—

I again wish you a very Happy Birthday! (Walter Winchell)
Your Friend,

Theodore Gray Hullett
561 37t th Avenue

NCL NOLS ou! San F ore fornia

EXP=RROC. eae oa
WUG221967/O sits eee

REC- 14

X)

16 SEP 12 1967

ee",1163,81.6,true,"confidence 81.6/100, extraction likely reliable",psm=3 lang=eng
65_hs1-834228961_62-hq-83894_section_10,76,page_0076.png,mixed_annotation,tesseract-5.5.2,"Aue 22° #1 se AH
FBI

REC+O WICK",32,77.1,true,"confidence 77.1/100, extraction likely reliable",psm=3 lang=eng
65_hs1-834228961_62-hq-83894_section_10,77,page_0077.png,mixed_annotation,tesseract-5.5.2,bg a~ Fasser 7,14,51.8,true,"medium confidence (51.8/100), review recommended for mixed pages","psm=3 lang=eng; very short extraction (14 chars), possible blank or image-only page"
65_hs1-834228961_62-hq-83894_section_10,78,page_0078.png,newspaper_or_print_clipping,tesseract-5.5.2,"igap journal oe

Br SSS $35 BSe5 Sse SESS Soo SSose5 <<

S282 Sosese SSS PRS
PX Dae

eceneet oS SS
| XXX ain
be Ul
Ss es stare

a

Bese i
y i Ba)

Pee Se UN fen
—- —— SSoS SSS

internaticnal
PRINTED IN DENMARK get acqua ] nted
oer ) program",240,39.6,true,"low confidence (39.6/100), may contain noise or degraded scan",psm=4 lang=eng; layout OCR may have column ordering issues
65_hs1-834228961_62-hq-83894_section_10,79,page_0079.png,newspaper_or_print_clipping,tesseract-5.5.2,"This magazine has been dedicated to
MR. GEORGE ADAMSKI.

Fraternity of P a P NATIONAL AERONAUTICS AND SPACE ADMINISTRATION
: GODDARD SPACE FLIGHT CENTER
Cosmic és GREENBELT, MARYLAND 20771
Sons and Daughters A 4 v
FILE 1725,
, Mr. Adamski launched the IGAP — International Get
IGAP Information Service: Acquainted Program — in 1959, based on the philosophy Me. Fred Steckling FEB 20 067

UFO CONTACT. that people in all parts of the world should be given
a the opportunity of knowing what is going on everywhere

Editors: in the field of flying saucers. His hope was that as Dear Mr

Mr Ronald Caswell, many as possible would discover the truth of the pre-

309 Carters Mead, sent age and turn to face the time to come — to learn Thank you very much for your letter and for your offer to show us

Harlow, Essex, to accept, through conviction, the fact that we are all your film. 1 am not really qualified to pass judgment on it, but it

England. citizens of the Cosmos and Children of the Cosmic Pow- woe Ue ood fo have the pepis Here a: Goddard who are took at ie.

as a May I suggest, then, that you give Mr. Penn Stevens, , acall
Malo ni seatersen er whose Laws run through the entire Cosmos. These He will make an appointment for you to come out to Goddard and show the
(responsible for publication and subscription), %@WS we can learn to comprehend through study and Photographic Branch and me your film. Unfortunately we have no Smm
Bavnevolden 27, Maaloev, Sj., unders anding of the »Science of Life« brought to our projector here, so I must ask you to bring your own. Thank you again
Denmark. attention by the presence of friendly visitors from other for your offer.

worlds.

Alexandria, Virginia 22312

. Steckling

ORGANIZATION. The magazine is sent to civil and military authorities

Headquarters: all over the world, to leaders in the United Nations, in
The George Adamski Foundation, the Vatican, in scientific circles, and to Press, radio
314 Lado de Loma Drive, and TV authorities.
Vi…[truncated]",4939,89.9,true,"confidence 89.9/100, extraction likely reliable",psm=4 lang=eng; layout OCR may have column ordering issues
65_hs1-834228961_62-hq-83894_section_10,80,page_0080.png,newspaper_or_print_clipping,tesseract-5.5.2,"140 ufo contact ufo contact 113

at home and watch your favourite television pro- some of these outer space civilizations have evolved No. Instead he pushed and shoved his way into the,
gramme. Then you will forget all about it. But do further than we and would therefore be able to tell E D | TO R | A L cece many times, inhospitable climate of ’’expert’’ analysis
you ever wonder what becomes of old television us, for example, how to avoid a nuclear war«. and clinical dissection, saying: ""Here is my evid-
ae spat from the ones they chon on ence, here is my story — TAKE IT OR LEAVE IT!”
undays?! Do they just fade out and vanish — cr The Space Brothers Keep Their Word. ‘ AND HE DIED, DOING JUST THAT.
do they keep travelling through space for ever, A re ye ee e Rea fi ""WE ARE NOT OPPOSED TO A COURT JESTER Wiet Kent Hien eoing’? ise k h
perhaps to be picked up by creatures on other relate nd rik te ieee Eley barrier on the green lawns of the Royal Palace, provided he Pr Sas aa MoeatceaunaHa’ ie Aiea ieee
planets? Fantastic - - but scientists think it is pos- |SSU°S OF Lopsice, they are Keeping thelr promise is not taken for an astronomical philosopher — —"". ee ee
fi i spake to make themselves seen more and more by the 7 ae years? His tremendous sense of humour? YES! His
sible. After all, we here in. Britain were able to | ocis of Earth. From the increased number of Here, with all the arrogance of the self-opinion-  tany thousands of friends and supporters the world
watch the Olympic Games in Japan via a satellite aL Teel i ated, self-appointed judge, in words of ignorance,
imauiter: SOACE. reports of sightings and landings of UFOs all over faa with (ae 7 Pe et ‘ 1 ck a over? YES, THESE ALSO!
Seat? ; ; the world, there can be little doubt that our space Fae e eee oe aed eestor an im ated °°"" But his faith in a DIVINE INTELLIGENCE and sure
»Some scientists even think that weird cracklings friends are now making an all-out effort to awaken tism, we see a small section of th…[truncated]",9871,84.8,true,"confidence 84.8/100, extraction likely reliable",psm=4 lang=eng; layout OCR may have column ordering issues
65_hs1-834228961_62-hq-83894_section_10,81,page_0081.png,newspaper_or_print_clipping,tesseract-5.5.2,"114 ufo contact ufo contact 139

Once before, a gracious lady was willing, against only beginning to accept the remote possibility of messages to trusted UFO workers on Earth, and sources was a local ham radio operator who, it
much advice, to listen to the sincere words of a man ""some form” of life, - and a one-cell life, at that, - for other specific purposes. Most of us have read must be clearly stressed, knew little if anything
who was still to battle for many years to come for existing anywhere at all outside of Earth. And any accounts written by people claiming to have recei- about Mr. Smith’s work or scientific experiments
the truth which he propounded. We ask again for that suggestion that intelligent beings existed who had ved messages, both garbled and clear, from the and most of the messages he received for Wilbert
First Lady’s gracious attention to certain matters progressed past the stages of wars and poverty and Space Brothers via ham radios, tensor-coil experi- | Smith, on an unidentified waveband, were complete-
which we believe, as in years gone by, will be of _ racial intolerance, was to speak of Heaven itself. ments, etc., or of seeing spacemen or other uniden- ly unintelligible to him — although they made a lot
interest to her, also today. Now, in 1967, many things have changed. The tified phenomena on their television screens. There of sense to WBS.

Our Open Letter we respectfully address to — majority still laughs, yes. But one sees in the ever- was one amusing story of a man who fell asleep By this means and with the usual, requested con-

Her Majesty, Queen Juliana of the Netherlands. expanding minority a level of radical but intelligent while watching a late, late movie on television and firmation from other sources, Wilbert Smith received

thought which would have been branded a “heresy” awoke several hours later to find himself staring 4 Jot of invaluable guidance in his scientific work.
against the whole Establishment just a few years at …[truncated]",10964,89.8,true,"confidence 89.8/100, extraction likely reliable",psm=4 lang=eng; layout OCR may have column ordering issues
65_hs1-834228961_62-hq-83894_section_10,82,page_0082.png,newspaper_or_print_clipping,tesseract-5.5.2,"138 ufo contact ufo contact 115

photosynthetic process to produce at least simple people still who battle against great odds for what waited an hour or so for the Steckling’s plane to
plant forms. The space brothers - and they know to be right. come in from Washington, via New York and Co-
""The significance of my findings, if correct’, Dr. c . We believe that, with Your Majesty’s approval, logne. They were flying LUFTHANSA.
Johnson declared, ""is that a case for life chemistry Earth S electronic further evidence can be produced for your consider- Patrick had them paged as the Cologne flight be-
in space can not only be inferred but the end pro- ation which will help greatly your understanding of gan to stream into the arrival bay, everyone on the
duct can be looked upon as a form of life similar 2 these matters, thereby encouraging others to seek look-out for the baggage coming up on the wide
to that on earth’. equipment the truth of these visitations from outer space. It is | moving belt from below. Mrs. Suzy Peeters, May’s
our sincere belief that there is far too much at stake lifelong friend, and Treasurer for the Belgian groups,
for the world to continue to supress or ignore news arrived in her tiny Volksvagen and smilingly greeted
of events of such magnitude. us, together with Philip, May’s younger son, who had
Should Your Majesty so desire, George Adamski’s been filming the aircraft from the airport roof. We
a One of the commonest occurrences indicating the friends would be honoured to tell their own stories were all old friends. Suzy was to help with extra
i eer, an element or compound by spectral close presence of a UFO is the unavoidable inter- and show their own films in Your Majesty's presence. transport back to Antwerp.
a ormation is similar to identifying a human by his ference with Earth's radio, electrical and electronic With respect, We looked at the people who were coming over
ingerprints. equipment, believed to be brought about by the Sincerely to …[truncated]",10350,91.7,true,"confidence 91.7/100, extraction likely reliable",psm=4 lang=eng; layout OCR may have column ordering issues
65_hs1-834228961_62-hq-83894_section_10,83,page_0083.png,newspaper_or_print_clipping,tesseract-5.5.2,"116 ufo contact ufo contact 137

astic senators, Madeleine, who had worked in a Gov- was this red, glowing light swaying over the house!”’ There is no doubt that a great number of the other planets, just as '’their bacteria’ has been a
ernment office for many years, just stood up and Fred smiled knowingly. meteoric falls actually are remains of ’’natural’’ long, long while living with us.
told them that she wouldn’t like to be in THEIR ""You can bet, they've got our wave-lengths!”” he objects in space — but not by any means all! of them. Thus there exists great unexplored areas of res-
shoes when people found out what was being kept _ said. No doubt also, some of the falls of ice are from earch with which science can come to grips and
from them. As we looked out at May’s long lily-pond in the aircraft de-icing or breaking off by some other learn from; and when, finally, these are explained,
Did they think the public was blind? spacious lawn, the big, leafy trees almost overhang- means; the theory about ice from the toilets is very the next natural step will be to learn how one can
Many had seen the planes chasing the saucers. ing the house and splashing the ground with shadow, doubtful, but even if we give this theory a certain come to live without being ""infected’’ by bacteria.
Even children. Fred gave a little laugh to himself and glanced up chance, then it still explains only a very small part We are on the way; but for a while yet we shall
And Madeleine had come out of the committee- at me. He was so often serious, especially when he of the total number of reported falls. be “infected” by bacteria, and believe that we can
room seething with anger. A few weeks afterwards talked to the people who gathered at May’s house, Until the Rocket-age’s attempts to explain condit- infect” our sister planets’ inhabitants with our bac-
she had filmed a scout-ship over her own ’’front guests, reporters etc, — it was nice to see him with ions in the Space around us began, a rema…[truncated]",11061,91.9,true,"confidence 91.9/100, extraction likely reliable",psm=4 lang=eng; layout OCR may have column ordering issues
65_hs1-834228961_62-hq-83894_section_10,84,page_0084.png,newspaper_or_print_clipping,tesseract-5.5.2,"136 ufo contact ufo contact 117

the principles involved in weight-distribution and sceptics will not now refrain from purchasing and quiet, deserted, leafy avenues near to May's house. Any Monday would be fine for showing the film,
surface manipulation, i.e. expert engineers producing reading this excellent book, we would like to conc- Hans had suggested a walk before turning in. It was | am looking forward to your answer,
the revolutionary Hovercraft. lude with an excerpt from the summing-up by Leo- our first opportunity to talk alone together since our sincerely, | Fred Steckling.”
""Some of my readers will have been way ahead nard G. Cramp himself. meeting in Denmark three or four weeks before. UNQUOTE.
of me in these past assessments and no doubt will ""Out of the confusion and the shadow surrounding He also wanted to tell me something. About a
have anticipated my next intention. Yet others will this most enigmatic of flying saucer contact stories, young lady of rather special appearance who had, Anderson, of the Senate Space and Aeronautics
be a trifle impatient that the following correlation | emerges one or two, but nevertheless very important during the course of the evening, moved out of the Committee, and to Dr. Paul D. Lowman Jnr. at the
should be made. But | must stress, | try very hard facts. audience and was sitting on a settee very close to National Aeronautics and Space Administration.
not to be biased, science is far more interesting (a) Adamski type saucers are not uncommon the speaker's table. Just before the guests left, - (NASA).
left as it is. Therefore | am sincere in my next anal- among UFO reports. some of them were unknown to May Morlet — the The reply from Dr. Lowman reads: (see inside back
ysis. | trust the reader will be, too. | have purposely (b) On purely engineering grounds the configurat- young woman spoke a few words with Hans. cover).

chosen the following title for the evidence which | ion of the ""scout ship” offers the best all- R…[truncated]",10168,85.9,true,"confidence 85.9/100, extraction likely reliable",psm=4 lang=eng; layout OCR may have column ordering issues
65_hs1-834228961_62-hq-83894_section_10,85,page_0085.png,newspaper_or_print_clipping,tesseract-5.5.2,"118 ufo contact ufo contact

ground were and all in all said, to be convinced that UFO investigation study, — R.C.) - and send them At that time the Air Force termed the Heflin pict-
what we had shown them are ships of extraterrestrial some pictures. ure a hoax.
origin they needed more positive proof or evidence. ""Madeleine’s and G.A.’s films were already known The Bluebook” report said Heflin’s photo did not 7
One person came up with the scout being a volks- to them — from T.V. — and no comment was made on correspond to his description of the round, saucer-
wagen, you know how they have to make jokes. But them. They seemed to know all three of us — Ingrid like object. Literature
we were treated very nice and in respect, — one was there — they gave this impression. But since then the Air Force has commissioned
person said to Ingrid, you have something there, — ""The Colonel said: ""What about the scoutships the independent study by the University of Colorado
meaning the films — we are supposed to have in Dayton?” so we ans- at Boulder.
""| could see that they had much knowledge, but wered, What about and how about it?’ They did From: '’San Francisco Chronicle”, . oe
could not give themselves away. They did not rid- not confirm anything or otherwise. But here too we Friday, March 10, 1967. »Piece for a jig -Ssaw«
icule us, nor the films, nor the whole UFO idea. | were treated respectfully, and returned the same to Credit: Theodore Gray Hullett, San Francisco,
did not go to NASA to convince them, but to cons- them -.” California, U.S.A. By LEONARD G. CARMP., M.S.I.A. A.R.Ae.S.

ult them.” UNQUOTE. * author of ""Space, Gravity and the

He added: ie 1 or eee ‘oti f i Flying Saucer.”

""This meeting with NASA was a different matter ater, | received a tuller description of events. i wines A A
altogether han ihe Senate Space committee 2 years ""When | took the film September 7th, we were Two PCs spot a »saucers« Here is a book about ""flying saucers” which can

ago with Madeleine…[truncated]",8907,86.5,true,"confidence 86.5/100, extraction likely reliable",psm=4 lang=eng; layout OCR may have column ordering issues
65_hs1-834228961_62-hq-83894_section_10,86,page_0086.png,newspaper_or_print_clipping,tesseract-5.5.2,"134 ufo contact ufo contact 119

ities of the dark shape behind them. There was a and only a few metres above the surface of Mexico that the people should become aware first of his work Second, — you are invited to look again at the
tiny white light behind which did not seem to be att- ‘Valley. Note at the bottom of the picture the power- and contacts. When your readers have become picture which is painted for you in these sequences
ached to the object in any way; but as the night was lines, which give an idea of how low the saucer was. acquainted with the idea of the brothers being under _ of events.
very dark, she admits that this could also have been Dr. Lanuza has the negatives in his possession, us this very moment and that everyone has the GEORGE ADAMSKI took his story and his films
a star. The colored lights were not blinking, and the — which have been carefully examined by photo ex- chance to talk to them if he becomes aware of them, | to ANYONE - including authority — and was prepared
object seemed not to move, although she of course perts, who stated that no fake was involved.” then you may talk about my contacts in connection to face all criticism and expert analysis.
was moving towards it in her car. She described the -*- with G.A. Ronald, | cannot tell you what to do, for MADELEINE RODEFFER was enabled to take close-
object (which, she admits, she saw very indistinctly Also in ""EL HERALDO” you must use your own judgement in this matter. up shots of a flying saucer over her garden. This
in the almost complete darkness), as a black wing- iy = ‘ When ever you feel to use it then go ahead and do was arranged with the Brothers, and she was expect-
like thing which made no noise. Then she suddenly Flying Saucers are seen in clear daylight so. | am not afraid to face the people or what ever ing them. She has shown this film, with G.A.’s, on
thought ""Surely it can’t be a plane, this low. Per- comes with it, neither is Madeleine. —” nation-wide net-works, — she …[truncated]",7722,91.6,true,"confidence 91.6/100, extraction likely reliable",psm=4 lang=eng; layout OCR may have column ordering issues
65_hs1-834228961_62-hq-83894_section_10,87,page_0087.png,newspaper_or_print_clipping,tesseract-5.5.2,"ufo contact ufo contact 133

""MANY TIMES | HAVE SEEN FLYING DISCS took a few minutes to transfer from Army to Air
FOLLOWING AND OVERTAKING MISSILES IN Force communications, the pilots were notified of
FLIGHT AT THE EXPERIMENTAL BASE AT WHITE the UFOs. They circled around, but none of the
SANDS, NEW MEXICO, WHERE, AS IS KNOWN pilots was able to see anything unusual.
THE FIRST AMERICAN ATOM BOMB WAS TRIED Missile firings at WSMR were checked. There were
OUT.” COLONEL MACLAUGHLIN. none at this time. There was little cloud cover during
Missile expert the half hour involved and, at this time of day, it
These still photographs are (Statement in 1949.) would be impossible to see a meteor. The objects
taken from the screen pro- were moving much faster than a balloon.
jection of the 8 mm colour rey Sie One WSMR individual said the UFOs were tracked
film of september 7th 1966. on radar. There is no accurate estimate of the

baste neve RE aloe 29 sight UFO's over White mr, polects ‘spotted: There may have been
sine aNerPts, Sete re Sands Range There is no indication when the Pentagon will

4 fs release any information on the sightings — if ever.
Fred Steckling of Alexandria, by Dorrance Guy. From: The El Paso Times EI Paso Texas.
Virginia, U.S.A. ; , :

Alamogordo, N.M. — At least 29 White Sands Missile Sunday, March 5th, 1967.

Range personnel were eyewitnesses to one or more

Unidentified Flying Objects between 10.30 and 11 COMMENT: We understand from our source of in-
a.m. Thursday. formation that this news item appeared only in El

News concerning the UFOs has been cutoff by Paso, Texas. Inquiries showed that the Air Force
orders from the Pentagon. had stopped the incident being reported in the

All service personnel and civilians working for the national newspapers. To quote the above news report:
services have been forbidden to discuss the sight- ""There is no indication when the Pentagon will
ings. release any information on the sightings — if ever.”

An investigation is…[truncated]",5558,91.7,true,"confidence 91.7/100, extraction likely reliable",psm=4 lang=eng; layout OCR may have column ordering issues
65_hs1-834228961_62-hq-83894_section_10,88,page_0088.png,newspaper_or_print_clipping,tesseract-5.5.2,"132 ufo contact ufo contact 121

LIFE’S GIFTS. Reports of flying saucers sighted in the Soviet ° The newspaper accounts which claimed | told rep-
Each of us receives life’s gifts on Earth. A belief | Union, in the Caucasus and in Central Asia, also W hat Adamski orters of the forthcoming meeting with Queen Juliana
in a continued spiritual life after the comparitively were ridiculed here. were entirely false. One thing is certain: the press
short time of 70 years of physical life here on Earth, Then for several years the Soviet press remained ° was furious. The reporters could not get any inform-
compared with the endless cycle of eternity, makes silent on the whole question; the Cmena article show- said ation from me so they fabricated stories to save face
the actions of the moment an investment with far- ed that the UFO issue is being reopened, this time aoe (and perhaps to protect their jobs!). Newspapers all
reaching consequences. as an object of serious scientific study. over the United States copied these false reports
The certainty that Man can choose between good Zigel was identified as one of the editors of a GEORGE ADAMSKI WAS MANY TIMES ACC- and added comments as they passed them on.
and evil should lead him nearer to his Creator. Fur- book, ""Inhabited Cosmos,” being prepared for publi- USED of being a charlatan, — that is, a person who An article in the Los Angeles Examiner of May
ther, it should lead to an understanding that Man's cation here. The book will discuss the possibility of pretends to have more knowledge or skill than he 19th, entitled ""In Dutch On Saucer Discussion,”
life here and later, is more likely to depend on his _ living beings in space and efforts to communicate does have, — an impostor or a cheat. He has been stated: ""The press has given Adamski, from Los
relation to the spiritual than to the scientific. with them. called a faker, because he has produced photo- Angeles, a chilly reception. The Catholic People’s
Our decisions now will…[truncated]",10229,89.9,true,"confidence 89.9/100, extraction likely reliable",psm=4 lang=eng; layout OCR may have column ordering issues
65_hs1-834228961_62-hq-83894_section_10,89,page_0089.png,newspaper_or_print_clipping,tesseract-5.5.2,"122 ufo contact ufo contact 131

view with the Queen. They have never been pub- | had been nervous with anticipation, but a feeling pulses come from the animal’s glands and its react- _periences into two different areas, to give science
lished before. The press reports quoting questions of calm and ease came over me as | stood in the ions are wholly automatic. The make-up of an animal control over the one and religion control over the
and answers from the interview were falsified, as no presence of the Queen. She and the others present allows no room for freedom of choice, searching other.
reporters were allowed inside the palace during the were standing when | entered the room. The Queen’s curiosity or doubt or conflict between impulses and Let science explore the physical world, whilst
interview! secretary came forward and introduced me to Her ethical standards. religion takes care of the other, people say. When
| left London and arrived in Amsterdam on the Majesty, Queen Juliana. In turn, | was presented to An animal knows nothing of that strange voice science has reached its limits, then religion can take
15th of May, 1959. Miss Rey d’Aquila and some news- Prince Bernhard; Lt. General Schaper, Chief of the called conscience, which tells us what is right and
paper reporters were at the airport to meet me. | Royal Netherlands Air Staff; Professor Jongbloed, what is wrong. Only Mankind is equipped with the This is a fateful step to take. To separate the two
was still suffering from the cold | had caught in of Aerial Medicine; Dr. M. Rooy, Telecommunica- conflicts which arise, because it is created in God’s worlds could only be done if scientists were not
Scotland, so | excused myself and was taken to a tions; and Mr. Kolff, President of the Royal Nether- Image. And only Mankind is equipped with a soul Christians and no Christians were scientists. But
small hotel on the outskirts of Amsterdam. lands Society for Aviation. which enables it to master the problems cause…[truncated]",11481,87.5,true,"confidence 87.5/100, extraction likely reliable",psm=4 lang=eng; layout OCR may have column ordering issues
65_hs1-834228961_62-hq-83894_section_10,90,page_0090.png,newspaper_or_print_clipping,tesseract-5.5.2,"ufo contact ufo contact 123

ENDLESSNESS OF THE UNIVERSE. other planets. | retold much of what | had written ilar to Earth. Many green spots that looked like
Manned space-flights are pioneer works. But until in my second book. The major questions of our con- vegetation had been observed on the other side of
. now they have only begun to open the door out ference dealt with our future in outer space. the moon. This confirmed some of the things | had
Science toward the endlessness of the Universe. Awareness of time was lost as we all grew inter- told the Queen during our two-hour conference.
That which we can see of the mysteries of the ested in the conversation about outer space. What | was curious to know just how the Russians had
Universe through the crack in that door only con- began as a forty-five minute interview lasted two gained this information. My friends and | discussed
firms our belief in its Creator. Mankind with its hours. Finally the Queen reminded me that my lect- the possibilities later that morning. Was it possible
. limited understanding cannot comprehend an omni- ure started in less than an hour. Interest was so that a Russian had made a trip as | had, or did they
Science and God present, almighty, all-knowing and eternal God. great in the topic, if it had not been for the lecture, receive the information from their moon shot that
Every attempt to create a picture of God and red- we could have kept talking for hourse. went into orbit around the sun? (Information received
DR. WERNHER VON BRAUN. uce Him so that He can be comprehended offers When the Queen reminded me of the time, | arose _at the time of this writing seems to confirm that they
It is one of the tragedies of our time, that science but further proof of His Greatness. | believe it best and we all shook hands in a very friendly manner. did.)
and religion have become adversaries”, says Dr. if one, through Faith, accepts God as a proof of | was deeply impressed with the firm sincere grasp B…[truncated]",9510,90.8,true,"confidence 90.8/100, extraction likely reliable",psm=4 lang=eng; layout OCR may have column ordering issues
65_hs1-834228961_62-hq-83894_section_10,91,page_0091.png,newspaper_or_print_clipping,tesseract-5.5.2,"124 ufo contact ufo contact

The scientists of all nations called upon the mil- | wish those imaginative reporters could have been
itary in every other nation to aim their atomic miss- present during my interview with Queen Juliana. They
iles at the asteroid and to fire simultaneously. In might have learned something of dignity, kindness
this way the asteroid was destroyed by the same and gentility, from a great woman.who rules her
weapons that had caused its creation. country with wisdom and love.

Representatives of the press were present at the
showing. After it was over, | was asked if such a
thing could happen in real life. | replied that it could
and gave the following explanation:

""The lightning bolt is created from invisible par-
ticles of matter that are fused together by the terr-
ific heat of a natural electrical discharge. It is entirely
possible for the millions of tons of debris that have
been blown into the upper regions of the earth’s
atmosphere to come together and form an artificial
asteroid. The larger the mass of debris, the more
attraction it would have for additional particles.” A proposal to UNO

This picture alerted me to the possibility that rad-
iation and fallout are not the only dangers we might PRESS RELEASE NO. 6.
be facing from our atomic explosions. February 2nd, 1967. New York.

Reports have come from Mexico stating that a RELEASED BY
huge fireball crashed into a mountain just before the Intercontinental UFO Observer and
disastrous earthquake there in August of 1959. Analytic Network,

Recently several planes have reportedly hit objects © Colman VonKeviczky representative, 33-50
from space. Some have survived; others have cras- 75th Street 1C., Jackson Heights, N.Y. 11372. U.S.A.
hed to their doom. Could they have crashed into SUBJECT.
some of the high-energy pockets left by our explos- The Intercontinental UFO Observer and Analytic
ions? Network, representing the globally united scientific

Some of these man-made asteroids burn and…[truncated]",5565,94.0,true,"confidence 94.0/100, extraction likely reliable",psm=4 lang=eng; layout OCR may have column ordering issues
65_hs1-834228961_62-hq-83894_section_10,92,page_0092.png,newspaper_or_print_clipping,tesseract-5.5.2,"128 ufo contact ufo contact 125

fantasy, others think that initially it had some without an angel’s halo. He holds an unseen ""’control to the Conference Special Agencies related to the space and celestial bodies, in article No. VI.
meaning. Two centuries ago the mystery attracted column” and looks behind him as if watching the subject. . all phenomena” observed in space and cel-
the German astronomer, Johan Kepler, while more flight of his fellow-spaceman. Sitting in the space- The proposed representation should be headed by estial bodies to be reported to the Secretary
recently, scientists held an international symposium — ship following is another man, who also has nothing the world’s most highly honored, awarded and res- General in article No. V. is exactly an ""unex-
to discuss the matter. in common with the traditional angel and also has pected scientist in the field of Space and Rockets — plained UFO Article” from article No. V.

But neither Kepler nor contemporary scientists one hand on the ""controls”. the ""father of astronautics’ Prof. Dr. Hermann The enclosure No. 2. clearly shows, that these
found the key to the problem, which may turn out to Both ships have streamlined bodies. Clearly visible Oberth. The team of scientists should be completed articles were not proposed in the original issues of
have an altogether unexpected solution. : jets in their wake accentuate the impression of according to enclosure No. 1. with highly competent the ""Treaty Draft’ by the United States filed 24

In antiquity and the Middle Ages human imaginat- speed. ""The saints in the flying machines are in the scientific UFO researchers whose statements can hours before, — while the USSR filed 20 days after
ion was stirred by an unusual star, now believed to position of pilots”, says the magazine. be screened and verified on the basis of various my Space Security Pact proposal, which had been
be the Star of Bethlehem. The star was alleged to documentation media in possession of our …[truncated]",11016,88.3,true,"confidence 88.3/100, extraction likely reliable",psm=4 lang=eng; layout OCR may have column ordering issues
65_hs1-834228961_62-hq-83894_section_10,93,page_0093.png,newspaper_or_print_clipping,tesseract-5.5.2,"126 ufo contact ufo contact 127

Prof. Dr. Allen J. Hynek astronomer, UFO investig- have a number of his Western contemporaries. The the caves ten times before the sunrise. When at last
ator since 20 years at Air Force. USA. author has spent 30 years collecting evidence to they understood the sign language of the Dropas,

Donald E. Keyhoe US major ret., pioneer UFO res- back up his thesis that intelligent beings from outer they realized that the newcomers had peaceful int-
earcher, founder of NICAP. USA. space have had contact with our Earth. He has entions .. .”

Jacques Vallee mathematician and astronomer of written two books, ""Cosmic Reminiscences in Written
Northwestern University, Mars Map Project. USA. Relics of the Past’, and ""’The Evolution of the Univ-

ing gear. Nor is there any association with the hunt-

ers who, as some scholars assume, used ostrich egg-

shells for helmets. Lotte called the enigmatic figures

Martians.

Another Ham hieroglyph expresses regret over the Describing the ancient drawings on the cave walls
loss of the tribe’s own spaceships during a danger- the French explorer says that one of them depicts
erse and Intelligent Beings.” ous landing in high mountains, and the failure to ""a man appearing from an egg-shaped object cov-
C. PIONEER UFO RESEARCHERS IN GLOBAL With acknowledgements to the ""SPUTNIK” month- build new ones. ered with concentric circles. The object resembles

COVERAGE. ly digest, Jan. 1967, we present the article in two In the opinion of Chinese archaeologists, the an egg, or possibly a snail.”

Arduino Albertini Italian research analyst, editor of parts. Here is Part One, of — Bayan-Kara-Ula hieroglyphs are so mysterious that So the Peruvian legend and the Tassili frescoes
""Clypeus”. SOUTH EUROPE & ASIA MINOR. their interpretation and use for scientific research seem to have much in common. But the parallel does

Dr. Walter Biihler research analyst investigator, oa require the utmost care. not end there. At a later date…[truncated]",10586,88.4,true,"confidence 88.4/100, extraction likely reliable",psm=4 lang=eng; layout OCR may have column ordering issues
65_hs1-834228961_62-hq-83894_section_10,94,page_0094.png,mixed_annotation,tesseract-5.5.2,"Mr. Ra Robinson
809 South Stewart Street
Winchester, Virginia 22601

Dear Mr. Robinson:

Your letter of September 27th, with enclosure,
has been received.

The investigation of Unidentified Flying Objects
is not and never has been a matter that is —— the investiga-
tive ates ras. he Me

you mention 88 hot represent employ Cele sar

Enclosed iss some material oleston ti to the week of
this Bureau which I hope will be of interest to you. Also, the
photograph you forwarded is being returned.

MAILED 19 Sincerely yours,

OCT 3 1967

COMM - FBI

Enclosures (3) ier Lye of >)

Know Your FBI fa le

Dp
The Story of the Federal ‘Bureau. of Investigation

NOTE: Correspondent is hot identifiable in Bufiles. The photograph in
question has previously come to the Bureau's attention and is known to
have appeared in a publication in Europe concerning unidentified flying
objects, .A caption undef the’ photograph alleges two BI Agents are

= Ft, ee dd) ane a eey from outer space down the street.

MAIL ROOM ae TELETYPE unit L_] é .

J, Edgar Hotes",1043,80.2,true,"confidence 80.2/100, extraction likely reliable",psm=3 lang=eng
65_hs1-834228961_62-hq-83894_section_10,95,page_0095.png,mixed_annotation,tesseract-5.5.2,"doHSi9°0-334

Ta 4

a es
4 g Ye
Min apy fel Bol 8 g

2: “py 2 DEPME age raols ven * iy Sy ‘ WI ay

eS 75

JIVIG-GSAIZE3¢

ee",124,24.4,true,"low confidence (24.4/100), may contain noise or degraded scan",psm=3 lang=eng
65_hs1-834228961_62-hq-83894_section_10,96,page_0096.png,typed_text,tesseract-5.5.2,"TRUE COPY

Dear Sirs:
Would you please comment on the enclosed
picture that is marked with an ''X"" and return the picture

with your reply. Thank you.

/s/ Ray Robinson

809 S. Stewart St.
Winchester, Va. 22601",210,94.3,false,"confidence 94.3/100, extraction likely reliable",psm=3 lang=eng
65_hs1-834228961_62-hq-83894_section_10,97,page_0097.png,mixed_annotation,tesseract-5.5.2,,0,95.0,true,"confidence 95.0/100, extraction likely reliable","psm=3 lang=eng; very short extraction (0 chars), possible blank or image-only page"
65_hs1-834228961_62-hq-83894_section_10,98,page_0098.png,mixed_annotation,tesseract-5.5.2,"dOHSI9 G-934

ia ee

q Hy S201 82 4%

}
| ae

WOLIAUIG 22",57,43.3,true,"medium confidence (43.3/100), review recommended for mixed pages",psm=3 lang=eng
65_hs1-834228961_62-hq-83894_section_10,99,page_0099.png,mixed_annotation,tesseract-5.5.2,"Best Possible Image

“y
ENCLOSURE ©*4-",38,74.0,true,"confidence 74.0/100, extraction likely reliable",psm=3 lang=eng
65_hs1-834228961_62-hq-83894_section_10,100,page_0100.png,mixed_annotation,tesseract-5.5.2,"FORM No. 10 $010-107-02
MAY 1962 EDITION

UNITED STATES pee s
Memorandum

DIRECTOR, FBI DATE: 10/10/67

/\

1

SUBJECT: NIDENTIFIED FLYING OBJECTS;
ANONYMOUS INFORMANT
DALLAS, TEXAS, 10/9/67
INFORMATION CONCERNING

Enclosed are six copies of an LHM containing information
of interest to the Air Force. One copy has been furnished to
OSI, Tinker AFB, Oklahoma,

The information in the enclosed LHM was received by
SA EARL O, CULLUM.

No further information is being taken.

id

2.- Bureau (encls-6) 4 lp
A= Dad hee 18 OCT #2 1967

iN oh

\/

(OCT 191

7
5 U.S. Savings Bonds Regularly on the Payroll Savings Plan",611,83.0,true,"confidence 83.0/100, extraction likely reliable",psm=3 lang=eng
65_hs1-834228961_62-hq-83894_section_10,101,page_0101.png,mixed_annotation,tesseract-5.5.2,"2TOAGHO DVL YLT MaaTKY
TVANHOW at YUOKA

Ye\e\or ,

DAIVAZO“VOS

aotismrotal aniaisiaocs MHI ar to esiqoos xte

918 beaolsag
toed enn yqoo 910

991097. 4fLA od oF Faorstni te
eBmoNBKIAO .GHA toxAntT ,Tao

ov padetatut

vd bovisost esw MHI boeolons edt ai aoitsmrotnai oAT

-MUIIUD .O THA

-m9Ass. gniod

tied et notismrotai tedirut

(@-eloas) usetus
erxifisG

39f:",364,42.6,true,"medium confidence (42.6/100), review recommended for mixed pages",psm=3 lang=eng
65_hs1-834228961_62-hq-83894_section_10,102,page_0102.png,mixed_annotation,tesseract-5.5.2,"6

UNITED STATES DEPARTMENT OF JUSTICE

FEDERAL BUREAU OF INVESTIGATION
Dallas, Texas

In Reply, Please Refer to
File No. October 10, 1967

Re: UNIDENTIFIED FLYING OBJECTS;
ANONYMOUS INFORMANT
_ DALLAS, TEXAS.
OCTOBER 9, 1967

Fae

A young white female, who refused to give her name,
appeared at the Dallas FBI Office on October 9, 1967. She
stated she is interested in Unidentified Flying Objects (UFOs)
and has received a quantity of information concerning beings
from outer space. She stated she will not reveal her identity
as she would feel like a fool if this information is not true.
She stated if it is true, however, she will meet with interested
officials and furnish all the information she has, provided
nothing is done to endanger her safety.

She stated in July, 1967, she met a being from another
planet who had assumed earthly form. He gave her certain
information, then he was picked up and departed from the earth
on August 21, 1967. She stated she then received messages from
non-earthly sources in a manner she refused to discuss. She
stated these sources told her of the following:

(1) An antimissile missile was fired at a UFO
over Africa on May 22, 1962, but the UFO
was protected by its ""force field.""

(2) A UFO was detected 22,000 miles from earth by
radar about August 6, 1967.

(3) A UFO was detected over Antartica August 20,
1967.

(4) A UFO was detected over the ""Dewline"" in the
past week and was shot down, and beings from
outer space are trying to recover it.
v
Informant would furnish no further details. She stated
if this information is true, she will knéw other information

This document contains neither recommendations
nor conclusions of the FBI. It is the property
of the FBI and is loaned to your agency. It and
its contents are not to be distributed outside
your agency. J

ye 46 yf

_ ENCLOSURE",1840,93.9,true,"confidence 93.9/100, extraction likely reliable",psm=3 lang=eng
65_hs1-834228961_62-hq-83894_section_10,103,page_0103.png,mixed_annotation,tesseract-5.5.2,"eTORLSO DMLYIT CaLTITHIGIny
THAMAOTAL AUOMYKOMA
@AXAT ,S@ALIAG

omga 198 oviaeo b puts"" iw ,ogismot otidw savoy
91 sVOCL .@ xodoss fo. 99fito Lat esif{sd edd ts borss
(20%U) eatooidO eniylt boititnebiav at boteorstak ei oe bo
epnisd eatntoon notismiotar to yitjasup s bevisoot. esd
= e tesuo mos’

jitmebi to Isovor toa Liltw ode batsie ofc .998G
outs ton 2k notismrotat eidd t& Loot s 9xXitL Lest [uow 92 28
poyeotoini ditw teom Ifiw one .xevewod ,outs ai It ti hotste oda
psbivorq ,esd oe nottemrotat oii fis deintui ts elstofrtrtc
.Viotse ron tegdebno of onob ef vainion

)

tiog s tom-one ,VoeL yx
torn 7g3°5H  .msot vidir ) ees onw
n0xt botasasb bas qu bowoia esrw on 19 . AOL ts Barre
m bevisnet aodd one botsie ica oe@d fs se {
foetb ot beestor ode tonmsm s ak eoox1m0e YI
:saniwolfot orig o ton blo 28EN1UOR 92°

fe bors
ud L8e WRI MO BDITTA
-bisii 10"" eti yd botssto-

bojnoijeb esw

eusu jUOCS

b eBw

botoeseb esw

esw bas 296

IIIf S9ORGES
rsusokal

sortamrotat sodt pot Iii fa .euss ef noLismrotni air:z

lishasmmoos:
teqotq off Lai. of
bark tI -yoroga tuoy of bonmgol
ebfretuo botuditt. sd oF to",1109,43.8,true,"medium confidence (43.8/100), review recommended for mixed pages",psm=3 lang=eng
65_hs1-834228961_62-hq-83894_section_10,104,page_0104.png,mixed_annotation,tesseract-5.5.2,"UNIDENTIFIED FLYING OBJECTS;
ANONYMOUS INFORMANT

DALLAS, TEXAS

OCTOBER 9, 1967

SlHé received is true, and will furnish full details. This will
include information regarding the destruction of a moon explorer
vehicle by beings from outer space, and how those beings shot
down the Russian Cosmonaut.

She stated she fears for her life if it becomes known
she contacted officials, as persons who saw UFOs have died
mysteriously in the past. She stated if Air Force officials
want to contact her she can be reached by a message to a telephone
number she has given an FBI Agent, and she will meet officials
at the Dallas FBI Office only.",635,94.9,true,"confidence 94.9/100, extraction likely reliable",psm=3 lang=eng
65_hs1-834228961_62-hq-83894_section_10,105,page_0105.png,mixed_annotation,tesseract-5.5.2,"@ e

UNITED STATES DEPARTMENT OF JUSTICE
FEDERAL BUREAU OF INVESTIGATION

In Reply, Please Refer to Dallas, Texas
File No. October 10, 1967

Re: UNIDENTIFIED FLYING OBJECTS;
ANONYMOUS INFORMANT
DALLAS, TEXAS

OCTOBER 9, 1967

A young white female, who refused to give her name,
appeared at the Dallas FBI Office on October 9, 1967. She
stated she is interested in Unidentified Flying Objects (UFOs)
and has received a quantity of information concerning beings
from outer space. She stated she will not reveal her identity
as she would feel like a fool if this information is not true.
She stated if it is true, however, she will meet with interested
officials and furnish all the information she has, provided
nothing is done to endanger her safety.

She stated in July, 1967, she met a being from another
planet who had assumed earthly form. He gave her certain
information, then he was picked up and departed from the earth
on August 21, 19397. She stated she then received messages from
non-earthly sources in a manner she refused to discuss. She
stated these sources told her of the following:

(1) An antimissile missile was fired at a UFO
over Africa on May 22, 1962, but the UFO
was protected by its “force field.”

(2) A UFO was detected 22,000 miles from earth by
radar about August 6, 1967.

(3) A UFO was detected over Antartica August 20,
1967.

(4) A UFO was detected over the “Dewline” in the
past week and was shot down, and beings from
outer space are trying to recover it.

Informant would furnish no further details. She stated
if this information is true, she will knOw other information

This document contains neither recommendations
nor conclusions of the FBI. It is the property
of the FBI and is loaned to your agency. It and
its contents are not to be distributed outside
your agency.",1809,94.1,true,"confidence 94.1/100, extraction likely reliable",psm=3 lang=eng
65_hs1-834228961_62-hq-83894_section_10,106,page_0106.png,mixed_annotation,tesseract-5.5.2,"UNIDENTIFIED FLYING OBJECTS ;
ANONYMOUS INFORMANT

DALLAS, TEXAS

OCTOBER 9, 1967

@H@ received is true, and will furnish full details. This will
include information regarding the destruction of a moon explorer
vehicle by beings from cuter space, and how these beings shot
down the Russian Cosmonaut.

She stated she fears for her life if it becomes known
whe contacted officials, as persons who saw UFOs have died
mysteriously in the past. She stated if Air Force officials
want to contact her she cam be reached by a message to a telephone
number she has given an FBI Agent, and she will meet officials
at the Dallas PBI Office only.",635,92.0,true,"confidence 92.0/100, extraction likely reliable",psm=3 lang=eng
65_hs1-834228961_62-hq-83894_section_10,107,page_0107.png,mixed_annotation,tesseract-5.5.2,"UNITED STATES DEPARTMENT OF JUSTICE
FEDERAL BUREAU OF INVESTIGATION

Dallas, Texas
In Reply, Please Refer
Rem ee October 10, 1967

Re: UNIDENTIFIED FLYING OBJECTS;
ANONYMOUS INFORMANT
DALLAS, TEXAS
OCTOBER 9, 1967 0

A young white female, who refused to give her name,
appeared at the Dallas FBI Office on October 9, 1967. She
stated she is interested in Unidentified Flying Objects (UFOs)
and has received a quantity of information concerning beings
from outer space. She stated she will not reveal her identity
as she would feel like a fool if this information is not true.
She stated if it is true, however, she will meet with interested
officials and furnish all the information she has, provided
nothing is done to endanger her safety.

She stated in July, 1967, she met a being from another
planet who had assumed earthly form. He gave her certain
information, then he was picked up and departed from the earth
on August 21, 1967. She stated she then received messages from
non-earthly sources in a manner she refused to discuss. She
stated these sources told her of the following:

(i) An antimissile missile was fired at a UFO
over Africa on May 22, 1962, but the UFO
was protected by its “force field.""

(2) A UFO was detected 22,000 miles from earth by
radar about August 6, 1967.

(3) A UFO was detected over Antartica August 20,
1967.

(4) A UFO was detected over the ""Dewline” in the
past week and was shot down, and beings from
outer space are trying to recover it.

Informant would furnish no further details. She stated
if this information is true, she will knéw other information

This document contains neither recommendations
nor conclusions of the FBI. It is the property
of the FBI and is loaned to your agency. It and
its contents are not to be distributed outside
your agency.",1799,93.6,true,"confidence 93.6/100, extraction likely reliable",psm=3 lang=eng
65_hs1-834228961_62-hq-83894_section_10,108,page_0108.png,mixed_annotation,tesseract-5.5.2,"UNIDENTIFIED FLYING OBJECTS ;
ANONYMOUS INFORMANT

DALLAS, TEXAS
OCTOBER 9, 1967

Sh@ received is true, and will furnish full details. This will
inelude information regarding the destruction of a moon explorer
vehicle by beings from outer space, and how those beings shot
Gewn the Russian Cosmonaut.

She stated she fears for her life if it becomes known
she contacted officials, as persons who saw UFOs have died
mysteriously in the past. She stated if Air Force officials
want to contact her she can be reached by a message to a telephone
number she hag given an FBI Agent, and she will meet officials
at the Dallas FBI Office only.",634,91.9,true,"confidence 91.9/100, extraction likely reliable",psm=3 lang=eng
65_hs1-834228961_62-hq-83894_section_10,109,page_0109.png,mixed_annotation,tesseract-5.5.2,"9 ‘

UNITED STATES DEPARTMENT OF JUSTICE
FEDERAL BUREAU OF INVESTIGATION

In Reply, Please Refer to Dallas, Texas
File No. October 10, 1967

Re: UNIDENTIFIED FLYING OBJECTS;
ANONYMOUS INFORMANT
DALLAS, TEXAS

OCTOBER 9, 1967

A young white female, who refused to give her name,
appeared at the Dallas FBI Office on October 9, 1967. She
stated she is interested in Unidentified Flying Objects (UFOs)
and has received a quantity of information concerning beings
from outer space. She stated she will not reveal her identity
as she would feel like a fool if this information is not true.
She stated if it is true, however, she will meet with interested
officials and furnish all the information she has, provided
nothing is done to endanger her safety.

She stated in July, 1967, she met a being from another
planet who had assumed earthly form. He gave her certain
information, then he was picked up and departed from the earth
on August 21, 1967. She stated she then received messages from
non-earthly sources in a manner she refused to discuss. She
stated these sources told her of the following:

(1) An antimissile missile was fired at a UFO
over Africa on May 22, 1962, but the UFO
was protected by its “force field.”

(2) A UFO was detected 22,000 miles from earth by
radar about August 6, 1967.

(3) A UFO was detected over Antartica August 20,
1967.

(4) A UFO was detected over the ""Dewline” in the
past week and was shot down, and beings from
outer space are trying to recover it.

Informant would furnish no further details. She stated
if this information is true, she will knéw other information

This document contains neither recommendations
nor conclusions of the FBI. It is the property
of the FBI and is loaned to your agency. It and
its contents are not to be distributed outside
your agency.",1808,94.4,true,"confidence 94.4/100, extraction likely reliable",psm=3 lang=eng
65_hs1-834228961_62-hq-83894_section_10,110,page_0110.png,mixed_annotation,tesseract-5.5.2,"UNIDENTIFIED FLYING OBJECTS;
ANONYMOUS INFORMANT

DALLAS, TEXAS

OCTOBER 9, 1967

ShS received is true, and wiil furnish full details. This will
include information regarding the destruction of a moon explorer
vehicle by beings from outer space, and how those beings shot
4o0n the Russian Cosmonaut.

She stated she fears for her life if it becomes known
she contacted officials, as persons who saw UFOs have died
mysteriously in the past. She stated if Air Force officials
want te contact her she can be reached by a message to a telephone
number ghe has given an FBI Agent, and she will meet officials
at the Dallas PSI Office only.",634,88.9,true,"confidence 88.9/100, extraction likely reliable",psm=3 lang=eng
65_hs1-834228961_62-hq-83894_section_10,111,page_0111.png,mixed_annotation,tesseract-5.5.2,"OPTIONAL FORM NO. 10 5010-107-02
MAY 1962 EDITION
~ GSA GEN. REG. NO. 277

-._ ” UNITED STATES GQ@@RNMENT

""Memorartdum

DIRECTOR, FBI 1/23/68
AC, DALLAS (62-1311) (C)

bs
SUBJECT: G IDENTIFIED FLYING OBJECTS
MISCELLANEOUS —-

¢ INFORMATION CONCERNING

There is enclosed for the Bureau e Xerox copy of a
letter dated 11/20/67, from Mr. ROBERT G JAEDWARDS, 1736 Northaven [>
Court, Arlington, Texas 76010, receiv by the Dallas Office on
1/19/68 in an envelope postmarked at Arlington, Texas, 1/17/68.

The enclo; letter reflects the formation of a
subcommittee of tbé‘National Investigations Committee on Aerial
Phenomena (NICAP)’ in the Dallas - Fort Worth area, the purpose
of which organization is to conduct scientific investigation
of fnidentified flying objects. ~7ZY/AS

This letter has been acknowledged and a copy of same
has been furnished OSI, Tinker AFB for its information.

The acknowledgement to Mr. EDWARDS pointed out to him that
information concerning unidentified flying objects received by
this bureau is, by requirement, currently furnished to the U. s.

Air Force. LA .

oa ep

}

. Bureau (ene¥£1)

1 - Dallas 2/ REQ. 7

L/W LV

Sieg 2 1968

Buy U.S. Savings Bonds Regularly on the Payroll Savings Plan
\",1226,82.3,true,"confidence 82.3/100, extraction likely reliable",psm=3 lang=eng
65_hs1-834228961_62-hq-83894_section_10,112,page_0112.png,mixed_annotation,tesseract-5.5.2,"usesitua odd tot boseofons
.O THIEOA- .1M mort
91 ,OL00¥ . asxoTt

ts boarsmi2oq

motrantirti
sqofevas as at
to nottsmiot oft etooftor

no 9975 fmMmGI
seoqiud oft

rotstol bseolons onl

enotissiseoval Isnotish odd to cots immoodue

~noxB AT1OW FrotT - agligd sdi at (GADIU). seomonodg
Joubsoo ot ei noftftexstasrto dotdw to

ijseitesvali orttiaetoe ai
enivlt boititasbias t

~atS9 o

yqoo s bis boabolwonsos nood

esd tostel ead
.aottsmrotear ett rot ais

s9xaaiT .Ie0 bodetoaryt assd esti

ot tuo bedatiac INAWGE . oy tno bolwontos ol
aivit bottistnobiau gatasesomoo
yvitnerio

boeviooss nofsagmotas
usotud
,so10%. rks

sdt ot ~itemetiupst yd .et",647,43.9,true,"medium confidence (43.9/100), review recommended for mixed pages",psm=3 lang=eng
65_hs1-834228961_62-hq-83894_section_10,113,page_0113.png,typed_text,tesseract-5.5.2,"20 November 1967

Robert G. Edwards
1736 Northaven Court
Arlington, Texas 76010

Request for Information on Sightings of Unidentified Aerial
Phenomena in the Dallas-Ft. Worth Area

1. A subcommittee of the National Investigations Committee on -
Aerial Phenonema, (NICAP), has recently been established in the Dallas -
Ft. Worth area. NICAP ‘isa private, non-profit organization directed by
Major D. E._Keyhoe,..USMC (Ret) from the National Headquarters in
Washington, D. C. The purpose of the organization is to conduct scientific
investigation of Unidentified Flying Objects. It now has 14, 000 associate
members in 50 states. The organization is not interested in the alleged
psychic, occult, mystical, or religious aspects of UFO phenomena.

2. NICAP subcommittees, of which there are 30 in the United
States, are composed of qualified individuals in technical or investigative
fields, who are selected and appointed by the Washington office.

3. NICAP is currently working closely with the Colorado Project,
a comprehensive study of UFO's begun in November 1966, by a group of
distinguished scientists at the University of Colorado under a U. S. Air
Force contract.

4, The local subcommittee earnestly solicits your support in
reporting to the Committee Chairman any UFO sightings occuring in this
area. It is especially important that the NICAP committee be contacted
immediately in cases of reported UFO sightings where photographs have
been taken or physical evidence remains after the observation.

Robert G. Edwards
Subcommittee Chairman
Texas Unit #2

Phone CR 5-1784",1578,92.4,false,"confidence 92.4/100, extraction likely reliable",psm=3 lang=eng
65_hs1-834228961_62-hq-83894_section_10,114,page_0114.png,mixed_annotation,tesseract-5.5.2,"Lo (, March 19, 1968

Mr. Glenn Evans
Route 4
Waterloo, Illinois 62298

Dear Mr. Evans:

Your letter of March 14th, with enclosure, has
been received.

The investigation of Unidentified Flying Objects
is not and never has been a matter that is within the investiga-
tive jurisdiction of the FBI. I can assure you the photograph
you mentioned does not represent employees of this Bureau.

Sincerely yours,

J. Edgar Hoover

John Edgar Hoover
Director

NOTE: Bufiles contain no record of correspondent. The photograph
in question has previously come to the Bureau's attention and is known
to have appeared in a publication;in Europe concerning an ‘Wnidentified
flying (objects, A caption,under the photograph alleges two FBI Agents
are leading a person from outer space down the street.

ED:mew NY

i

MAIL hoon TELETYPE UNIT Ea)",827,90.6,true,"confidence 90.6/100, extraction likely reliable",psm=3 lang=eng
65_hs1-834228961_62-hq-83894_section_10,115,page_0115.png,mixed_annotation,tesseract-5.5.2,"\ 12 \

1a4

wOOU QNIGVIY A IIY

4. Hv 80 11 1 8H",49,34.1,true,"low confidence (34.1/100), may contain noise or degraded scan",psm=3 lang=eng
65_hs1-834228961_62-hq-83894_section_10,116,page_0116.png,mixed_annotation,tesseract-5.5.2,"TRUE COPY

Dear Sir Fi

My name is Glenn Evans I work for the-United
Saucer Hunter Organization, I am writting this in regard to
a report that the FB.I had captured a saucer occupant this was
published in a flying saucer mag. along with a photo of two
alleged FBI agents and a saucer occupant. is this true? does
the FBI really have a saucer man?

Very truly
/s/

Glenn Evans

MAR 19 1968

aa .",394,91.8,true,"confidence 91.8/100, extraction likely reliable",psm=3 lang=eng
65_hs1-834228961_62-hq-83894_section_10,117,page_0117.png,typed_text,tesseract-5.5.2,,0,95.0,true,"confidence 95.0/100, extraction likely reliable","psm=3 lang=eng; very short extraction (0 chars), possible blank or image-only page"
65_hs1-834228961_62-hq-83894_section_10,118,page_0118.png,mixed_annotation,tesseract-5.5.2,,0,95.0,true,"confidence 95.0/100, extraction likely reliable","psm=3 lang=eng; very short extraction (0 chars), possible blank or image-only page"
65_hs1-834228961_62-hq-83894_section_10,119,page_0119.png,newspaper_or_print_clipping,tesseract-5.5.2,"U.S.H.O.

UNITED SAUCER HUNTER ORGANIZATION

BOB ZANOTI GLENN EVANS
WFMC Rapdio RURAL ROUTE 4
W. VIRGINIA WATERLOO, ILLINOIS

io Z 2",132,81.7,true,"confidence 81.7/100, extraction likely reliable",psm=4 lang=eng; layout OCR may have column ordering issues
65_hs1-834228961_62-hq-83894_section_10,120,page_0120.png,typed_text,tesseract-5.5.2,,0,95.0,true,"confidence 95.0/100, extraction likely reliable","psm=3 lang=eng; very short extraction (0 chars), possible blank or image-only page"
65_hs1-834228961_62-hq-83894_section_10,121,page_0121.png,mixed_annotation,tesseract-5.5.2,"March 18, 1968
“GG J3u

Miss Jane New
1304 Descanso\Drive

La Canada, California 91011

AIRMAIL

Dear Miss Ferry:
I have received your letter of March 15th.
Although I would like to be of assistance, matters

pertaining to Unidentified Flying Objects are not within the
jurisdiction of the FBI.

Iam referring a copy of your communication to
the Director of Special Investigations, The Inspector General,
Department of the Air Force, Washington, D. C. 20333 for any
help he is in a position to offer you.

Sincerely yours,

J, Edgar Hoover

NOTE: Correspondent could not identified in Bufiles.
SAW:mer (3)",605,93.0,true,"confidence 93.0/100, extraction likely reliable",psm=3 lang=eng
65_hs1-834228961_62-hq-83894_section_10,122,page_0122.png,mixed_annotation,tesseract-5.5.2,"nw0O0u ONIGVaN--0,934

Ge He TLE bl Mh
rah",42,32.0,true,"low confidence (32.0/100), may contain noise or degraded scan",psm=3 lang=eng
65_hs1-834228961_62-hq-83894_section_10,123,page_0123.png,mixed_annotation,tesseract-5.5.2,"TRUE COPY

Dear Sir, if LS Ad

Iam a student at Glendale City College in Glendale,
California. This semester I'm doing a research paper on U. F. O.'s.
I was wondering if you could send me any information you might have
regarding the U. F. O. controversy. I would appreciate it very much
if you could send me this information before March 20th as I would
like to get started as soon as possible. Thank you very much for your
time.

Sincerely yours,
Jane Ferry «
1304 Descanso Drive Z
La Canada, Calif. 91011
P.S, If you can't possibly get the information to me by the 20th,

I would appreciate it if it was sent to me as close to that date as
possible.

9 MAR 19 1968

— ae 2)

if",679,91.1,true,"confidence 91.1/100, extraction likely reliable",psm=3 lang=eng
65_hs1-834228961_62-hq-83894_section_10,124,page_0124.png,mixed_annotation,tesseract-5.5.2,"Your CaM {

UY
é rf

24, ) pould anpriuercate Zz A
A, 0 Wout opprtra Cae

Lom Aes ALot dots",91,39.4,true,"low confidence (39.4/100), may contain noise or degraded scan",psm=3 lang=eng
65_hs1-834228961_62-hq-83894_section_10,125,page_0125.png,mixed_annotation,tesseract-5.5.2,,0,95.0,true,"confidence 95.0/100, extraction likely reliable","psm=3 lang=eng; very short extraction (0 chars), possible blank or image-only page"
65_hs1-834228961_62-hq-83894_section_10,126,page_0126.png,typed_text,tesseract-5.5.2,"bs pp asl ee | iS Cf
62Q- §388 74 - POE 767

CHANGED TO

. me
A) 17 Q.2 .
Cie SS /2X¢ L2AZ a SSD

MAY 291968",108,37.7,true,"low confidence (37.7/100), may contain noise or degraded scan",psm=3 lang=eng
65_hs1-834228961_62-hq-83894_section_10,127,page_0127.png,mixed_annotation,tesseract-5.5.2,"March 19, 1969

John Edgar Hoover

United States Department of Justice
*Federal Bureau of Investigation
Washington 25, D.C.

Dear Mr, Hoover:

December 7, 1963, I observed in the sky at Moorestown, New Jersey, an
umasual object and its unusual behavior. On December 8, 1963, just

2h hours later at Elkton, Maryland, the Pan American Aircraft with 73
passengers and a crew of eight perished when this aircraft exploded in
mid air and crashed,

I sent a tape recording of the observation I had made on December 7,
to Mr. J. Edgar Hoover and associated this object with the crash of
this plane. Mr. Hoover informed me that the Civil Aeronautics Board
was investigating this disaster and what I had sent to him would be
forwarded to them, the C.A.B.

fis
In the month of March, 1965, the C.A.B., released a report that this!/
accident and cause was due to a lightning strike,

I protested to Senator Case of New Jersey. Senator Case mailed me
the official report by the C.A.B., along with a letter by a Mr. John
Dregge, Director Community and Congressional Relations.

Upon reading the Official C.A.B. report on this accident and also
this letter I have come to the conclusion that neither the C.A.B. or
the writer of this letter know what they are talking about and have
missed the point completely.

I claimed that the object which I seen was laying air mines and
that this aircraft was destroyed by contact with one of these mines.

To substantiate my claim I would refer you to page 8 line 20 to line

2 inclusive of this report File #1-0015. Boeing 707-121 N709PA Pan
American World Airways, Inc., near Elkton, Maryland, December 8,

phe. Rec ok LEE : a

ORUREEON DENS?

SSAPR4 1969",1684,91.6,true,"confidence 91.6/100, extraction likely reliable",psm=3 lang=eng
65_hs1-834228961_62-hq-83894_section_10,128,page_0128.png,mixed_annotation,tesseract-5.5.2,"ga Hy tL bo

1 orn

Mesh '",26,30.0,true,"low confidence (30.0/100), may contain noise or degraded scan","psm=3 lang=eng; very short extraction (26 chars), possible blank or image-only page"
65_hs1-834228961_62-hq-83894_section_10,129,page_0129.png,mixed_annotation,tesseract-5.5.2,"wage 8 line 20 to line 25 inclusive reads as follows:

(Metal splatters on the leading edge of the horizontal stabilizer were
identified by spectrographic analysis as being formed from two
different aluminum alloys. However, these alloys could not be
identified since the chemical composition of the deposits did not
conform to any alloy used in the airplane. The long axis of the
deposits varied from 18 degrees inboard to degrees outboard.)

On July 18, 196), I made another observation, the details of which
I sent to Harvard College Observatory, Cambridge, Mass. (This
sighting was Astronomical not a man made object), a copy of their
return letter is enclosed,

Somehow both of these observations had something in common, the
color. I proceeded to experiment and have arrived at the following
conclusions, after several hundred experiments had taken place.

I have bought books on Astronomy and also books on Flying Saucers.
I know that this object was not astronomical in any way nor was it a
Flying Saucer,

This object was a cleverly design missle camouflaged to appear as a
Meteor or as a Flying Saucer.

However, this missle failed to operate as planned that is how I was

able to see the complete details of the color and also the design,
which I furnished to the government. I also know why this design
was used and also why the colors were arranged as they were. My
experiments proved this.

Thru my experiments I have been able to determine the following:

Where they get the tremendous speed from.

The wobbling effect they have on occasion.
Appearing to osGillate about their vertical axis.
Why they make no noise, condensation, or exhaust.
Whoshing and wheezing, humming noise on occasions.
Different colors they have.

Pulsating light.-Luminous appearance,

Different forms and shape.

These objects are constantly being sent over both the North and South
Americas by Russia, Anyone seeing these objects are instantly
responsive as to a flying saucer. Subjected to ridicule if this …[truncated]",2060,94.6,true,"confidence 94.6/100, extraction likely reliable",psm=3 lang=eng
65_hs1-834228961_62-hq-83894_section_10,131,page_0131.png,mixed_annotation,tesseract-5.5.2,"J

. eka!
AdOO} c

HARVARD COLLEGE OBSERVATORY
CAMBRIDGE 38, MASSACHUSETTS
July 28, 1964

Mr. Edward A. Stewart, Jr.
152 Mount Holly Avenue
Mount Holly, New Jersey

Dear Mr. Stewart:

The object you saw was a bright meteor, sometimes
called a ""fireball"" or a""bolide"". Almost all very
bright meteors are small bodies moving in orbits rather
like the orbits of asteroids, and probably are fragments
of asteroids. The direction of motion of your meteor
is consistent with that sort of orbit. A good many
bright meteors strike the earth each day, but most go
unnoticed. We have received another report of the same
meteor from Wilmington, Delaware.

I am sending your observation to the Moonwatch
Division of the Smithsonian Astrophysical Observatory
here in Cambridge, which has a continuing program for
analysis of visual observations of bright meteors.
Since it is very rarely possible for the professional
astronomer to observe these meteors, most of what is
known about them depends on this sort of lucky chance.

Sincerely yours,

Richard B.ySouthworth",1053,92.8,true,"confidence 92.8/100, extraction likely reliable",psm=3 lang=eng
65_hs1-834228961_62-hq-83894_section_10,132,page_0132.png,mixed_annotation,tesseract-5.5.2,"May 7, 1969

/
rps

Mr. Lon M) me
Eastern Representative

“National Investigations Committee

on Unidentified Flying Objects
77 Gless Avenue
Belleville, New Jersey 07109

Dear Mr. Cerame:

I have received your letter of April 30th
concerning an article you are preparing on Aerial Phenomena.

Although I would like to be of assistance, matters
pertaining to Unidentified Flying Objects and Aerial Phenomena
are not within the jurisdiction of the FBI. I regret we are unable
to be of help.

Sincerely yours,

J, Edgar Hoover

NOTE: Our files contain no information identifiable with correspondent,

JCF :pls, (5)

\
\

myn ie ee |e
MAILED 10 Saale
MAY ‘7 ~ 1969

COMM-FBI

f

WZ.

6g TELETYPE unit L_",699,84.6,true,"confidence 84.6/100, extraction likely reliable",psm=3 lang=eng
65_hs1-834228961_62-hq-83894_section_10,133,page_0133.png,mixed_annotation,tesseract-5.5.2,"dOHSI8 0-938

wy 1 84",21,65.0,true,"confidence 65.0/100, extraction likely reliable","psm=3 lang=eng; very short extraction (21 chars), possible blank or image-only page"
65_hs1-834228961_62-hq-83894_section_10,135,page_0135.png,mixed_annotation,tesseract-5.5.2,"§8
s\ §
; swe

He
g",19,52.4,true,"medium confidence (52.4/100), review recommended for mixed pages","psm=3 lang=eng; very short extraction (19 chars), possible blank or image-only page"
65_hs1-834228961_62-hq-83894_section_10,136,page_0136.png,typed_text,tesseract-5.5.2,"OPTIONAL FORM NO. 10 5010-106
MAY 1962 EDITION

GSA GEN. REG. NO. 27

UNITED STATES GOVERNMENT

Memorandum

Mr. Gale Won DATE: 5/16/69

*

W. V. Clevelan

SUBJECT: FORREST E7\ WOOD
4267 E. Compton Boulevard
Compton, California
Telephone No. 635-6372
INFORMATION CONCERNING

Mr. Wood telephonically contacted the Bureau at

12:50 a.m. 5/16/69 and spoke with SA Stephen F. McInerney,
Special Investigative Division.

saucers

Wood stated he is a former CIA Agent and wanted
.to report to the Director that recently he has been seeing
“flying/objects. He requested that the Director call him on

69 concerning this matter. He was advised that

Mr. Hoover would be unavailable.

From Wood's tone of voice it appeared he was
intoxicated. He advised that he was recently discharged
as a patient from the psycho ward of a Veteran's hospital. ]
Information in Bureau indices (66-3182-8679) .
indicates individual possibly identical with captioned
subject called Bureau 5/1/69, at which time he rambled
about numerous subjects and his speech indicated he had
been drinking. At that time no record identifiable with
Wood was located in Bureau files.

ACTION: For information. A check is being made with CIA
to determine if they have a former agent identical with Wood.*

e S27 _.
Miss Holmes we lik cn 47a.
Mr. DeLoach * Liaison Agent Papich caused complete

Mr. Bishop search of CIA indices regarding Wood
Mr. Gale with negative results. WVC:pnh

Mr. Cleveland 19 1969
Mr. McInerney ve y-103 10 MAY |1
» —

£ |

tt",1505,88.3,false,"confidence 88.3/100, extraction likely reliable",psm=3 lang=eng
65_hs1-834228961_62-hq-83894_section_10,137,page_0137.png,mixed_annotation,tesseract-5.5.2,,0,95.0,true,"confidence 95.0/100, extraction likely reliable","psm=3 lang=eng; very short extraction (0 chars), possible blank or image-only page"
65_hs1-834228961_62-hq-83894_section_10,138,page_0138.png,mixed_annotation,tesseract-5.5.2,"(|

J

EX-100

MAY 2 11969

May 21, 1969
473

Mr. Larr hens
Route 12, Box 206

Del City, Oklahoma 73115
Dear Mr. Stephens:
Mr. Hoover read your letter received on May 19th.

He asked that I advise you that the FBI has no infor-
mation it can send to you regarding the rumors you have heard. He
also asked that I furnish you the enclosed publications concerning
our organization.

A copy of your communication is being forwarded to
the Office of Special Investigations, Department of the Air Force,
Washington, D. C., to which its contents may be of interest.

Sincerely yours,

/

a |

77
Y

Helen W. Gandy
Secretary

Enclosures (2)
Know Your FBI
99 facts about the FBI vb
1 - Oklahoma City - Enclosure
Attention SAC: Correspondent is not identifiable in Bufiles.

NOTE: A copy of correspondent's letter is being furnished to the Office
of Special Investigations, Department of the Air Force, by form.

DCL:llk (4) i , ee

Talal

Matt ROOM LJ rengtyee unit L_",959,89.4,true,"confidence 89.4/100, extraction likely reliable",psm=3 lang=eng
65_hs1-834228961_62-hq-83894_section_10,139,page_0139.png,mixed_annotation,tesseract-5.5.2,,0,95.0,true,"confidence 95.0/100, extraction likely reliable","psm=3 lang=eng; very short extraction (0 chars), possible blank or image-only page"
65_hs1-834228961_62-hq-83894_section_10,140,page_0140.png,typed_text,tesseract-5.5.2,"a

TRUE COPY

May 14, 1969 Rt. 12 Box 206
Del City, Okla. 73115

Federal Bureau of Investigation
Penn. Ave. & 9th. NW.
Wash., D.C. 19806

Dear Sirs; f Va

There currently are rumors over the grapevine and
in print that suggest men with oriental features wearing dark clothes go
around terrorizing people who have had close-up views of UFO's.
It is also rumored these creatures have impersonated armed forces officers
and FBI investigators. They are supposed to ride around in black or dark
automobiles that either have old licence tags or none at all. Several are
reported to have attemped to run down witnesses of UFO sightings, made
disturbingzalmost macabre phone calls, silenced several investigators who
were supposed to have learned some dark secret about extraterrestial craft
or mission plans and epened mail, tapped telephones and even taken pictures
of several homes where UFO witnesses lived.

Can you give me any information on such rumors? Or can you
refer me to a source whose facilities can answer my questions?

this information will help settle some disturbing questions
the readers of my articles. Personally I am not sure at all whether I can
fully accept these rumours as facts. I need more information.

Any information you supply can ease the worries of people
who feel that the objects unknown they see in the sky may portend the visit
of a mysterious visitor.

, Yours Truly,
ge tera"" 2 (74
/s/ Mr. Talent J 7 ty?

P.S. If there are any pamphets covering tht “FETs 'RActions you feel I
will need, please send them along.

—",1547,92.1,false,"confidence 92.1/100, extraction likely reliable",psm=3 lang=eng
65_hs1-834228961_62-hq-83894_section_10,141,page_0141.png,mixed_annotation,tesseract-5.5.2,"»
Moxy 14,1969

Werk, OC. 19906

coh, cDettiins bile opti dee whe bee Dsl

eat Ce ppd Lo rrole around dn
Auw clounn uctreite o wea nga, seacle baturten.
i epenecl scribed, tedden fade to ee
GESTS a mingles se unttmerd eas

tn pet a ”",233,30.7,true,"low confidence (30.7/100), may contain noise or degraded scan",psm=3 lang=eng
65_hs1-834228961_62-hq-83894_section_10,142,page_0142.png,mixed_annotation,tesseract-5.5.2,"69. HY eS 6
7 & 61M",19,54.4,true,"medium confidence (54.4/100), review recommended for mixed pages","psm=3 lang=eng; very short extraction (19 chars), possible blank or image-only page"
65_hs1-834228961_62-hq-83894_section_10,143,page_0143.png,mixed_annotation,tesseract-5.5.2,"Dp a
eset ;
a et ee at
Mel more 10 fat veepend
LO ise whe
Phy ae the

Ce yt lf pe
AMAA),
‘ee ee

a

(ZA
eto) pap nigga Tes",122,32.4,true,"low confidence (32.4/100), may contain noise or degraded scan",psm=3 lang=eng
65_hs1-834228961_62-hq-83894_section_10,144,page_0144.png,mixed_annotation,tesseract-5.5.2,0936 Date: 04-14-2026,21,95.0,true,"confidence 95.0/100, extraction likely reliable","psm=3 lang=eng; very short extraction (21 chars), possible blank or image-only page"
65_hs1-834228961_62-hq-83894_section_10,145,page_0145.png,mixed_annotation,tesseract-5.5.2,"October 13, 1969

y LY AATEEAIE!
aa

Mr. Paul Brassington
UFO Astronomer Club
94 Dreyer Drive

Ajax, Ontario, Canada

Dear Paul: ee 7 :

Zl
S5
(

The letter from you, : Stephen Smith and Gary

/Hargreaves was received on October 8th.

¢

The investigation of Unidentified Flying Objects is not
and never has been a matter that is within the investigative jurisdiction
of the FBI. I can assure you the photograph you mentioned does not
represent employees of this Bureau.

Enclosed is some material relating to the work of this
Bureau which I hope will be of interest to you.

Sincerely yours,
MAILED 4.

OCT 13 1969 7 Bagar Hoover y’
COMM-FBI

Enclosures (6)
3 copies of The Story of the FBI
3 copies of 99 Facts About the FBI

NOTE: Correspondents are not identifiable in Bufiles. The photograph in
question has previously come to the Bureau's attention and is known to have
appeared in a publication in Europe concerning unidentified flying objects.
A caption under the photograph alleges two FBI Agents are leading a person
from outer space down the street.

tet

fit a

CI",1076,89.1,true,"confidence 89.1/100, extraction likely reliable",psm=3 lang=eng
65_hs1-834228961_62-hq-83894_section_10,146,page_0146.png,mixed_annotation,tesseract-5.5.2,Je AV ST UF ot I,16,49.3,true,"medium confidence (49.3/100), review recommended for mixed pages","psm=3 lang=eng; very short extraction (16 chars), possible blank or image-only page"
65_hs1-834228961_62-hq-83894_section_10,148,page_0148.png,mixed_annotation,tesseract-5.5.2,"jae g¢ 4
A ‘~",13,54.3,true,"medium confidence (54.3/100), review recommended for mixed pages","psm=3 lang=eng; very short extraction (13 chars), possible blank or image-only page"
65_hs1-834228961_62-hq-83894_section_10,150,page_0150.png,typed_text,tesseract-5.5.2,,0,95.0,true,"confidence 95.0/100, extraction likely reliable","psm=3 lang=eng; very short extraction (0 chars), possible blank or image-only page"
65_hs1-834228961_62-hq-83894_section_10,151,page_0151.png,typed_text,tesseract-5.5.2,")

June 20, 1972

¢

THE PENTAGON
Washington, D.C.

Dear Sirs:

4

In approximately seven months or .January, 1972, certain copies of top-secret
documents shall be sent to the New York Times as well as two other newspapers.
These documents are related agond will be an ostentation of t involvement of the
pentagon in the controversial Unidentified Flying Objects"" or ""EL ing Saucer""
subject. It will show that not “only the U.S. Air Force was involved in UFO research
but the other military branches as well.

Analysis and the actual conclusions of the classic UFO cases shall be revealed.
This shall be accomplished by zeroxed documents and photographs that General
Wolfe had reviewed when he was head of the Army's UFO support program in the
Pentagon during the Eisenhower years.

Sorry, but it is concluded here that this is the best course to take because

we feel that the secret UFO investigations are parallel in nature to the Times-
Pentagon Vietnam controversy. If we are wrong in taking this action, time will tell

g2 AUG

_——_———

ts fies, ~ NO R71 COMEMY LATED",1073,89.2,false,"confidence 89.2/100, extraction likely reliable",psm=3 lang=eng
65_hs1-834228961_62-hq-83894_section_10,152,page_0152.png,mixed_annotation,tesseract-5.5.2,"»

February 23, 1972

Miss Mary Beth Martine

Box 463, Oak Street

Westmoreland City, Pennsylvania 15692
Dear Miss Martine:

I regret that I am unable to comment as you requested
in your letter of February 15th. The investigation of Unidentified _
Flying Objects is not and never has been a matter that is within the
investigative jurisdiction of the FBI.

Sincerely yours,

J, Edgar Hoover

John Edgar Hoover
Director

NOTE: Bufiles reflect no record of correspondent.

MLN;je (3)
P fet

We
ah

oa AAT ‘
60 MAR 2

MAIL ROOM [__] | TELETYPE UNIT C_]",549,88.3,true,"confidence 88.3/100, extraction likely reliable",psm=3 lang=eng
65_hs1-834228961_62-hq-83894_section_10,153,page_0153.png,mixed_annotation,tesseract-5.5.2,"se sit f}

1G-03Na<

au

dl. i",30,44.2,true,"medium confidence (44.2/100), review recommended for mixed pages",psm=3 lang=eng
65_hs1-834228961_62-hq-83894_section_10,154,page_0154.png,typed_text,tesseract-5.5.2,"TRUE COPY

Box 463 Oak Street
Westmoreland City, Pa.
15692

February 15, 1972

Dear Mr. Hoover,

I would please like your opinion on U. F. O's. whether or
not you think they exist or not.

Sincerely,

Mary Beth Martine

5

4
5

' yr,
truecopy “8 6g- 63974 S/o

ne _  )

—— 4

S Fes o4 1972

“ pee",296,71.1,false,"confidence 71.1/100, extraction likely reliable",psm=3 lang=eng
65_hs1-834228961_62-hq-83894_section_10,155,page_0155.png,typed_text,tesseract-5.5.2,"cm AUS de —
is Ss VIVA
rN

Doon oe a:
No nin Orn ""QL Fe Ys, nes AGN CW
in Noo your Set NN OMY awe Hs Ow

mo

“Mei “Nii

QHUIIN.2",128,35.9,true,"low confidence (35.9/100), may contain noise or degraded scan",psm=3 lang=eng
65_hs1-834228961_62-hq-83894_section_10,156,page_0156.png,typed_text,tesseract-5.5.2,n\ 934,6,61.7,true,"confidence 61.7/100, extraction likely reliable","psm=3 lang=eng; very short extraction (6 chars), possible blank or image-only page"
65_hs1-834228961_62-hq-83894_section_10,157,page_0157.png,mixed_annotation,tesseract-5.5.2,".

OFFICE OF THE festsT 4 4!EF OF STAFF FOR INTELLIGENCE

WAS. TON. 0.C. 20310

DEPARTS »: OF THE ARMY

DAMI-DOI-S_— , _ Date: 23 July 1971

£02

X] FBI Attn: LNO MR. capi, RM 1012, 9th & D

[

{ ] CIA Attn: LNO

[ ] USSS Attn: LNO

[ ] GIaD

{ JNIS

{ ] OSI

{ ] USAINTC Attn: Dir of Inves
f 1 USATRR

{ j DIA Attn: DS-6A

{ ] USASA Attn: Dir of a”
[

]
Mi
] Attached forwarded for your information.
Attached forwarded for appropriate action.
No further action contemplated by this office.

Your office will be kept informed of status
of this case.

Cys Furnished: ALFRED G. KEGGINS
/ LTC, GS
— CHIEF, CI DIVISION

ACSI. Form 343
21 Jan 71

The office symbols for OACSI
which will appear in AR 340- 12
are obsolete due to a reorgani-
zation of OACSI. Please use
office symbol that appears on
this correspondence in
correspondence addressed to
this office.",856,85.2,true,"confidence 85.2/100, extraction likely reliable",psm=3 lang=eng
65_hs1-834228961_62-hq-83894_section_10,159,page_0159.png,mixed_annotation,tesseract-5.5.2,"me Te

bbe nogebaten NO. 10 é

GSA FPMR (41 CFR) 101-11.6

UNITED STAT: GOVERNMENT
Memorandum

ACTING DIRECTOR, FBI : 3/20/73
Nf ee ——
SAN ANTONIO (62-0)

DAVE T. OZANNE
INFORMATION CONCERNING | ;
a py

00: SAN ANTONIO }

Enclosed for the Bureau are four copies of an
LHM reflecting information provided by Sgt. PAUL STIGLIANO,
United States Air Force, Recruiting Depot, Waco, Texas
concerning the subject. One copy of LHM is also being
furnished to Dallas.

This information is being furnished to the Bureau
for proper déassemination to the military due to the partic- 4
ular request made by the subject concerning UFO (unidentifie a
flying objects).

Interview of Sgt. STIGLIANO was conducted by SA
RICHARD T. JESINGER of the FBI in Waco, Texas on 3/9/73.

—— eee

22 mar 251973 |

ee |

Bureau (Encl. 4) itl T bb

Dallas (Enel. 1) | —oa
1 - San Antonio : ie fon Jotnery
A? 4
RTJ/jak /, cog of nck Yo Lem
ra ) Abbe a

glock hageres Chek
¢

27 pam
1973

Buy U.S. Savings Bonds Regularly on the Payroll Savings Plan

5010-108-02",1028,77.2,true,"confidence 77.2/100, extraction likely reliable",psm=3 lang=eng
65_hs1-834228961_62-hq-83894_section_10,160,page_0160.png,typed_text,tesseract-5.5.2,,0,95.0,true,"confidence 95.0/100, extraction likely reliable","psm=3 lang=eng; very short extraction (0 chars), possible blank or image-only page"
65_hs1-834228961_62-hq-83894_section_10,161,page_0161.png,mixed_annotation,tesseract-5.5.2,"In Reply, Please Refer to
File No.

Lge STATES DEPARTMENT Or@srice

FEDERAL BUREAU OF INVESTIGATION

San Antonio, Texas

March 20, 1973

DAVE T. OZANNE

On March 9, 1973, Sergeant Paul Stigliano, United
States Air Force, Recruiting Office, Professional Building,
Waco, Texas, advised that a man identifying himself as Dave
T. Ozanne contacted the night-shift supervisor at the Waco
Tribune Newspaper, and inquired regarding any information
the newspaper could be able to furnish him concerning any
unidentified flying objects observed in the Waco, Texas area.
Ozanne had identified himself as a Captain in the United States
Air Force. Ozanne was described as having on an Air Force
uniform with a chaplain' s badge on the uniform. Ozanne also
had in his possession at the time a folder marked Top Secret
which contained pictures of various military installations
No specific information concerning these photos could be
provided by Sergeant Stigliano.

Sergeant Stigliano stated that when Ozanne was
informed that they could provide no information to him he
left his card which contained his name and the following
information:

| JAVE ba MALL

Address: 3911 Bowser, Apartment 209,

por Dallas, Texas

Phone: 526-5908

Sergeant Stigliano advised that the individual did
not act in any strange manner, and did not attempt to obtain
anything other than information from the newspaper. Sergeant
Stigliano advised that this information was being furnished
to the proper authorities only for information purposes as
they do not suspect any unlawful activity.

This document contains neither recommendations nor
conclusions of the FBI. It is the property of the FBI and
is loaned to your agency; it and its contents are not to be
distributed outside your agency.

1%

ENGLOSU:",1770,93.8,true,"confidence 93.8/100, extraction likely reliable",psm=3 lang=eng
65_hs1-834228961_62-hq-83894_section_10,162,page_0162.png,mixed_annotation,tesseract-5.5.2,"In Reply, Please Refer to

File No.

ue STATES DEPARTMENT or @srce

FEDERAL BUREAU OF INVESTIGATION

San Antonio, Texas

March 20, 1973

DAVE T. OZANNE

On March 9, 1973, Sergeant Paul Stigliano, United
States Air Force, Recruiting Office, Professional Building,
Waco, Texas, advised that a man identifying himself as Dave
T, Ozanne contacted the night-shift supervisor at the Waco
Tribune Newspaper, and inquired regarding any information
the newspaper could be able to furnish him concerning any
unidentified flying objects observed in the Waco, Texas area.
Ozanne had identified himself as a Captain in the United States
Air Force. Ozanne was described as having on an Air Force
uniform with a chaplain's badge on the uniform. Ozanne also
had in his possession at the time a folder marked Top Secret
which contained pictures of various military installations.
No specific information concerning these photos could be
provided by Sergeant Stigliano.

Sergeant Stigliano stated that when Ozanne was
informed that they could provide no information to him he
left his card which contained his name and the following
information:

Address: 3911 Bowser, Apartment 209,
per Dallas, Texas
Phone: 526-5908

Sergeant Stigliano advised that the individual did
not act in any strange manner, and did not attempt to obtain
anything other than information from the newspaper. Sergeant
Stigliano advised that this information was being furnished
to the proper authorities only for information purposes as
they do not suspect any unlawful activity.

This document contains neither recommendations nor
conclusions of the FBI. It is the property of the FSI and
is loaned to your agency; it and its contents are not to be
distributed outside your agency.",1738,94.4,true,"confidence 94.4/100, extraction likely reliable",psm=3 lang=eng
65_hs1-834228961_62-hq-83894_section_10,163,page_0163.png,mixed_annotation,tesseract-5.5.2,"Ueno STATES DEPARTMENT or Qstice

FEDERAL BUREAU OF INVESTIGATION

San Antonio, Texas

In Reply, Please Refer to

File No.

March 20, 1973

DAVE T. OZANNE

On March 9, 1973, Sergeant Paul Stigliano, United
States Air Force, Recruiting Office, Professional Building,
Waco, Texas, advised that a man identifying himself as Dave
T, Ozanne contacted the night-shift supervisor at the Waco
Tribune Newspaper, and inquired regarding any information
the newspaper could be able to furnish him concerning any
unidentified flying objects observed in the Waco, Texas area.
Ozanne had identified himself as a Captain in the United States
Air Force. Ozanne was described as having on an Air Force
uniform with a chaplain's badge on the uniform. Ozanne also
had in his possession at the time a folder marked Top Secret
which contained pictures of various military installations.
No specific information concerning these photos could be

provided by Sergeant Stigliano.

Sergeant Stigliano stated that when Ozanne was
informed that they could provide no information to him he
left his card which contained his name and the following
information:

Address: 3911 Bowser, Apartment 209,
per Dallas, Texas
Phone: 526-5908

Sergeant Stigliano advised that the individual did
not act in any strange manner, and did not attempt to obtain
anything other than information from the newspaper. Sergeant
Stigliano advised that this information was being furnished
to the proper authorities only for information purposes as
they do not suspect any unlawful activity.

«

This document contains neither recommendations nor
conclusions of the FBI. It is the property of the FBI and
is loaned to your agency; it and its contents are not to be
distributed outside your agency.",1745,94.3,true,"confidence 94.3/100, extraction likely reliable",psm=3 lang=eng
65_hs1-834228961_62-hq-83894_section_10,164,page_0164.png,mixed_annotation,tesseract-5.5.2,"j

October 25, 1973

REC. 25 G

Sn |

130 East Francis Avenue
La Habra, California 90631

Dear Mr. Fraide:
In reply to your letter received on
the investigation of Unidentified Flying Objects is not and
never has been a matter that is within the investigative
jurisdiction of the FBI. Therefore, I cannot comment as you
suggested. I regret that I am unable to be of assistance in
this instance.
Sincerely yours,
C. Mx Kelley
Clarence M. Kelley
Director
NOTE: Correspondent is not identifiable in

jkb:cmc (3)

Assoc. Dir. ____

Asst. Dir.:
Admin. —
Comp. Syst.

Ext. Affoirs —_
Files & Com.

Gen. Inv. —_
Ident.
Inspection

Intell. —

Laboratory —__

Plan. & Evol.

Spec. Inv. —

Training =

Director Sec'y

Legal Coun. 0) \ Xft h
MAIL ROOM ELETYPE UNITC) ~~",758,83.2,true,"confidence 83.2/100, extraction likely reliable",psm=3 lang=eng
65_hs1-834228961_62-hq-83894_section_10,165,page_0165.png,mixed_annotation,tesseract-5.5.2,,0,95.0,true,"confidence 95.0/100, extraction likely reliable","psm=3 lang=eng; very short extraction (0 chars), possible blank or image-only page"
65_hs1-834228961_62-hq-83894_section_10,166,page_0166.png,mixed_annotation,tesseract-5.5.2,"ON FRAIDE
IBo £. FRANCI SAM
LA HABBA, CALI FORNY
THUES

BDAY, OC CTORER 18, /9 73)

4A Jab he Ne mle
eA Se

wee

=I EY 2 a> Wr aS LEN = RY ES har Rd met Sa es Us THESE

Cy Se Scr Wee ss EN Tee Ses
Oe .-FA) sev,THerese
KCUMERoOUS Si GHTInes
ee oe ey a
ke Pat eo

2 OO ae ae ce a

ALPE
Teve

HANE BEEN
Ry eHT Heese

CALIFORNIA

SERPS
RBREINGs oF

ES or. ef Fry
RTOVING MATHINES?
ESE SIGHTINGS
STATES

2 ote: = 2)
oe Se Sa oma Pm COIS OS SS Ge
FROM THe ATLANDG
TOTHE Ba cific
CN Tee etl ee RPE Cm eee
Be RPerotetTtep to FPReSbent AL
MAYBE Be —ENowS ast y THEY ARE
SCARING GEEeTrAIN Seo: Intute
Seo tre 6 pe eT SS ert es aS

GS Peek. eR ea See Oe oe ee

SfrGeHetTnes 1 GHT pat OL Ly alia als
CO EE ae ee ET REGS - © Rea Bil ©
GSN tS SARS fee oie = Y og

CIN Fae =)
SEIN ED OS COAST AN

N,

#2 octT-30.1973
VOUSRS SUBLE came tence |
ec ores | \\

cman",846,35.4,true,"low confidence (35.4/100), may contain noise or degraded scan",psm=3 lang=eng
65_hs1-834228961_62-hq-83894_section_10,167,page_0167.png,mixed_annotation,tesseract-5.5.2,"April 15, 1974
1 - Mr. Mintz

Apartment 2

(ae Wo 2 noe 21 Serue | a fl
3

xt. Affairs

tiles & Com.

Inspection —

Intell. _

Loboratory __
Plon. & Eval.

2904 South 13th Road
Arlington, Virginia 22204

Dear Mr. Bryant:

~I~

Your letter was received on April 3rd.

7

4

In response to your request for information from
FBI files regarding your activities in the unidentified
flying objects research field, please be advised that we
have no such information in our files except copies of prior
correspondence with you and a record of your September. 17,
1963, interview. Therefore, we have no documents to send
to you and cannot further comply with your request.

AM Ef ops S,
PY Tikts tw

ZZ.

Sincerely yours,

CUFT

&, M. Kelley,

Clarence M. Kelley
Director

C2 ae a,

Norfolk - Enclosure

Attention: Special Agent Steve Boyle.

Bufile 62- 115530 (FOI-REPLIES
NOTE: Bufiles reflect prior correspondence with Bryant regard-
ing UFO's of which copies have been made and are being furnished
to him. Data pertaining to the interview is contained in
an incoming airtel from Norfolk dated 9/24/63. SA Steve Boyle
of the Norfolk Office was contacted and apparently the interview
of Bryant in 1963 was initiated because of voluminous correspon-
dence which Bryant had sent to Federal and military as well as
law enforcement agencies.

Ae zeme (5) MAILED 20

APR1 51974

FB}

yl

Atite?

STA TELETYPE UNIT [__]",1407,85.4,true,"confidence 85.4/100, extraction likely reliable",psm=3 lang=eng
65_hs1-834228961_62-hq-83894_section_10,168,page_0168.png,mixed_annotation,tesseract-5.5.2,"bled e” | SI Bet

QaAisvaa",26,39.1,true,"low confidence (39.1/100), may contain noise or degraded scan","psm=3 lang=eng; very short extraction (26 chars), possible blank or image-only page"
65_hs1-834228961_62-hq-83894_section_10,169,page_0169.png,mixed_annotation,tesseract-5.5.2,"2904 South 13th Road - Apt 2
Arlington, Virginia 22204
March 31, 1974

Director
Federal Bureau of Investigation
Washington, D. C.

o

On September 17, 1963, Mr. John S. Castles, an FBI agent of the Newport

Dear Sir:

News, Va. contingent, visited me at my place of employment (Ft. Eustis, Va.)
to interview me as to my interest in the subject of unidentified flying
objects (UFO's). I understand that Mr. Castles prepared a formal report of
that interview.
Since President Nixon recently has expressed his intention to assure that
the privacy and civil liberties of individual citizens receive the protection
they deserve under our form of government, it is in the spirit of that assurance
that I respectfully request that you send me a copy of Mr. Castles' report along
with a copy of all other documents in your files pertaining to my activities in
the UFO-research field. age-10 a - v2 gf }
EX-1]] Yours sincerely, a

)

Larry W. Bryant

Copy furnished to: Director, Washington, D. C. Office, American Civil Liberties Unien",1027,91.4,true,"confidence 91.4/100, extraction likely reliable",psm=3 lang=eng
65_hs1-834228961_62-hq-83894_section_10,170,page_0170.png,typed_text,tesseract-5.5.2,,0,95.0,true,"confidence 95.0/100, extraction likely reliable","psm=3 lang=eng; very short extraction (0 chars), possible blank or image-only page"
65_hs1-834228961_62-hq-83894_section_10,171,page_0171.png,typed_text,tesseract-5.5.2,"4:22 (Rev. 6-26-73)
; Federal Bureau of Investigation

(__] Name Searching Unit - Room 6527
L___} Service Unit - Room 652
__| Forward to File Review
[Er Attention =

nto_ W207 __

Superv

= gular Request (Analytical Search)
L___]All References (Subversive & Nonsubversive)
[__]Subversive References Only
L__JNonsubversive References Only

Cea Moinse References Only

Type of ‘Segrch Requested: we
L + Restricted to Locality of A

Exact Name Only (On th

Buildup 5 Variations

Shblect..
Birthdate & Place
Address —___

Tecais lities Cekisslon

Ré",545,76.8,false,"confidence 76.8/100, extraction likely reliable",psm=3 lang=eng
65_hs1-834228961_62-hq-83894_section_10,172,page_0172.png,mixed_annotation,tesseract-5.5.2,"FROM

SUBJECT:

OPTIONAL FORM NO. 10 5010-106
MAY 1962 EDITION
GSA GEN. REG. NO. 27

UNITED STATES GOVERNMENT Assoc. Dir. —___

Dep. AD Adm. _

Memorandum 1 - Mr. W. R. Wannall Dar AD In —

Admin. =

Coup, Sysigl

Ext. Affoirs Z&

‘Mr. W. R. Wannall i DATE: 8/22/74 Files & Com.

Gen. Inv.

Ident.
'T, J. Smith Oe SN aca
We

Plone Eval.
Spec. Inv.

MILITARY INQUIRY REGARDIN IDENTIFIED Training
OBJECT THAT FELL FROM S MILWAUKEE, ts ay

WISCONSIN 8/21/74; é DirBétor Secty
INFORMATION CONCERNING “i

/ es
oe \
Aether -—~y
At 12:07 a.m., 8/22/74, Security Patrol Clerk (SPC)
Charles F. Halty, Intelligence Division received a call via
Command Center telephone from a Major Horn, NMCC (National
Military Command Center). Major Horn asked for any informa-
tion the FBI might have concerning a report that an unidentifie
object which fell from the sky at Milwaukee, Wisconsin, had

been recovered by local police and turned over to the Milwau
Office of the FBI.

No information available at Intelligence Divisio
Night Duty Supervisor Harry E. Morris, Jr., called SPC
Koller, Milwaukee Office, who advised an unidentified objec
had been recovered by Milwaukee police at about 5:55 p.m.,
8/21/74, but that it was still in possession of police. He
said a Captain Wills of the Milwaukee Police Department had
called the Milwaukee FBI Office to report the recovery. Very
little was known about the object which was described as about
13 x 8 x 5 inches, metallic in substance and color, jagged on
one side and had an “internal heat source."" Police notified
military locally.

Above information was relayed to Major Horn with
suggestion hemight like to contact Captain Wills, Milwaukee
Police Department.

7
This matter received United Press Internatio L/
Coverage on morning of 8/22/74, c

ACTION: REC- 10)

For information, riffl_ ie / Re 5
‘ / KY

4

HEM; ldf
(2)

A er j J
70 AUG 2.9 19/4. > Sy?",1888,84.6,true,"confidence 84.6/100, extraction likely reliable",psm=3 lang=eng
65_hs1-834228961_62-hq-83894_section_10,173,page_0173.png,mixed_annotation,tesseract-5.5.2,"os
c
-
wm
=
tu
=
rr
Pad
=
oa

io
~
«
x
a.
oa
2
irs)
an
~
=

NOISIAIO AMOLYYOS¥T

Lo HY 22.0

Ald GOR
SLN} O3AI",110,48.6,true,"medium confidence (48.6/100), review recommended for mixed pages",psm=3 lang=eng
65_hs1-834228961_62-hq-83894_section_10,174,page_0174.png,mixed_annotation,tesseract-5.5.2,"s DEPARTMENT OF THE AIR FOR
WASHINGTON, D.C. 20330

ee

""Spice OF THE SECRETARY

Dear Mr. Malmfeldt:

This office recently received a public inquiry regarding
UFOs, referred to us from the ps eau. As the inclosed fact
sheet indicates, the Ai Project Blue Book"" investi-
gation of UFOs was terminated on cember 17, 1969, and all
related documentation was turned o to the National Archives
and Records Service. .

The inquirer referred to us has been apprised of these
events. Hopefully, the inclosed fact sheet will be of help
in responding to any future inquiries on this subject.

Sincerely,

H. A. McCLANAHAN, Lt Col, USAF
Chief, Civil Branch

Community Relations Division
Office of Information

Attachment

Federal Bureau of Investigation
Attention: Mr. Malmfeldt, Room 7825
Washington, D. C. 20535

REC-26,

776-491",819,90.7,true,"confidence 90.7/100, extraction likely reliable",psm=3 lang=eng
65_hs1-834228961_62-hq-83894_section_10,175,page_0175.png,mixed_annotation,tesseract-5.5.2,"LIB Hd &t 2. GZ NE

SUNOL @ SEU"" Ui

wigiwdss 1 LI

a",53,37.0,true,"low confidence (37.0/100), may contain noise or degraded scan",psm=3 lang=eng
65_hs1-834228961_62-hq-83894_section_10,176,page_0176.png,typed_text,tesseract-5.5.2,"“
a.

There are a number of universities and professional
scientific organizations such as the American Association for
the Advancement of Science, which have considered UFO
phenomena during periodic meetings and seminars. In addition,
a list of private organizations interested in aerial phenomena
may be found in Gale's Encyclopedia of Associations (Edition 8,
Vol I, pp. 432-3). Such timely review of the situation by
private groups insures that sound evidence will not be over-
looked by the scientific community.

2 Atchs
1. Sighting Summary
2. UFO-related Materials",571,93.5,false,"confidence 93.5/100, extraction likely reliable",psm=3 lang=eng
65_hs1-834228961_62-hq-83894_section_10,177,page_0177.png,mixed_annotation,tesseract-5.5.2,"a.

UFO FACT SHEET

On December 17, 1969 the Secretary of the Air Force
announced the termination of Project Blue Book, the Air Force
program for the investigation of UFOs.

The decision to discontinue UFO investigations was based
on an evaluation of a report prepared by the University of
Colorado entitled, ""Scientific Study of Unidentified Flying
Objects;"" a review of the University of Colorado's report by
the National Academy of Sciences; past UFO studies; and Air
Force experience investigating UFO reports during the past
two decades.

As a result of these investigations and studies, and
experience gained from investigating UFO reports since 1948,
the conclusions of Project Blue Book are: (1) no UFO reported,
investigated, and evaluated by the Air Force has ever given
any indication of threat to our national security; (2) there
has been no evidence submitted to or discovered by the Air
Force that sightings categorized as ""unidentified"" represent
technological developments or principles beyond the range of
present day scientific knowledge; and (3) there has been no
evidence indicating that sightings categorized as ""unidentified""
are extraterrestrial vehicles.

With the termination of Project Blue Book, the Air Force
regulation establishing and controlling the program for invest-
igating and analyzing UFOs was rescinded. All documentation
regarding the former Blue Book investigation has been per-
manently transferred to the Modern Military Branch, National
Archives and Records Service, 8th and Pennsylvania Avenue,
Washington, D.C. 20408, and is available for public review
and analysis.

Attached for your information is the Project Blue Book
sighting summary for the period 1947-1969. Also included is
a listing of UFO-related materials currently available.

Since the termination of Project Blue Book, no evidence
has been presented to indicate that further investigation of
UFOs by the Air Force is warranted. In view of the consider-
able Air Force commitment of resourc…[truncated]",2154,94.9,true,"confidence 94.9/100, extraction likely reliable",psm=3 lang=eng
65_hs1-834228961_62-hq-83894_section_10,178,page_0178.png,typed_text,tesseract-5.5.2,"é:

TOTAL UFO SIGHTINGS, 1947 - 1969

TOTAL SIGHTINGS UNIDENTIFIED

122 12
156 7
186 22
210 27
169 22
1,501 303
509 42
487 46
545 24
670 14
1,006 14
627 10
390 LZ
557 14
BOLE i 13
474 £5
399 14
562 19
887 16
1,112 32
937 19
375 3
146 1

12,618",243,89.7,false,"confidence 89.7/100, extraction likely reliable",psm=3 lang=eng
65_hs1-834228961_62-hq-83894_section_10,179,page_0179.png,mixed_annotation,tesseract-5.5.2,"‘a b

UFO MATERIALS

Scientific Study of Unidentified Flying Objects. Study
conducted by the University of Colorado Under contract
F44620-76-C-0035. Three volumes, 1,465 p. 68 plates.
Photoduplicated hard copies of the official report may
be ordered for $6 per volume, $18 the set of three,

as AD 680:975, AD 680:976, and AD 680:977, from the
National Technical Information Service, U.S. Department
of Commerce, Springfield, VA 22151.

Review of University of Colorado Report on Unidentified
Flying Ob pects. Review of report by a panel of the National
Academy of Sciences... National Academy of Sciences,

1969, 6p. Photoduplicated hard copies may be ordered for

$3 as AD 688:541 from the National Technical Information
Service, U.S. Department of Commerce, Springfield, VA 22151.",783,93.1,true,"confidence 93.1/100, extraction likely reliable",psm=3 lang=eng
65_hs1-834228961_62-hq-83894_section_10,181,page_0181.png,mixed_annotation,tesseract-5.5.2,,0,95.0,true,"confidence 95.0/100, extraction likely reliable","psm=3 lang=eng; very short extraction (0 chars), possible blank or image-only page"
65_hs1-834228961_62-hq-83894_section_10,182,page_0182.png,mixed_annotation,tesseract-5.5.2,"FEDERAL GOVERNMENT

Morvidir tF tak

1 - Mr. Cochran

June 15, 1977

bytes

Mr. Stanley Schneider

Assistant to the Director

Office of Science and Technology Policy
Executive Office of the President
Washington, D. C. 20500

Dear Mr. Schneider:

Pursuant to our conversation today, there is
enclosed a copy of the FBI Law Enforcement Bulletin
for the month of February, 1975. Beginning on page
16 there is an article covering the handling of UFO
sightings which may be of interest to you in connection
with your current inquiry.

If there is any way we may be of additional
service to you, please do not hesitate to let me
know.

he

Sincerely yours,

sy 7
eq F509 /-

Cie eee eee

MAILED 3

SS 2-0 AG 'S

JUN 15 1977
en Jay Coc
Assistant Director FBI

Technical Services Division

149 197
JUN 17

Assoc. Dir, —__
Dep. AD Adm. —
Dep. AD Inv.

Asst. Dir:

Adm. Serv.

Enclosure re

NOTE: Schneider originally called 6/14/77, see memo that date
captioned White House Inquiry re UFO as to Bureau procedures
for handling information received re UFO. He was advised in
absence of jurisdiction no inquiries are conducted and information
furnished to U. S. Air Force.

Crim. Inv. =.
Fin, & Pers,
Ident.
Intell.

Legal Coun.
Plan. & Inspe———
Rec. Mgnt__—_———

Seas. Inv —_—_———

Adm. Serv.
Crim. Inv._—
Fin. & Pors.——_
Ident____——
Intell_—_—__—
Laboratory__—_

APPROVED:

Director.

Assoc, Dir______
Dep. AD Adm.____
Dep. AD Inv..

Tech. Servs.____—
Training —
Public Affs. Off

FBI/DOJ

Teleph
Directo

wt RbOM! . AGLETYPE unit (9

aN
Q\",1530,82.6,true,"confidence 82.6/100, extraction likely reliable",psm=3 lang=eng
65_hs1-834228961_62-hq-83894_section_10,183,page_0183.png,mixed_annotation,tesseract-5.5.2,"OPTIONAL FORM NO, 10
JULY 1973 EDITION
GSA FPMR (41 CFR) 101-11.6

UNITED STATES GOV.~

Assoc. Dir.
Dep. AD

Dep. AD In RogA

Asst. Dirt
Adm. Sora
Crim, Inv,

Fin. & Pers, __

MENT
‘/ Memorandum

MR. MC DERMOTT

Le
ws codunat, JR.
: Spec. Inv, ___

/ Tech. Servs, =

DATE: 6/14/77

Legal Coun. —_

viv Plon. & Insp. —

Rec. Mgnt.

~ VJ
Pes Training
""WHITE HOUSE INQUIRY RE >

SUBJECT: Public Affs, Off,
_PUNIDENTIFIED FLYING OBJECTS (UFO)

‘clephone Rm. — \
Directors Sec’y —

Schneider of the Office of Science and
Technology, White House, telephonically contacted me today to
inquire as to the Bureau's procedure for handling information
received from the public or otherwise, relating to sightings

of UFOs. He advised that Jody Powell of the President's staff
has raised the question as to whether or not there is any
coordination within the Executive Branch relating to information
concerning this subject. He stated that the U.S. Air Force had
closed their investigation of these matters several years ago
and currently does nothing but refer such information to
appropriate local authorities.

Stanley

Bs

, I advised him that as far as the FBI is concerned
there appears to be no conceivable jurisdiction for us to congac t
fe}

any inquiries upon receipt of information relating to a UF

sighting and, in the absence of some investigative jurisdiction

based upon the information furnished, that information would be

referred to the Department of the Air Force without any action
hybeing taken by the Bureau.

He thanked me for the information and stated that if
any further contact was necessary he would call back. 4

og use

None.

ACTION: fo,

DE-59

For information.

1 - Mr. Adams

1 - Each Assistant Director

1 - Mr. Boynton

5010-110

wa

APPROVED:

Direct awe
‘A: i ae eS
» AD Ad

Dep. AD Inv.

Sw
Adm. Serv.
Brim, Inv,___ ~
Fin. & Pers,
Idaat.
Intell,
Laboratory_

Buy U.S. Savings Bonds Regularly on the Payroll Savings Plan

Legal Coun.____
Plan, & Insp._—___

ote Met
Te 1 ee…[truncated]",2040,82.4,true,"confidence 82.4/100, extraction likely reliable",psm=3 lang=eng
65_hs1-834228961_62-hq-83894_section_10,184,page_0184.png,mixed_annotation,tesseract-5.5.2,"}

Pe
Yr
o
r=)
ma
>
=
°
DO
~<

TA

NOISIAIG

HILSNe 30 ""1d3d ""sn
LLHd te » 9 OP

310999), 2ALLV ILS ANT
Ld, Nd 60 b Sey iiniY

9
tu] O3A1393u
y 024
of Ve
j +

/
Lip 21 WE",170,37.5,true,"low confidence (37.5/100), may contain noise or degraded scan",psm=3 lang=eng
